{
    "file_id": {
        "serial_number": 3887689694,
        "time_created": 805711198,
        "manufacturer": 1,
        "product": 1124,
        "type": 4
    },
    "file_creator": {
        "software_version": 270
    },
    "undefined": {},
    "device_info": {
        "timestamp": 805711198,
        "device_index": 1,
        "device_type": 120
    },
    "activity": {
        "timestamp": "2015-07-13T13:54:25.000Z",
        "total_timer_time": 7144.31,
        "num_sessions": 1,
        "event": 26,
        "event_type": 1
    },
    "records": [
        {
            "timestamp": "2015-07-13T08:39:58.000Z",
            "speed": 0.79,
            "heart_rate": 115
        },
        {
            "timestamp": "2015-07-13T08:39:59.000Z",
            "speed": 0.79,
            "heart_rate": 114
        },
        {
            "timestamp": "2015-07-13T08:40:08.000Z",
            "speed": 0.79,
            "heart_rate": 119
        },
        {
            "timestamp": "2015-07-13T08:40:25.000Z",
            "speed": 0.79,
            "heart_rate": 124
        },
        {
            "timestamp": "2015-07-13T08:40:44.000Z",
            "speed": 0.79,
            "heart_rate": 129
        },
        {
            "timestamp": "2015-07-13T08:40:53.000Z",
            "speed": 0.79,
            "heart_rate": 134
        },
        {
            "timestamp": "2015-07-13T08:41:03.000Z",
            "speed": 0.79,
            "heart_rate": 139
        },
        {
            "timestamp": "2015-07-13T08:41:11.000Z",
            "speed": 0.79,
            "heart_rate": 134
        },
        {
            "timestamp": "2015-07-13T08:41:39.000Z",
            "speed": 0.79,
            "heart_rate": 139
        },
        {
            "timestamp": "2015-07-13T08:41:47.000Z",
            "speed": 0.79,
            "heart_rate": 144
        },
        {
            "timestamp": "2015-07-13T08:41:54.000Z",
            "speed": 0.79,
            "heart_rate": 138
        },
        {
            "timestamp": "2015-07-13T08:42:11.000Z",
            "speed": 0.79,
            "heart_rate": 143
        },
        {
            "timestamp": "2015-07-13T08:42:39.000Z",
            "speed": 0.79,
            "heart_rate": 148
        },
        {
            "timestamp": "2015-07-13T08:42:48.000Z",
            "speed": 0.79,
            "heart_rate": 153
        },
        {
            "timestamp": "2015-07-13T08:43:16.000Z",
            "speed": 0.79,
            "heart_rate": 148
        },
        {
            "timestamp": "2015-07-13T08:43:32.000Z",
            "speed": 0.79,
            "heart_rate": 143
        },
        {
            "timestamp": "2015-07-13T08:43:37.000Z",
            "speed": 0.79,
            "heart_rate": 138
        },
        {
            "timestamp": "2015-07-13T08:43:44.000Z",
            "speed": 0.79,
            "heart_rate": 133
        },
        {
            "timestamp": "2015-07-13T08:43:58.000Z",
            "speed": 0.79,
            "heart_rate": 138
        },
        {
            "timestamp": "2015-07-13T08:44:14.000Z",
            "speed": 0.79,
            "heart_rate": 143
        },
        {
            "timestamp": "2015-07-13T08:44:21.000Z",
            "speed": 0.79,
            "heart_rate": 138
        },
        {
            "timestamp": "2015-07-13T08:44:38.000Z",
            "speed": 0.79,
            "heart_rate": 143
        },
        {
            "timestamp": "2015-07-13T08:44:54.000Z",
            "speed": 0.79,
            "heart_rate": 138
        },
        {
            "timestamp": "2015-07-13T08:45:04.000Z",
            "speed": 0.79,
            "heart_rate": 132
        },
        {
            "timestamp": "2015-07-13T08:45:23.000Z",
            "speed": 0.79,
            "heart_rate": 142
        },
        {
            "timestamp": "2015-07-13T08:45:24.000Z",
            "speed": 0.79,
            "heart_rate": 142
        },
        {
            "timestamp": "2015-07-13T08:45:27.000Z",
            "speed": 0.79,
            "heart_rate": 137
        },
        {
            "timestamp": "2015-07-13T08:45:31.000Z",
            "speed": 0.79,
            "heart_rate": 132
        },
        {
            "timestamp": "2015-07-13T08:45:35.000Z",
            "speed": 0.79,
            "heart_rate": 125
        },
        {
            "timestamp": "2015-07-13T08:45:38.000Z",
            "speed": 0.79,
            "heart_rate": 120
        },
        {
            "timestamp": "2015-07-13T08:46:07.000Z",
            "speed": 0.79,
            "heart_rate": 125
        },
        {
            "timestamp": "2015-07-13T08:46:12.000Z",
            "speed": 0.79,
            "heart_rate": 130
        },
        {
            "timestamp": "2015-07-13T08:46:16.000Z",
            "speed": 0.79,
            "heart_rate": 135
        },
        {
            "timestamp": "2015-07-13T08:46:20.000Z",
            "speed": 0.79,
            "heart_rate": 140
        },
        {
            "timestamp": "2015-07-13T08:46:41.000Z",
            "speed": 0.79,
            "heart_rate": 145
        },
        {
            "timestamp": "2015-07-13T08:46:48.000Z",
            "speed": 0.79,
            "heart_rate": 150
        },
        {
            "timestamp": "2015-07-13T08:46:53.000Z",
            "speed": 0.79,
            "heart_rate": 155
        },
        {
            "timestamp": "2015-07-13T08:47:00.000Z",
            "speed": 0.79,
            "heart_rate": 160
        },
        {
            "timestamp": "2015-07-13T08:47:12.000Z",
            "speed": 0.79,
            "heart_rate": 155
        },
        {
            "timestamp": "2015-07-13T08:47:48.000Z",
            "speed": 0.79,
            "heart_rate": 149
        },
        {
            "timestamp": "2015-07-13T08:47:59.000Z",
            "speed": 0.79,
            "heart_rate": 144
        },
        {
            "timestamp": "2015-07-13T08:48:12.000Z",
            "speed": 0.79,
            "heart_rate": 139
        },
        {
            "timestamp": "2015-07-13T08:48:31.000Z",
            "speed": 0.79,
            "heart_rate": 144
        },
        {
            "timestamp": "2015-07-13T08:48:41.000Z",
            "speed": 0.79,
            "heart_rate": 149
        },
        {
            "timestamp": "2015-07-13T08:48:48.000Z",
            "speed": 0.79,
            "heart_rate": 154
        },
        {
            "timestamp": "2015-07-13T08:49:15.000Z",
            "speed": 0.79,
            "heart_rate": 149
        },
        {
            "timestamp": "2015-07-13T08:49:21.000Z",
            "speed": 0.79,
            "heart_rate": 144
        },
        {
            "timestamp": "2015-07-13T08:50:32.000Z",
            "speed": 0.79,
            "heart_rate": 139
        },
        {
            "timestamp": "2015-07-13T08:50:40.000Z",
            "speed": 0.79,
            "heart_rate": 134
        },
        {
            "timestamp": "2015-07-13T08:50:53.000Z",
            "speed": 0.79,
            "heart_rate": 129
        },
        {
            "timestamp": "2015-07-13T08:51:02.000Z",
            "speed": 0.79,
            "heart_rate": 123
        },
        {
            "timestamp": "2015-07-13T08:51:31.000Z",
            "speed": 0.79,
            "heart_rate": 128
        },
        {
            "timestamp": "2015-07-13T08:51:41.000Z",
            "speed": 0.79,
            "heart_rate": 133
        },
        {
            "timestamp": "2015-07-13T08:51:56.000Z",
            "speed": 0.79,
            "heart_rate": 138
        },
        {
            "timestamp": "2015-07-13T08:52:00.000Z",
            "speed": 0.79,
            "heart_rate": 145
        },
        {
            "timestamp": "2015-07-13T08:52:02.000Z",
            "speed": 0.79,
            "heart_rate": 150
        },
        {
            "timestamp": "2015-07-13T08:52:04.000Z",
            "speed": 0.79,
            "heart_rate": 155
        },
        {
            "timestamp": "2015-07-13T08:52:06.000Z",
            "speed": 0.79,
            "heart_rate": 161
        },
        {
            "timestamp": "2015-07-13T08:52:10.000Z",
            "speed": 0.79,
            "heart_rate": 168
        },
        {
            "timestamp": "2015-07-13T08:52:15.000Z",
            "speed": 0.79,
            "heart_rate": 173
        },
        {
            "timestamp": "2015-07-13T08:52:27.000Z",
            "speed": 0.79,
            "heart_rate": 168
        },
        {
            "timestamp": "2015-07-13T08:52:36.000Z",
            "speed": 0.79,
            "heart_rate": 163
        },
        {
            "timestamp": "2015-07-13T08:52:41.000Z",
            "speed": 0.79,
            "heart_rate": 158
        },
        {
            "timestamp": "2015-07-13T08:53:26.000Z",
            "speed": 0.79,
            "heart_rate": 153
        },
        {
            "timestamp": "2015-07-13T08:53:36.000Z",
            "speed": 0.79,
            "heart_rate": 148
        },
        {
            "timestamp": "2015-07-13T08:53:44.000Z",
            "speed": 0.79,
            "heart_rate": 143
        },
        {
            "timestamp": "2015-07-13T08:53:47.000Z",
            "speed": 0.79,
            "heart_rate": 137
        },
        {
            "timestamp": "2015-07-13T08:54:07.000Z",
            "speed": 0.79,
            "heart_rate": 142
        },
        {
            "timestamp": "2015-07-13T08:54:17.000Z",
            "speed": 0.79,
            "heart_rate": 147
        },
        {
            "timestamp": "2015-07-13T08:54:25.000Z",
            "speed": 0.79,
            "heart_rate": 152
        },
        {
            "timestamp": "2015-07-13T08:54:31.000Z",
            "speed": 0.79,
            "heart_rate": 157
        },
        {
            "timestamp": "2015-07-13T08:54:38.000Z",
            "speed": 0.79,
            "heart_rate": 162
        },
        {
            "timestamp": "2015-07-13T08:54:56.000Z",
            "speed": 0.79,
            "heart_rate": 157
        },
        {
            "timestamp": "2015-07-13T08:55:04.000Z",
            "speed": 0.79,
            "heart_rate": 152
        },
        {
            "timestamp": "2015-07-13T08:55:07.000Z",
            "speed": 0.79,
            "heart_rate": 147
        },
        {
            "timestamp": "2015-07-13T08:55:14.000Z",
            "speed": 0.79,
            "heart_rate": 142
        },
        {
            "timestamp": "2015-07-13T08:55:29.000Z",
            "speed": 0.79,
            "heart_rate": 147
        },
        {
            "timestamp": "2015-07-13T08:55:55.000Z",
            "speed": 0.79,
            "heart_rate": 152
        },
        {
            "timestamp": "2015-07-13T08:56:01.000Z",
            "speed": 0.79,
            "heart_rate": 147
        },
        {
            "timestamp": "2015-07-13T08:56:14.000Z",
            "speed": 0.79,
            "heart_rate": 142
        },
        {
            "timestamp": "2015-07-13T08:57:06.000Z",
            "speed": 0.79,
            "heart_rate": 147
        },
        {
            "timestamp": "2015-07-13T08:57:20.000Z",
            "speed": 0.79,
            "heart_rate": 152
        },
        {
            "timestamp": "2015-07-13T08:57:26.000Z",
            "speed": 0.79,
            "heart_rate": 157
        },
        {
            "timestamp": "2015-07-13T08:57:31.000Z",
            "speed": 0.79,
            "heart_rate": 163
        },
        {
            "timestamp": "2015-07-13T08:58:15.000Z",
            "speed": 0.79,
            "heart_rate": 158
        },
        {
            "timestamp": "2015-07-13T08:58:23.000Z",
            "speed": 0.79,
            "heart_rate": 153
        },
        {
            "timestamp": "2015-07-13T08:59:02.000Z",
            "speed": 0.79,
            "heart_rate": 148
        },
        {
            "timestamp": "2015-07-13T08:59:07.000Z",
            "speed": 0.79,
            "heart_rate": 143
        },
        {
            "timestamp": "2015-07-13T08:59:17.000Z",
            "speed": 0.79,
            "heart_rate": 138
        },
        {
            "timestamp": "2015-07-13T08:59:26.000Z",
            "speed": 0.79,
            "heart_rate": 143
        },
        {
            "timestamp": "2015-07-13T08:59:32.000Z",
            "speed": 0.79,
            "heart_rate": 148
        },
        {
            "timestamp": "2015-07-13T08:59:38.000Z",
            "speed": 0.79,
            "heart_rate": 153
        },
        {
            "timestamp": "2015-07-13T08:59:42.000Z",
            "speed": 0.79,
            "heart_rate": 158
        },
        {
            "timestamp": "2015-07-13T08:59:46.000Z",
            "speed": 0.79,
            "heart_rate": 163
        },
        {
            "timestamp": "2015-07-13T08:59:55.000Z",
            "speed": 0.79,
            "heart_rate": 168
        },
        {
            "timestamp": "2015-07-13T09:00:08.000Z",
            "speed": 0.79,
            "heart_rate": 163
        },
        {
            "timestamp": "2015-07-13T09:00:23.000Z",
            "speed": 0.79,
            "heart_rate": 158
        },
        {
            "timestamp": "2015-07-13T09:00:33.000Z",
            "speed": 0.79,
            "heart_rate": 153
        },
        {
            "timestamp": "2015-07-13T09:00:46.000Z",
            "speed": 0.79,
            "heart_rate": 158
        },
        {
            "timestamp": "2015-07-13T09:00:52.000Z",
            "speed": 0.79,
            "heart_rate": 163
        },
        {
            "timestamp": "2015-07-13T09:01:06.000Z",
            "speed": 0.79,
            "heart_rate": 158
        },
        {
            "timestamp": "2015-07-13T09:01:38.000Z",
            "speed": 0.79,
            "heart_rate": 153
        },
        {
            "timestamp": "2015-07-13T09:02:23.000Z",
            "speed": 0.79,
            "heart_rate": 159
        },
        {
            "timestamp": "2015-07-13T09:02:28.000Z",
            "speed": 0.79,
            "heart_rate": 164
        },
        {
            "timestamp": "2015-07-13T09:02:33.000Z",
            "speed": 0.79,
            "heart_rate": 169
        },
        {
            "timestamp": "2015-07-13T09:03:19.000Z",
            "speed": 0.79,
            "heart_rate": 174
        },
        {
            "timestamp": "2015-07-13T09:03:31.000Z",
            "speed": 0.79,
            "heart_rate": 168
        },
        {
            "timestamp": "2015-07-13T09:04:21.000Z",
            "speed": 0.79,
            "heart_rate": 163
        },
        {
            "timestamp": "2015-07-13T09:04:51.000Z",
            "speed": 0.79,
            "heart_rate": 168
        },
        {
            "timestamp": "2015-07-13T09:05:01.000Z",
            "speed": 0.79,
            "heart_rate": 173
        },
        {
            "timestamp": "2015-07-13T09:05:21.000Z",
            "speed": 0.79,
            "heart_rate": 168
        },
        {
            "timestamp": "2015-07-13T09:05:34.000Z",
            "speed": 0.79,
            "heart_rate": 162
        },
        {
            "timestamp": "2015-07-13T09:05:37.000Z",
            "speed": 0.79,
            "heart_rate": 157
        },
        {
            "timestamp": "2015-07-13T09:05:42.000Z",
            "speed": 0.79,
            "heart_rate": 152
        },
        {
            "timestamp": "2015-07-13T09:05:47.000Z",
            "speed": 0.79,
            "heart_rate": 157
        },
        {
            "timestamp": "2015-07-13T09:06:26.000Z",
            "speed": 0.79,
            "heart_rate": 152
        },
        {
            "timestamp": "2015-07-13T09:06:42.000Z",
            "speed": 0.79,
            "heart_rate": 147
        },
        {
            "timestamp": "2015-07-13T09:06:51.000Z",
            "speed": 0.79,
            "heart_rate": 142
        },
        {
            "timestamp": "2015-07-13T09:06:54.000Z",
            "speed": 0.79,
            "heart_rate": 137
        },
        {
            "timestamp": "2015-07-13T09:07:26.000Z",
            "speed": 0.79,
            "heart_rate": 132
        },
        {
            "timestamp": "2015-07-13T09:07:30.000Z",
            "speed": 0.79,
            "heart_rate": 127
        },
        {
            "timestamp": "2015-07-13T09:08:12.000Z",
            "speed": 0.79,
            "heart_rate": 122
        },
        {
            "timestamp": "2015-07-13T09:08:18.000Z",
            "speed": 0.79,
            "heart_rate": 117
        },
        {
            "timestamp": "2015-07-13T09:08:38.000Z",
            "speed": 0.79,
            "heart_rate": 122
        },
        {
            "timestamp": "2015-07-13T09:08:52.000Z",
            "speed": 0.79,
            "heart_rate": 127
        },
        {
            "timestamp": "2015-07-13T09:08:56.000Z",
            "speed": 0.79,
            "heart_rate": 132
        },
        {
            "timestamp": "2015-07-13T09:09:02.000Z",
            "speed": 0.79,
            "heart_rate": 137
        },
        {
            "timestamp": "2015-07-13T09:09:13.000Z",
            "speed": 0.79,
            "heart_rate": 142
        },
        {
            "timestamp": "2015-07-13T09:09:50.000Z",
            "speed": 0.79,
            "heart_rate": 147
        },
        {
            "timestamp": "2015-07-13T09:09:55.000Z",
            "speed": 0.79,
            "heart_rate": 152
        },
        {
            "timestamp": "2015-07-13T09:09:59.000Z",
            "speed": 0.79,
            "heart_rate": 157
        },
        {
            "timestamp": "2015-07-13T09:10:03.000Z",
            "speed": 0.79,
            "heart_rate": 163
        },
        {
            "timestamp": "2015-07-13T09:10:09.000Z",
            "speed": 0.79,
            "heart_rate": 168
        },
        {
            "timestamp": "2015-07-13T09:10:16.000Z",
            "speed": 0.79,
            "heart_rate": 173
        },
        {
            "timestamp": "2015-07-13T09:10:38.000Z",
            "speed": 0.79,
            "heart_rate": 168
        },
        {
            "timestamp": "2015-07-13T09:10:52.000Z",
            "speed": 0.79,
            "heart_rate": 163
        },
        {
            "timestamp": "2015-07-13T09:11:22.000Z",
            "speed": 0.79,
            "heart_rate": 169
        },
        {
            "timestamp": "2015-07-13T09:11:28.000Z",
            "speed": 0.79,
            "heart_rate": 174
        },
        {
            "timestamp": "2015-07-13T09:11:36.000Z",
            "speed": 0.79,
            "heart_rate": 179
        },
        {
            "timestamp": "2015-07-13T09:11:47.000Z",
            "speed": 0.79,
            "heart_rate": 174
        },
        {
            "timestamp": "2015-07-13T09:11:50.000Z",
            "speed": 0.79,
            "heart_rate": 169
        },
        {
            "timestamp": "2015-07-13T09:11:55.000Z",
            "speed": 0.79,
            "heart_rate": 164
        },
        {
            "timestamp": "2015-07-13T09:12:27.000Z",
            "speed": 0.79,
            "heart_rate": 159
        },
        {
            "timestamp": "2015-07-13T09:12:37.000Z",
            "speed": 0.79,
            "heart_rate": 153
        },
        {
            "timestamp": "2015-07-13T09:12:52.000Z",
            "speed": 0.79,
            "heart_rate": 148
        },
        {
            "timestamp": "2015-07-13T09:13:00.000Z",
            "speed": 0.79,
            "heart_rate": 143
        },
        {
            "timestamp": "2015-07-13T09:13:20.000Z",
            "speed": 0.79,
            "heart_rate": 138
        },
        {
            "timestamp": "2015-07-13T09:13:38.000Z",
            "speed": 0.79,
            "heart_rate": 133
        },
        {
            "timestamp": "2015-07-13T09:13:44.000Z",
            "speed": 0.79,
            "heart_rate": 128
        },
        {
            "timestamp": "2015-07-13T09:13:51.000Z",
            "speed": 0.79,
            "heart_rate": 122
        },
        {
            "timestamp": "2015-07-13T09:14:03.000Z",
            "speed": 0.79,
            "heart_rate": 127
        },
        {
            "timestamp": "2015-07-13T09:14:17.000Z",
            "speed": 0.79,
            "heart_rate": 132
        },
        {
            "timestamp": "2015-07-13T09:14:22.000Z",
            "speed": 0.79,
            "heart_rate": 137
        },
        {
            "timestamp": "2015-07-13T09:14:38.000Z",
            "speed": 0.79,
            "heart_rate": 142
        },
        {
            "timestamp": "2015-07-13T09:14:49.000Z",
            "speed": 0.79,
            "heart_rate": 147
        },
        {
            "timestamp": "2015-07-13T09:15:26.000Z",
            "speed": 0.79,
            "heart_rate": 152
        },
        {
            "timestamp": "2015-07-13T09:15:30.000Z",
            "speed": 0.79,
            "heart_rate": 157
        },
        {
            "timestamp": "2015-07-13T09:15:35.000Z",
            "speed": 0.79,
            "heart_rate": 162
        },
        {
            "timestamp": "2015-07-13T09:15:44.000Z",
            "speed": 0.79,
            "heart_rate": 167
        },
        {
            "timestamp": "2015-07-13T09:16:21.000Z",
            "speed": 0.79,
            "heart_rate": 162
        },
        {
            "timestamp": "2015-07-13T09:16:26.000Z",
            "speed": 0.79,
            "heart_rate": 157
        },
        {
            "timestamp": "2015-07-13T09:16:33.000Z",
            "speed": 0.79,
            "heart_rate": 152
        },
        {
            "timestamp": "2015-07-13T09:16:37.000Z",
            "speed": 0.79,
            "heart_rate": 147
        },
        {
            "timestamp": "2015-07-13T09:16:47.000Z",
            "speed": 0.79,
            "heart_rate": 152
        },
        {
            "timestamp": "2015-07-13T09:16:53.000Z",
            "speed": 0.79,
            "heart_rate": 157
        },
        {
            "timestamp": "2015-07-13T09:16:58.000Z",
            "speed": 0.79,
            "heart_rate": 162
        },
        {
            "timestamp": "2015-07-13T09:17:02.000Z",
            "speed": 0.79,
            "heart_rate": 167
        },
        {
            "timestamp": "2015-07-13T09:17:07.000Z",
            "speed": 0.79,
            "heart_rate": 172
        },
        {
            "timestamp": "2015-07-13T09:17:13.000Z",
            "speed": 0.79,
            "heart_rate": 177
        },
        {
            "timestamp": "2015-07-13T09:17:31.000Z",
            "speed": 0.79,
            "heart_rate": 172
        },
        {
            "timestamp": "2015-07-13T09:17:35.000Z",
            "speed": 0.79,
            "heart_rate": 167
        },
        {
            "timestamp": "2015-07-13T09:17:38.000Z",
            "speed": 0.79,
            "heart_rate": 162
        },
        {
            "timestamp": "2015-07-13T09:17:41.000Z",
            "speed": 0.79,
            "heart_rate": 155
        },
        {
            "timestamp": "2015-07-13T09:17:51.000Z",
            "speed": 0.79,
            "heart_rate": 160
        },
        {
            "timestamp": "2015-07-13T09:18:00.000Z",
            "speed": 0.79,
            "heart_rate": 165
        },
        {
            "timestamp": "2015-07-13T09:18:09.000Z",
            "speed": 0.79,
            "heart_rate": 170
        },
        {
            "timestamp": "2015-07-13T09:18:15.000Z",
            "speed": 0.79,
            "heart_rate": 175
        },
        {
            "timestamp": "2015-07-13T09:18:28.000Z",
            "speed": 0.79,
            "heart_rate": 180
        },
        {
            "timestamp": "2015-07-13T09:18:41.000Z",
            "speed": 0.79,
            "heart_rate": 175
        },
        {
            "timestamp": "2015-07-13T09:18:45.000Z",
            "speed": 0.79,
            "heart_rate": 170
        },
        {
            "timestamp": "2015-07-13T09:18:51.000Z",
            "speed": 0.79,
            "heart_rate": 165
        },
        {
            "timestamp": "2015-07-13T09:19:07.000Z",
            "speed": 0.79,
            "heart_rate": 160
        },
        {
            "timestamp": "2015-07-13T09:19:22.000Z",
            "speed": 0.79,
            "heart_rate": 155
        },
        {
            "timestamp": "2015-07-13T09:19:38.000Z",
            "speed": 0.79,
            "heart_rate": 150
        },
        {
            "timestamp": "2015-07-13T09:20:17.000Z",
            "speed": 0.79,
            "heart_rate": 145
        },
        {
            "timestamp": "2015-07-13T09:20:31.000Z",
            "speed": 0.79,
            "heart_rate": 150
        },
        {
            "timestamp": "2015-07-13T09:20:36.000Z",
            "speed": 0.79,
            "heart_rate": 155
        },
        {
            "timestamp": "2015-07-13T09:20:40.000Z",
            "speed": 0.79,
            "heart_rate": 160
        },
        {
            "timestamp": "2015-07-13T09:20:44.000Z",
            "speed": 0.79,
            "heart_rate": 165
        },
        {
            "timestamp": "2015-07-13T09:20:50.000Z",
            "speed": 0.79,
            "heart_rate": 170
        },
        {
            "timestamp": "2015-07-13T09:20:59.000Z",
            "speed": 0.79,
            "heart_rate": 175
        },
        {
            "timestamp": "2015-07-13T09:21:24.000Z",
            "speed": 0.79,
            "heart_rate": 170
        },
        {
            "timestamp": "2015-07-13T09:21:48.000Z",
            "speed": 0.79,
            "heart_rate": 165
        },
        {
            "timestamp": "2015-07-13T09:22:00.000Z",
            "speed": 0.79,
            "heart_rate": 170
        },
        {
            "timestamp": "2015-07-13T09:22:26.000Z",
            "speed": 0.79,
            "heart_rate": 175
        },
        {
            "timestamp": "2015-07-13T09:22:34.000Z",
            "speed": 0.79,
            "heart_rate": 170
        },
        {
            "timestamp": "2015-07-13T09:22:41.000Z",
            "speed": 0.79,
            "heart_rate": 164
        },
        {
            "timestamp": "2015-07-13T09:22:44.000Z",
            "speed": 0.79,
            "heart_rate": 158
        },
        {
            "timestamp": "2015-07-13T09:22:48.000Z",
            "speed": 0.79,
            "heart_rate": 152
        },
        {
            "timestamp": "2015-07-13T09:22:54.000Z",
            "speed": 0.79,
            "heart_rate": 157
        },
        {
            "timestamp": "2015-07-13T09:23:00.000Z",
            "speed": 0.79,
            "heart_rate": 163
        },
        {
            "timestamp": "2015-07-13T09:23:06.000Z",
            "speed": 0.79,
            "heart_rate": 168
        },
        {
            "timestamp": "2015-07-13T09:23:34.000Z",
            "speed": 0.79,
            "heart_rate": 163
        },
        {
            "timestamp": "2015-07-13T09:23:46.000Z",
            "speed": 0.79,
            "heart_rate": 158
        },
        {
            "timestamp": "2015-07-13T09:23:52.000Z",
            "speed": 0.79,
            "heart_rate": 153
        },
        {
            "timestamp": "2015-07-13T09:24:49.000Z",
            "speed": 0.79,
            "heart_rate": 158
        },
        {
            "timestamp": "2015-07-13T09:24:58.000Z",
            "speed": 0.79,
            "heart_rate": 163
        },
        {
            "timestamp": "2015-07-13T09:25:15.000Z",
            "speed": 0.79,
            "heart_rate": 158
        },
        {
            "timestamp": "2015-07-13T09:25:33.000Z",
            "speed": 0.79,
            "heart_rate": 163
        },
        {
            "timestamp": "2015-07-13T09:25:40.000Z",
            "speed": 0.79,
            "heart_rate": 169
        },
        {
            "timestamp": "2015-07-13T09:25:45.000Z",
            "speed": 0.79,
            "heart_rate": 174
        },
        {
            "timestamp": "2015-07-13T09:26:07.000Z",
            "speed": 0.79,
            "heart_rate": 168
        },
        {
            "timestamp": "2015-07-13T09:26:29.000Z",
            "speed": 0.79,
            "heart_rate": 164
        },
        {
            "timestamp": "2015-07-13T09:26:30.000Z",
            "speed": 0.79,
            "heart_rate": 164
        },
        {
            "timestamp": "2015-07-13T09:26:31.000Z",
            "speed": 0.79,
            "heart_rate": 163
        },
        {
            "timestamp": "2015-07-13T09:26:36.000Z",
            "speed": 0.79,
            "heart_rate": 158
        },
        {
            "timestamp": "2015-07-13T09:26:43.000Z",
            "speed": 0.79,
            "heart_rate": 153
        },
        {
            "timestamp": "2015-07-13T09:26:47.000Z",
            "speed": 0.79,
            "heart_rate": 148
        },
        {
            "timestamp": "2015-07-13T09:27:05.000Z",
            "speed": 0.79,
            "heart_rate": 153
        },
        {
            "timestamp": "2015-07-13T09:27:11.000Z",
            "speed": 0.79,
            "heart_rate": 158
        },
        {
            "timestamp": "2015-07-13T09:27:18.000Z",
            "speed": 0.79,
            "heart_rate": 163
        },
        {
            "timestamp": "2015-07-13T09:27:25.000Z",
            "speed": 0.79,
            "heart_rate": 168
        },
        {
            "timestamp": "2015-07-13T09:27:33.000Z",
            "speed": 0.79,
            "heart_rate": 173
        },
        {
            "timestamp": "2015-07-13T09:27:50.000Z",
            "speed": 0.79,
            "heart_rate": 168
        },
        {
            "timestamp": "2015-07-13T09:28:00.000Z",
            "speed": 0.79,
            "heart_rate": 163
        },
        {
            "timestamp": "2015-07-13T09:28:02.000Z",
            "speed": 0.79,
            "heart_rate": 157
        },
        {
            "timestamp": "2015-07-13T09:28:03.000Z",
            "speed": 0.79,
            "heart_rate": 157
        },
        {
            "timestamp": "2015-07-13T09:28:05.000Z",
            "speed": 0.79,
            "heart_rate": 152
        },
        {
            "timestamp": "2015-07-13T09:28:08.000Z",
            "speed": 0.79,
            "heart_rate": 147
        },
        {
            "timestamp": "2015-07-13T09:28:15.000Z",
            "speed": 0.79,
            "heart_rate": 153
        },
        {
            "timestamp": "2015-07-13T09:28:19.000Z",
            "speed": 0.79,
            "heart_rate": 158
        },
        {
            "timestamp": "2015-07-13T09:28:22.000Z",
            "speed": 0.79,
            "heart_rate": 163
        },
        {
            "timestamp": "2015-07-13T09:28:45.000Z",
            "speed": 0.79,
            "heart_rate": 169
        },
        {
            "timestamp": "2015-07-13T09:28:49.000Z",
            "speed": 0.79,
            "heart_rate": 174
        },
        {
            "timestamp": "2015-07-13T09:28:55.000Z",
            "speed": 0.79,
            "heart_rate": 179
        },
        {
            "timestamp": "2015-07-13T09:29:13.000Z",
            "speed": 0.79,
            "heart_rate": 174
        },
        {
            "timestamp": "2015-07-13T09:29:19.000Z",
            "speed": 0.79,
            "heart_rate": 169
        },
        {
            "timestamp": "2015-07-13T09:29:37.000Z",
            "speed": 0.79,
            "heart_rate": 164
        },
        {
            "timestamp": "2015-07-13T09:30:13.000Z",
            "speed": 0.79,
            "heart_rate": 159
        },
        {
            "timestamp": "2015-07-13T09:30:21.000Z",
            "speed": 0.79,
            "heart_rate": 154
        },
        {
            "timestamp": "2015-07-13T09:30:55.000Z",
            "speed": 0.79,
            "heart_rate": 159
        },
        {
            "timestamp": "2015-07-13T09:31:05.000Z",
            "speed": 0.79,
            "heart_rate": 164
        },
        {
            "timestamp": "2015-07-13T09:31:15.000Z",
            "speed": 0.79,
            "heart_rate": 169
        },
        {
            "timestamp": "2015-07-13T09:31:46.000Z",
            "speed": 0.79,
            "heart_rate": 164
        },
        {
            "timestamp": "2015-07-13T09:31:57.000Z",
            "speed": 0.79,
            "heart_rate": 158
        },
        {
            "timestamp": "2015-07-13T09:31:59.000Z",
            "speed": 0.79,
            "heart_rate": 153
        },
        {
            "timestamp": "2015-07-13T09:32:12.000Z",
            "speed": 0.79,
            "heart_rate": 158
        },
        {
            "timestamp": "2015-07-13T09:32:21.000Z",
            "speed": 0.79,
            "heart_rate": 163
        },
        {
            "timestamp": "2015-07-13T09:32:39.000Z",
            "speed": 0.79,
            "heart_rate": 168
        },
        {
            "timestamp": "2015-07-13T09:32:42.000Z",
            "speed": 0.79,
            "heart_rate": 176
        },
        {
            "timestamp": "2015-07-13T09:32:43.000Z",
            "speed": 0.79,
            "heart_rate": 176
        },
        {
            "timestamp": "2015-07-13T09:32:59.000Z",
            "speed": 0.79,
            "heart_rate": 171
        },
        {
            "timestamp": "2015-07-13T09:33:03.000Z",
            "speed": 0.79,
            "heart_rate": 165
        },
        {
            "timestamp": "2015-07-13T09:33:06.000Z",
            "speed": 0.79,
            "heart_rate": 160
        },
        {
            "timestamp": "2015-07-13T09:33:17.000Z",
            "speed": 0.79,
            "heart_rate": 165
        },
        {
            "timestamp": "2015-07-13T09:33:30.000Z",
            "speed": 0.79,
            "heart_rate": 170
        },
        {
            "timestamp": "2015-07-13T09:33:36.000Z",
            "speed": 0.79,
            "heart_rate": 175
        },
        {
            "timestamp": "2015-07-13T09:33:45.000Z",
            "speed": 0.79,
            "heart_rate": 180
        },
        {
            "timestamp": "2015-07-13T09:33:49.000Z",
            "speed": 0.79,
            "heart_rate": 185
        },
        {
            "timestamp": "2015-07-13T09:34:05.000Z",
            "speed": 0.79,
            "heart_rate": 180
        },
        {
            "timestamp": "2015-07-13T09:34:10.000Z",
            "speed": 0.79,
            "heart_rate": 175
        },
        {
            "timestamp": "2015-07-13T09:34:17.000Z",
            "speed": 0.79,
            "heart_rate": 170
        },
        {
            "timestamp": "2015-07-13T09:34:21.000Z",
            "speed": 0.79,
            "heart_rate": 164
        },
        {
            "timestamp": "2015-07-13T09:34:26.000Z",
            "speed": 0.79,
            "heart_rate": 159
        },
        {
            "timestamp": "2015-07-13T09:34:42.000Z",
            "speed": 0.79,
            "heart_rate": 154
        },
        {
            "timestamp": "2015-07-13T09:34:49.000Z",
            "speed": 0.79,
            "heart_rate": 149
        },
        {
            "timestamp": "2015-07-13T09:34:54.000Z",
            "speed": 0.79,
            "heart_rate": 144
        },
        {
            "timestamp": "2015-07-13T09:34:59.000Z",
            "speed": 0.79,
            "heart_rate": 139
        },
        {
            "timestamp": "2015-07-13T09:35:10.000Z",
            "speed": 0.79,
            "heart_rate": 133
        },
        {
            "timestamp": "2015-07-13T09:35:19.000Z",
            "speed": 0.79,
            "heart_rate": 128
        },
        {
            "timestamp": "2015-07-13T09:35:29.000Z",
            "speed": 0.79,
            "heart_rate": 133
        },
        {
            "timestamp": "2015-07-13T09:35:40.000Z",
            "speed": 0.79,
            "heart_rate": 128
        },
        {
            "timestamp": "2015-07-13T09:35:54.000Z",
            "speed": 0.79,
            "heart_rate": 123
        },
        {
            "timestamp": "2015-07-13T09:36:31.000Z",
            "speed": 0.79,
            "heart_rate": 118
        },
        {
            "timestamp": "2015-07-13T09:36:51.000Z",
            "speed": 0.79,
            "heart_rate": 123
        },
        {
            "timestamp": "2015-07-13T09:37:19.000Z",
            "speed": 0.79,
            "heart_rate": 118
        },
        {
            "timestamp": "2015-07-13T09:37:22.000Z",
            "speed": 0.79,
            "heart_rate": 112
        },
        {
            "timestamp": "2015-07-13T09:37:37.000Z",
            "speed": 0.79,
            "heart_rate": 106
        },
        {
            "timestamp": "2015-07-13T09:37:43.000Z",
            "speed": 0.79,
            "heart_rate": 112
        },
        {
            "timestamp": "2015-07-13T09:38:10.000Z",
            "speed": 0.79,
            "heart_rate": 117
        },
        {
            "timestamp": "2015-07-13T09:38:15.000Z",
            "speed": 0.79,
            "heart_rate": 122
        },
        {
            "timestamp": "2015-07-13T09:38:36.000Z",
            "speed": 0.79,
            "heart_rate": 127
        },
        {
            "timestamp": "2015-07-13T09:38:41.000Z",
            "speed": 0.79,
            "heart_rate": 132
        },
        {
            "timestamp": "2015-07-13T09:38:56.000Z",
            "speed": 0.79,
            "heart_rate": 137
        },
        {
            "timestamp": "2015-07-13T09:39:24.000Z",
            "speed": 0.79,
            "heart_rate": 132
        },
        {
            "timestamp": "2015-07-13T09:39:39.000Z",
            "speed": 0.79,
            "heart_rate": 125
        },
        {
            "timestamp": "2015-07-13T09:39:49.000Z",
            "speed": 0.79,
            "heart_rate": 119
        },
        {
            "timestamp": "2015-07-13T09:39:50.000Z",
            "speed": 0.79,
            "heart_rate": 119
        },
        {
            "timestamp": "2015-07-13T09:40:04.000Z",
            "speed": 0.79,
            "heart_rate": 124
        },
        {
            "timestamp": "2015-07-13T09:40:19.000Z",
            "speed": 0.79,
            "heart_rate": 129
        },
        {
            "timestamp": "2015-07-13T09:40:23.000Z",
            "speed": 0.79,
            "heart_rate": 134
        },
        {
            "timestamp": "2015-07-13T09:40:31.000Z",
            "speed": 0.79,
            "heart_rate": 139
        },
        {
            "timestamp": "2015-07-13T09:40:39.000Z",
            "speed": 0.79,
            "heart_rate": 144
        },
        {
            "timestamp": "2015-07-13T09:40:47.000Z",
            "speed": 0.79,
            "heart_rate": 149
        },
        {
            "timestamp": "2015-07-13T09:40:56.000Z",
            "speed": 0.79,
            "heart_rate": 154
        },
        {
            "timestamp": "2015-07-13T09:41:04.000Z",
            "speed": 0.79,
            "heart_rate": 159
        },
        {
            "timestamp": "2015-07-13T09:41:29.000Z",
            "speed": 0.79,
            "heart_rate": 154
        },
        {
            "timestamp": "2015-07-13T09:41:41.000Z",
            "speed": 0.79,
            "heart_rate": 149
        },
        {
            "timestamp": "2015-07-13T09:41:51.000Z",
            "speed": 0.79,
            "heart_rate": 154
        },
        {
            "timestamp": "2015-07-13T09:41:55.000Z",
            "speed": 0.79,
            "heart_rate": 160
        },
        {
            "timestamp": "2015-07-13T09:42:09.000Z",
            "speed": 0.79,
            "heart_rate": 155
        },
        {
            "timestamp": "2015-07-13T09:42:16.000Z",
            "speed": 0.79,
            "heart_rate": 150
        },
        {
            "timestamp": "2015-07-13T09:42:24.000Z",
            "speed": 0.79,
            "heart_rate": 144
        },
        {
            "timestamp": "2015-07-13T09:42:26.000Z",
            "speed": 0.79,
            "heart_rate": 139
        },
        {
            "timestamp": "2015-07-13T09:42:28.000Z",
            "speed": 0.79,
            "heart_rate": 136
        },
        {
            "timestamp": "2015-07-13T09:42:41.000Z",
            "speed": 0.79,
            "heart_rate": 131
        },
        {
            "timestamp": "2015-07-13T09:42:44.000Z",
            "speed": 0.79,
            "heart_rate": 126
        },
        {
            "timestamp": "2015-07-13T09:42:50.000Z",
            "speed": 0.79,
            "heart_rate": 131
        },
        {
            "timestamp": "2015-07-13T09:42:52.000Z",
            "speed": 0.79,
            "heart_rate": 136
        },
        {
            "timestamp": "2015-07-13T09:42:54.000Z",
            "speed": 0.79,
            "heart_rate": 141
        },
        {
            "timestamp": "2015-07-13T09:42:57.000Z",
            "speed": 0.79,
            "heart_rate": 146
        },
        {
            "timestamp": "2015-07-13T09:43:22.000Z",
            "speed": 0.79,
            "heart_rate": 151
        },
        {
            "timestamp": "2015-07-13T09:43:26.000Z",
            "speed": 0.79,
            "heart_rate": 156
        },
        {
            "timestamp": "2015-07-13T09:43:40.000Z",
            "speed": 0.79,
            "heart_rate": 161
        },
        {
            "timestamp": "2015-07-13T09:43:52.000Z",
            "speed": 0.79,
            "heart_rate": 156
        },
        {
            "timestamp": "2015-07-13T09:44:25.000Z",
            "speed": 0.79,
            "heart_rate": 161
        },
        {
            "timestamp": "2015-07-13T09:44:51.000Z",
            "speed": 0.79,
            "heart_rate": 156
        },
        {
            "timestamp": "2015-07-13T09:45:21.000Z",
            "speed": 0.79,
            "heart_rate": 151
        },
        {
            "timestamp": "2015-07-13T09:45:25.000Z",
            "speed": 0.79,
            "heart_rate": 145
        },
        {
            "timestamp": "2015-07-13T09:45:33.000Z",
            "speed": 0.79,
            "heart_rate": 140
        },
        {
            "timestamp": "2015-07-13T09:45:39.000Z",
            "speed": 0.79,
            "heart_rate": 135
        },
        {
            "timestamp": "2015-07-13T09:45:56.000Z",
            "speed": 0.79,
            "heart_rate": 140
        },
        {
            "timestamp": "2015-07-13T09:46:26.000Z",
            "speed": 0.79,
            "heart_rate": 145
        },
        {
            "timestamp": "2015-07-13T09:46:32.000Z",
            "speed": 0.79,
            "heart_rate": 150
        },
        {
            "timestamp": "2015-07-13T09:46:40.000Z",
            "speed": 0.79,
            "heart_rate": 155
        },
        {
            "timestamp": "2015-07-13T09:47:58.000Z",
            "speed": 0.79,
            "heart_rate": 161
        },
        {
            "timestamp": "2015-07-13T09:48:04.000Z",
            "speed": 0.79,
            "heart_rate": 166
        },
        {
            "timestamp": "2015-07-13T09:48:15.000Z",
            "speed": 0.79,
            "heart_rate": 161
        },
        {
            "timestamp": "2015-07-13T09:48:22.000Z",
            "speed": 0.79,
            "heart_rate": 156
        },
        {
            "timestamp": "2015-07-13T09:48:31.000Z",
            "speed": 0.79,
            "heart_rate": 151
        },
        {
            "timestamp": "2015-07-13T09:48:52.000Z",
            "speed": 0.79,
            "heart_rate": 146
        },
        {
            "timestamp": "2015-07-13T09:49:10.000Z",
            "speed": 0.79,
            "heart_rate": 151
        },
        {
            "timestamp": "2015-07-13T09:49:14.000Z",
            "speed": 0.79,
            "heart_rate": 156
        },
        {
            "timestamp": "2015-07-13T09:49:20.000Z",
            "speed": 0.79,
            "heart_rate": 162
        },
        {
            "timestamp": "2015-07-13T09:49:27.000Z",
            "speed": 0.79,
            "heart_rate": 167
        },
        {
            "timestamp": "2015-07-13T09:49:38.000Z",
            "speed": 0.79,
            "heart_rate": 162
        },
        {
            "timestamp": "2015-07-13T09:49:48.000Z",
            "speed": 0.79,
            "heart_rate": 157
        },
        {
            "timestamp": "2015-07-13T09:49:57.000Z",
            "speed": 0.79,
            "heart_rate": 152
        },
        {
            "timestamp": "2015-07-13T09:50:02.000Z",
            "speed": 0.79,
            "heart_rate": 147
        },
        {
            "timestamp": "2015-07-13T09:50:09.000Z",
            "speed": 0.79,
            "heart_rate": 142
        },
        {
            "timestamp": "2015-07-13T09:50:27.000Z",
            "speed": 0.79,
            "heart_rate": 148
        },
        {
            "timestamp": "2015-07-13T09:50:31.000Z",
            "speed": 0.79,
            "heart_rate": 153
        },
        {
            "timestamp": "2015-07-13T09:50:35.000Z",
            "speed": 0.79,
            "heart_rate": 158
        },
        {
            "timestamp": "2015-07-13T09:50:39.000Z",
            "speed": 0.79,
            "heart_rate": 163
        },
        {
            "timestamp": "2015-07-13T09:50:46.000Z",
            "speed": 0.79,
            "heart_rate": 168
        },
        {
            "timestamp": "2015-07-13T09:50:57.000Z",
            "speed": 0.79,
            "heart_rate": 163
        },
        {
            "timestamp": "2015-07-13T09:51:19.000Z",
            "speed": 0.79,
            "heart_rate": 157
        },
        {
            "timestamp": "2015-07-13T09:51:22.000Z",
            "speed": 0.79,
            "heart_rate": 152
        },
        {
            "timestamp": "2015-07-13T09:51:35.000Z",
            "speed": 0.79,
            "heart_rate": 147
        },
        {
            "timestamp": "2015-07-13T09:51:39.000Z",
            "speed": 0.79,
            "heart_rate": 142
        },
        {
            "timestamp": "2015-07-13T09:52:07.000Z",
            "speed": 0.79,
            "heart_rate": 137
        },
        {
            "timestamp": "2015-07-13T09:52:14.000Z",
            "speed": 0.79,
            "heart_rate": 142
        },
        {
            "timestamp": "2015-07-13T09:53:02.000Z",
            "speed": 0.79,
            "heart_rate": 147
        },
        {
            "timestamp": "2015-07-13T09:53:34.000Z",
            "speed": 0.79,
            "heart_rate": 152
        },
        {
            "timestamp": "2015-07-13T09:53:40.000Z",
            "speed": 0.79,
            "heart_rate": 157
        },
        {
            "timestamp": "2015-07-13T09:53:48.000Z",
            "speed": 0.79,
            "heart_rate": 162
        },
        {
            "timestamp": "2015-07-13T09:54:30.000Z",
            "speed": 0.79,
            "heart_rate": 157
        },
        {
            "timestamp": "2015-07-13T09:54:33.000Z",
            "speed": 0.79,
            "heart_rate": 152
        },
        {
            "timestamp": "2015-07-13T09:54:38.000Z",
            "speed": 0.79,
            "heart_rate": 146
        },
        {
            "timestamp": "2015-07-13T09:54:44.000Z",
            "speed": 0.79,
            "heart_rate": 141
        },
        {
            "timestamp": "2015-07-13T09:54:54.000Z",
            "speed": 0.79,
            "heart_rate": 146
        },
        {
            "timestamp": "2015-07-13T09:55:00.000Z",
            "speed": 0.79,
            "heart_rate": 151
        },
        {
            "timestamp": "2015-07-13T09:55:05.000Z",
            "speed": 0.79,
            "heart_rate": 157
        },
        {
            "timestamp": "2015-07-13T09:55:08.000Z",
            "speed": 0.79,
            "heart_rate": 162
        },
        {
            "timestamp": "2015-07-13T09:55:13.000Z",
            "speed": 0.79,
            "heart_rate": 168
        },
        {
            "timestamp": "2015-07-13T09:55:18.000Z",
            "speed": 0.79,
            "heart_rate": 173
        },
        {
            "timestamp": "2015-07-13T09:55:37.000Z",
            "speed": 0.79,
            "heart_rate": 168
        },
        {
            "timestamp": "2015-07-13T09:55:42.000Z",
            "speed": 0.79,
            "heart_rate": 163
        },
        {
            "timestamp": "2015-07-13T09:55:46.000Z",
            "speed": 0.79,
            "heart_rate": 158
        },
        {
            "timestamp": "2015-07-13T09:55:57.000Z",
            "speed": 0.79,
            "heart_rate": 153
        },
        {
            "timestamp": "2015-07-13T09:56:03.000Z",
            "speed": 0.79,
            "heart_rate": 148
        },
        {
            "timestamp": "2015-07-13T09:56:10.000Z",
            "speed": 0.79,
            "heart_rate": 153
        },
        {
            "timestamp": "2015-07-13T09:56:25.000Z",
            "speed": 0.79,
            "heart_rate": 147
        },
        {
            "timestamp": "2015-07-13T09:56:35.000Z",
            "speed": 0.79,
            "heart_rate": 142
        },
        {
            "timestamp": "2015-07-13T09:57:00.000Z",
            "speed": 0.79,
            "heart_rate": 149
        },
        {
            "timestamp": "2015-07-13T09:57:04.000Z",
            "speed": 0.79,
            "heart_rate": 157
        },
        {
            "timestamp": "2015-07-13T09:57:09.000Z",
            "speed": 0.79,
            "heart_rate": 164
        },
        {
            "timestamp": "2015-07-13T09:57:11.000Z",
            "speed": 0.79,
            "heart_rate": 169
        },
        {
            "timestamp": "2015-07-13T09:57:21.000Z",
            "speed": 0.79,
            "heart_rate": 164
        },
        {
            "timestamp": "2015-07-13T09:59:20.000Z",
            "speed": 0.79,
            "heart_rate": 159
        },
        {
            "timestamp": "2015-07-13T09:59:24.000Z",
            "speed": 0.79,
            "heart_rate": 154
        },
        {
            "timestamp": "2015-07-13T09:59:33.000Z",
            "speed": 0.79,
            "heart_rate": 159
        },
        {
            "timestamp": "2015-07-13T09:59:44.000Z",
            "speed": 0.79,
            "heart_rate": 154
        },
        {
            "timestamp": "2015-07-13T09:59:50.000Z",
            "speed": 0.79,
            "heart_rate": 149
        },
        {
            "timestamp": "2015-07-13T10:00:00.000Z",
            "speed": 0.79,
            "heart_rate": 144
        },
        {
            "timestamp": "2015-07-13T10:00:15.000Z",
            "speed": 0.79,
            "heart_rate": 138
        },
        {
            "timestamp": "2015-07-13T10:00:19.000Z",
            "speed": 0.79,
            "heart_rate": 132
        },
        {
            "timestamp": "2015-07-13T10:00:21.000Z",
            "speed": 0.79,
            "heart_rate": 126
        },
        {
            "timestamp": "2015-07-13T10:00:24.000Z",
            "speed": 0.79,
            "heart_rate": 121
        },
        {
            "timestamp": "2015-07-13T10:00:28.000Z",
            "speed": 0.79,
            "heart_rate": 116
        },
        {
            "timestamp": "2015-07-13T10:00:37.000Z",
            "speed": 0.79,
            "heart_rate": 121
        },
        {
            "timestamp": "2015-07-13T10:00:43.000Z",
            "speed": 0.79,
            "heart_rate": 126
        },
        {
            "timestamp": "2015-07-13T10:00:46.000Z",
            "speed": 0.79,
            "heart_rate": 132
        },
        {
            "timestamp": "2015-07-13T10:00:59.000Z",
            "speed": 0.79,
            "heart_rate": 137
        },
        {
            "timestamp": "2015-07-13T10:01:03.000Z",
            "speed": 0.79,
            "heart_rate": 142
        },
        {
            "timestamp": "2015-07-13T10:01:08.000Z",
            "speed": 0.79,
            "heart_rate": 147
        },
        {
            "timestamp": "2015-07-13T10:01:12.000Z",
            "speed": 0.79,
            "heart_rate": 153
        },
        {
            "timestamp": "2015-07-13T10:01:15.000Z",
            "speed": 0.79,
            "heart_rate": 158
        },
        {
            "timestamp": "2015-07-13T10:01:18.000Z",
            "speed": 0.79,
            "heart_rate": 163
        },
        {
            "timestamp": "2015-07-13T10:01:21.000Z",
            "speed": 0.79,
            "heart_rate": 168
        },
        {
            "timestamp": "2015-07-13T10:01:24.000Z",
            "speed": 0.79,
            "heart_rate": 173
        },
        {
            "timestamp": "2015-07-13T10:01:32.000Z",
            "speed": 0.79,
            "heart_rate": 178
        },
        {
            "timestamp": "2015-07-13T10:01:43.000Z",
            "speed": 0.79,
            "heart_rate": 173
        },
        {
            "timestamp": "2015-07-13T10:01:47.000Z",
            "speed": 0.79,
            "heart_rate": 168
        },
        {
            "timestamp": "2015-07-13T10:01:56.000Z",
            "speed": 0.79,
            "heart_rate": 163
        },
        {
            "timestamp": "2015-07-13T10:02:01.000Z",
            "speed": 0.79,
            "heart_rate": 158
        },
        {
            "timestamp": "2015-07-13T10:02:05.000Z",
            "speed": 0.79,
            "heart_rate": 153
        },
        {
            "timestamp": "2015-07-13T10:02:13.000Z",
            "speed": 0.79,
            "heart_rate": 158
        },
        {
            "timestamp": "2015-07-13T10:02:18.000Z",
            "speed": 0.79,
            "heart_rate": 163
        },
        {
            "timestamp": "2015-07-13T10:02:35.000Z",
            "speed": 0.79,
            "heart_rate": 158
        },
        {
            "timestamp": "2015-07-13T10:02:38.000Z",
            "speed": 0.79,
            "heart_rate": 153
        },
        {
            "timestamp": "2015-07-13T10:02:41.000Z",
            "speed": 0.79,
            "heart_rate": 148
        },
        {
            "timestamp": "2015-07-13T10:03:07.000Z",
            "speed": 0.79,
            "heart_rate": 143
        },
        {
            "timestamp": "2015-07-13T10:03:12.000Z",
            "speed": 0.79,
            "heart_rate": 138
        },
        {
            "timestamp": "2015-07-13T10:03:47.000Z",
            "speed": 0.79,
            "heart_rate": 143
        },
        {
            "timestamp": "2015-07-13T10:03:52.000Z",
            "speed": 0.79,
            "heart_rate": 148
        },
        {
            "timestamp": "2015-07-13T10:04:04.000Z",
            "speed": 0.79,
            "heart_rate": 153
        },
        {
            "timestamp": "2015-07-13T10:04:16.000Z",
            "speed": 0.79,
            "heart_rate": 158
        },
        {
            "timestamp": "2015-07-13T10:04:24.000Z",
            "speed": 0.79,
            "heart_rate": 153
        },
        {
            "timestamp": "2015-07-13T10:04:34.000Z",
            "speed": 0.79,
            "heart_rate": 148
        },
        {
            "timestamp": "2015-07-13T10:04:42.000Z",
            "speed": 0.79,
            "heart_rate": 153
        },
        {
            "timestamp": "2015-07-13T10:04:48.000Z",
            "speed": 0.79,
            "heart_rate": 158
        },
        {
            "timestamp": "2015-07-13T10:04:53.000Z",
            "speed": 0.79,
            "heart_rate": 164
        },
        {
            "timestamp": "2015-07-13T10:04:57.000Z",
            "speed": 0.79,
            "heart_rate": 169
        },
        {
            "timestamp": "2015-07-13T10:05:01.000Z",
            "speed": 0.79,
            "heart_rate": 174
        },
        {
            "timestamp": "2015-07-13T10:05:27.000Z",
            "speed": 0.79,
            "heart_rate": 169
        },
        {
            "timestamp": "2015-07-13T10:05:41.000Z",
            "speed": 0.79,
            "heart_rate": 164
        },
        {
            "timestamp": "2015-07-13T10:05:48.000Z",
            "speed": 0.79,
            "heart_rate": 159
        },
        {
            "timestamp": "2015-07-13T10:06:01.000Z",
            "speed": 0.79,
            "heart_rate": 154
        },
        {
            "timestamp": "2015-07-13T10:06:12.000Z",
            "speed": 0.79,
            "heart_rate": 160
        },
        {
            "timestamp": "2015-07-13T10:06:15.000Z",
            "speed": 0.79,
            "heart_rate": 166
        },
        {
            "timestamp": "2015-07-13T10:06:18.000Z",
            "speed": 0.79,
            "heart_rate": 172
        },
        {
            "timestamp": "2015-07-13T10:06:22.000Z",
            "speed": 0.79,
            "heart_rate": 177
        },
        {
            "timestamp": "2015-07-13T10:06:28.000Z",
            "speed": 0.79,
            "heart_rate": 182
        },
        {
            "timestamp": "2015-07-13T10:06:50.000Z",
            "speed": 0.79,
            "heart_rate": 177
        },
        {
            "timestamp": "2015-07-13T10:06:58.000Z",
            "speed": 0.79,
            "heart_rate": 172
        },
        {
            "timestamp": "2015-07-13T10:07:34.000Z",
            "speed": 0.79,
            "heart_rate": 167
        },
        {
            "timestamp": "2015-07-13T10:07:59.000Z",
            "speed": 0.79,
            "heart_rate": 161
        },
        {
            "timestamp": "2015-07-13T10:08:07.000Z",
            "speed": 0.79,
            "heart_rate": 156
        },
        {
            "timestamp": "2015-07-13T10:08:14.000Z",
            "speed": 0.79,
            "heart_rate": 151
        },
        {
            "timestamp": "2015-07-13T10:08:17.000Z",
            "speed": 0.79,
            "heart_rate": 146
        },
        {
            "timestamp": "2015-07-13T10:08:22.000Z",
            "speed": 0.79,
            "heart_rate": 141
        },
        {
            "timestamp": "2015-07-13T10:08:27.000Z",
            "speed": 0.79,
            "heart_rate": 134
        },
        {
            "timestamp": "2015-07-13T10:08:43.000Z",
            "speed": 0.79,
            "heart_rate": 129
        },
        {
            "timestamp": "2015-07-13T10:09:00.000Z",
            "speed": 0.79,
            "heart_rate": 124
        },
        {
            "timestamp": "2015-07-13T10:09:27.000Z",
            "speed": 0.79,
            "heart_rate": 118
        },
        {
            "timestamp": "2015-07-13T10:09:37.000Z",
            "speed": 0.79,
            "heart_rate": 113
        },
        {
            "timestamp": "2015-07-13T10:09:45.000Z",
            "speed": 0.79,
            "heart_rate": 107
        },
        {
            "timestamp": "2015-07-13T10:09:54.000Z",
            "speed": 0.79,
            "heart_rate": 112
        },
        {
            "timestamp": "2015-07-13T10:10:11.000Z",
            "speed": 0.79,
            "heart_rate": 107
        },
        {
            "timestamp": "2015-07-13T10:10:17.000Z",
            "speed": 0.79,
            "heart_rate": 113
        },
        {
            "timestamp": "2015-07-13T10:10:32.000Z",
            "speed": 0.79,
            "heart_rate": 118
        },
        {
            "timestamp": "2015-07-13T10:10:58.000Z",
            "speed": 0.79,
            "heart_rate": 113
        },
        {
            "timestamp": "2015-07-13T10:11:27.000Z",
            "speed": 0.79,
            "heart_rate": 108
        },
        {
            "timestamp": "2015-07-13T10:11:58.000Z",
            "speed": 0.79,
            "heart_rate": 103
        },
        {
            "timestamp": "2015-07-13T10:12:02.000Z",
            "speed": 0.79,
            "heart_rate": 108
        },
        {
            "timestamp": "2015-07-13T10:12:14.000Z",
            "speed": 0.79,
            "heart_rate": 114
        },
        {
            "timestamp": "2015-07-13T10:12:19.000Z",
            "speed": 0.79,
            "heart_rate": 119
        },
        {
            "timestamp": "2015-07-13T10:12:23.000Z",
            "speed": 0.79,
            "heart_rate": 113
        },
        {
            "timestamp": "2015-07-13T10:12:47.000Z",
            "speed": 0.79,
            "heart_rate": 118
        },
        {
            "timestamp": "2015-07-13T10:12:51.000Z",
            "speed": 0.79,
            "heart_rate": 124
        },
        {
            "timestamp": "2015-07-13T10:12:58.000Z",
            "speed": 0.79,
            "heart_rate": 129
        },
        {
            "timestamp": "2015-07-13T10:13:14.000Z",
            "speed": 0.79,
            "heart_rate": 124
        },
        {
            "timestamp": "2015-07-13T10:13:18.000Z",
            "speed": 0.79,
            "heart_rate": 119
        },
        {
            "timestamp": "2015-07-13T10:13:30.000Z",
            "speed": 0.79,
            "heart_rate": 126
        },
        {
            "timestamp": "2015-07-13T10:13:35.000Z",
            "speed": 0.79,
            "heart_rate": 131
        },
        {
            "timestamp": "2015-07-13T10:13:49.000Z",
            "speed": 0.79,
            "heart_rate": 136
        },
        {
            "timestamp": "2015-07-13T10:13:52.000Z",
            "speed": 0.79,
            "heart_rate": 141
        },
        {
            "timestamp": "2015-07-13T10:14:07.000Z",
            "speed": 0.79,
            "heart_rate": 147
        },
        {
            "timestamp": "2015-07-13T10:14:11.000Z",
            "speed": 0.79,
            "heart_rate": 152
        },
        {
            "timestamp": "2015-07-13T10:14:15.000Z",
            "speed": 0.79,
            "heart_rate": 157
        },
        {
            "timestamp": "2015-07-13T10:14:28.000Z",
            "speed": 0.79,
            "heart_rate": 152
        },
        {
            "timestamp": "2015-07-13T10:14:33.000Z",
            "speed": 0.79,
            "heart_rate": 147
        },
        {
            "timestamp": "2015-07-13T10:14:38.000Z",
            "speed": 0.79,
            "heart_rate": 142
        },
        {
            "timestamp": "2015-07-13T10:14:43.000Z",
            "speed": 0.79,
            "heart_rate": 137
        },
        {
            "timestamp": "2015-07-13T10:14:53.000Z",
            "speed": 0.79,
            "heart_rate": 132
        },
        {
            "timestamp": "2015-07-13T10:14:55.000Z",
            "speed": 0.79,
            "heart_rate": 127
        },
        {
            "timestamp": "2015-07-13T10:14:57.000Z",
            "speed": 0.79,
            "heart_rate": 122
        },
        {
            "timestamp": "2015-07-13T10:14:59.000Z",
            "speed": 0.79,
            "heart_rate": 116
        },
        {
            "timestamp": "2015-07-13T10:15:03.000Z",
            "speed": 0.79,
            "heart_rate": 111
        },
        {
            "timestamp": "2015-07-13T10:15:06.000Z",
            "speed": 0.79,
            "heart_rate": 106
        },
        {
            "timestamp": "2015-07-13T10:15:09.000Z",
            "speed": 0.79,
            "heart_rate": 111
        },
        {
            "timestamp": "2015-07-13T10:15:28.000Z",
            "speed": 0.79,
            "heart_rate": 116
        },
        {
            "timestamp": "2015-07-13T10:15:30.000Z",
            "speed": 0.79,
            "heart_rate": 121
        },
        {
            "timestamp": "2015-07-13T10:15:32.000Z",
            "speed": 0.79,
            "heart_rate": 127
        },
        {
            "timestamp": "2015-07-13T10:15:34.000Z",
            "speed": 0.79,
            "heart_rate": 133
        },
        {
            "timestamp": "2015-07-13T10:15:36.000Z",
            "speed": 0.79,
            "heart_rate": 138
        },
        {
            "timestamp": "2015-07-13T10:15:48.000Z",
            "speed": 0.79,
            "heart_rate": 133
        },
        {
            "timestamp": "2015-07-13T10:16:19.000Z",
            "speed": 0.79,
            "heart_rate": 126
        },
        {
            "timestamp": "2015-07-13T10:16:33.000Z",
            "speed": 0.79,
            "heart_rate": 133
        },
        {
            "timestamp": "2015-07-13T10:16:39.000Z",
            "speed": 0.79,
            "heart_rate": 139
        },
        {
            "timestamp": "2015-07-13T10:16:50.000Z",
            "speed": 0.79,
            "heart_rate": 134
        },
        {
            "timestamp": "2015-07-13T10:17:11.000Z",
            "speed": 0.79,
            "heart_rate": 139
        },
        {
            "timestamp": "2015-07-13T10:17:14.000Z",
            "speed": 0.79,
            "heart_rate": 144
        },
        {
            "timestamp": "2015-07-13T10:17:17.000Z",
            "speed": 0.79,
            "heart_rate": 150
        },
        {
            "timestamp": "2015-07-13T10:17:22.000Z",
            "speed": 0.79,
            "heart_rate": 155
        },
        {
            "timestamp": "2015-07-13T10:17:28.000Z",
            "speed": 0.79,
            "heart_rate": 160
        },
        {
            "timestamp": "2015-07-13T10:17:40.000Z",
            "speed": 0.79,
            "heart_rate": 165
        },
        {
            "timestamp": "2015-07-13T10:17:48.000Z",
            "speed": 0.79,
            "heart_rate": 170
        },
        {
            "timestamp": "2015-07-13T10:17:54.000Z",
            "speed": 0.79,
            "heart_rate": 175
        },
        {
            "timestamp": "2015-07-13T10:18:18.000Z",
            "speed": 0.79,
            "heart_rate": 170
        },
        {
            "timestamp": "2015-07-13T10:18:25.000Z",
            "speed": 0.79,
            "heart_rate": 165
        },
        {
            "timestamp": "2015-07-13T10:18:33.000Z",
            "speed": 0.79,
            "heart_rate": 160
        },
        {
            "timestamp": "2015-07-13T10:18:42.000Z",
            "speed": 0.79,
            "heart_rate": 154
        },
        {
            "timestamp": "2015-07-13T10:18:45.000Z",
            "speed": 0.79,
            "heart_rate": 149
        },
        {
            "timestamp": "2015-07-13T10:18:50.000Z",
            "speed": 0.79,
            "heart_rate": 144
        },
        {
            "timestamp": "2015-07-13T10:18:52.000Z",
            "speed": 0.79,
            "heart_rate": 139
        },
        {
            "timestamp": "2015-07-13T10:18:58.000Z",
            "speed": 0.79,
            "heart_rate": 133
        },
        {
            "timestamp": "2015-07-13T10:19:00.000Z",
            "speed": 0.79,
            "heart_rate": 128
        },
        {
            "timestamp": "2015-07-13T10:19:15.000Z",
            "speed": 0.79,
            "heart_rate": 134
        },
        {
            "timestamp": "2015-07-13T10:19:19.000Z",
            "speed": 0.79,
            "heart_rate": 139
        },
        {
            "timestamp": "2015-07-13T10:19:36.000Z",
            "speed": 0.79,
            "heart_rate": 134
        },
        {
            "timestamp": "2015-07-13T10:19:40.000Z",
            "speed": 0.79,
            "heart_rate": 129
        },
        {
            "timestamp": "2015-07-13T10:19:54.000Z",
            "speed": 0.79,
            "heart_rate": 134
        },
        {
            "timestamp": "2015-07-13T10:19:56.000Z",
            "speed": 0.79,
            "heart_rate": 139
        },
        {
            "timestamp": "2015-07-13T10:19:59.000Z",
            "speed": 0.79,
            "heart_rate": 145
        },
        {
            "timestamp": "2015-07-13T10:20:02.000Z",
            "speed": 0.79,
            "heart_rate": 150
        },
        {
            "timestamp": "2015-07-13T10:20:10.000Z",
            "speed": 0.79,
            "heart_rate": 155
        },
        {
            "timestamp": "2015-07-13T10:20:14.000Z",
            "speed": 0.79,
            "heart_rate": 161
        },
        {
            "timestamp": "2015-07-13T10:20:42.000Z",
            "speed": 0.79,
            "heart_rate": 166
        },
        {
            "timestamp": "2015-07-13T10:20:58.000Z",
            "speed": 0.79,
            "heart_rate": 161
        },
        {
            "timestamp": "2015-07-13T10:21:01.000Z",
            "speed": 0.79,
            "heart_rate": 156
        },
        {
            "timestamp": "2015-07-13T10:21:08.000Z",
            "speed": 0.79,
            "heart_rate": 161
        },
        {
            "timestamp": "2015-07-13T10:21:26.000Z",
            "speed": 0.79,
            "heart_rate": 156
        },
        {
            "timestamp": "2015-07-13T10:21:31.000Z",
            "speed": 0.79,
            "heart_rate": 151
        },
        {
            "timestamp": "2015-07-13T10:21:48.000Z",
            "speed": 0.79,
            "heart_rate": 146
        },
        {
            "timestamp": "2015-07-13T10:21:52.000Z",
            "speed": 0.79,
            "heart_rate": 141
        },
        {
            "timestamp": "2015-07-13T10:21:59.000Z",
            "speed": 0.79,
            "heart_rate": 136
        },
        {
            "timestamp": "2015-07-13T10:22:05.000Z",
            "speed": 0.79,
            "heart_rate": 141
        },
        {
            "timestamp": "2015-07-13T10:22:10.000Z",
            "speed": 0.79,
            "heart_rate": 146
        },
        {
            "timestamp": "2015-07-13T10:22:34.000Z",
            "speed": 0.79,
            "heart_rate": 141
        },
        {
            "timestamp": "2015-07-13T10:22:38.000Z",
            "speed": 0.79,
            "heart_rate": 136
        },
        {
            "timestamp": "2015-07-13T10:22:43.000Z",
            "speed": 0.79,
            "heart_rate": 130
        },
        {
            "timestamp": "2015-07-13T10:22:48.000Z",
            "speed": 0.79,
            "heart_rate": 124
        },
        {
            "timestamp": "2015-07-13T10:22:50.000Z",
            "speed": 0.79,
            "heart_rate": 119
        },
        {
            "timestamp": "2015-07-13T10:22:57.000Z",
            "speed": 0.79,
            "heart_rate": 125
        },
        {
            "timestamp": "2015-07-13T10:23:01.000Z",
            "speed": 0.79,
            "heart_rate": 131
        },
        {
            "timestamp": "2015-07-13T10:23:05.000Z",
            "speed": 0.79,
            "heart_rate": 125
        },
        {
            "timestamp": "2015-07-13T10:23:20.000Z",
            "speed": 0.79,
            "heart_rate": 120
        },
        {
            "timestamp": "2015-07-13T10:23:24.000Z",
            "speed": 0.79,
            "heart_rate": 127
        },
        {
            "timestamp": "2015-07-13T10:23:26.000Z",
            "speed": 0.79,
            "heart_rate": 132
        },
        {
            "timestamp": "2015-07-13T10:23:33.000Z",
            "speed": 0.79,
            "heart_rate": 137
        },
        {
            "timestamp": "2015-07-13T10:23:41.000Z",
            "speed": 0.79,
            "heart_rate": 142
        },
        {
            "timestamp": "2015-07-13T10:23:44.000Z",
            "speed": 0.79,
            "heart_rate": 147
        },
        {
            "timestamp": "2015-07-13T10:24:12.000Z",
            "speed": 0.79,
            "heart_rate": 142
        },
        {
            "timestamp": "2015-07-13T10:24:16.000Z",
            "speed": 0.79,
            "heart_rate": 137
        },
        {
            "timestamp": "2015-07-13T10:24:42.000Z",
            "speed": 0.79,
            "heart_rate": 142
        },
        {
            "timestamp": "2015-07-13T10:24:57.000Z",
            "speed": 0.79,
            "heart_rate": 136
        },
        {
            "timestamp": "2015-07-13T10:25:08.000Z",
            "speed": 0.79,
            "heart_rate": 147
        },
        {
            "timestamp": "2015-07-13T10:25:09.000Z",
            "speed": 0.79,
            "heart_rate": 147
        },
        {
            "timestamp": "2015-07-13T10:25:10.000Z",
            "speed": 0.79,
            "heart_rate": 154
        },
        {
            "timestamp": "2015-07-13T10:25:11.000Z",
            "speed": 0.79,
            "heart_rate": 154
        },
        {
            "timestamp": "2015-07-13T10:25:14.000Z",
            "speed": 0.79,
            "heart_rate": 160
        },
        {
            "timestamp": "2015-07-13T10:25:16.000Z",
            "speed": 0.79,
            "heart_rate": 167
        },
        {
            "timestamp": "2015-07-13T10:25:18.000Z",
            "speed": 0.79,
            "heart_rate": 173
        },
        {
            "timestamp": "2015-07-13T10:25:27.000Z",
            "speed": 0.79,
            "heart_rate": 168
        },
        {
            "timestamp": "2015-07-13T10:25:31.000Z",
            "speed": 0.79,
            "heart_rate": 163
        },
        {
            "timestamp": "2015-07-13T10:25:44.000Z",
            "speed": 0.79,
            "heart_rate": 158
        },
        {
            "timestamp": "2015-07-13T10:25:54.000Z",
            "speed": 0.79,
            "heart_rate": 153
        },
        {
            "timestamp": "2015-07-13T10:25:58.000Z",
            "speed": 0.79,
            "heart_rate": 148
        },
        {
            "timestamp": "2015-07-13T10:26:05.000Z",
            "speed": 0.79,
            "heart_rate": 142
        },
        {
            "timestamp": "2015-07-13T10:26:09.000Z",
            "speed": 0.79,
            "heart_rate": 137
        },
        {
            "timestamp": "2015-07-13T10:26:12.000Z",
            "speed": 0.79,
            "heart_rate": 132
        },
        {
            "timestamp": "2015-07-13T10:26:31.000Z",
            "speed": 0.79,
            "heart_rate": 126
        },
        {
            "timestamp": "2015-07-13T10:26:34.000Z",
            "speed": 0.79,
            "heart_rate": 121
        },
        {
            "timestamp": "2015-07-13T10:26:46.000Z",
            "speed": 0.79,
            "heart_rate": 116
        },
        {
            "timestamp": "2015-07-13T10:26:58.000Z",
            "speed": 0.79,
            "heart_rate": 121
        },
        {
            "timestamp": "2015-07-13T10:27:21.000Z",
            "speed": 0.79,
            "heart_rate": 116
        },
        {
            "timestamp": "2015-07-13T10:27:28.000Z",
            "speed": 0.79,
            "heart_rate": 121
        },
        {
            "timestamp": "2015-07-13T10:27:36.000Z",
            "speed": 0.79,
            "heart_rate": 127
        },
        {
            "timestamp": "2015-07-13T10:27:57.000Z",
            "speed": 0.79,
            "heart_rate": 133
        },
        {
            "timestamp": "2015-07-13T10:28:00.000Z",
            "speed": 0.79,
            "heart_rate": 139
        },
        {
            "timestamp": "2015-07-13T10:28:04.000Z",
            "speed": 0.79,
            "heart_rate": 145
        },
        {
            "timestamp": "2015-07-13T10:28:08.000Z",
            "speed": 0.79,
            "heart_rate": 150
        },
        {
            "timestamp": "2015-07-13T10:28:18.000Z",
            "speed": 0.79,
            "heart_rate": 155
        },
        {
            "timestamp": "2015-07-13T10:28:26.000Z",
            "speed": 0.79,
            "heart_rate": 150
        },
        {
            "timestamp": "2015-07-13T10:28:35.000Z",
            "speed": 0.79,
            "heart_rate": 156
        },
        {
            "timestamp": "2015-07-13T10:28:36.000Z",
            "speed": 0.79,
            "heart_rate": 162
        },
        {
            "timestamp": "2015-07-13T10:28:37.000Z",
            "speed": 0.79,
            "heart_rate": 162
        },
        {
            "timestamp": "2015-07-13T10:28:44.000Z",
            "speed": 0.79,
            "heart_rate": 170
        },
        {
            "timestamp": "2015-07-13T10:28:47.000Z",
            "speed": 0.79,
            "heart_rate": 175
        },
        {
            "timestamp": "2015-07-13T10:28:55.000Z",
            "speed": 0.79,
            "heart_rate": 170
        },
        {
            "timestamp": "2015-07-13T10:29:00.000Z",
            "speed": 0.79,
            "heart_rate": 165
        },
        {
            "timestamp": "2015-07-13T10:29:15.000Z",
            "speed": 0.79,
            "heart_rate": 159
        },
        {
            "timestamp": "2015-07-13T10:29:22.000Z",
            "speed": 0.79,
            "heart_rate": 154
        },
        {
            "timestamp": "2015-07-13T10:29:38.000Z",
            "speed": 0.79,
            "heart_rate": 149
        },
        {
            "timestamp": "2015-07-13T10:29:42.000Z",
            "speed": 0.79,
            "heart_rate": 144
        },
        {
            "timestamp": "2015-07-13T10:29:55.000Z",
            "speed": 0.79,
            "heart_rate": 139
        },
        {
            "timestamp": "2015-07-13T10:30:14.000Z",
            "speed": 0.79,
            "heart_rate": 144
        },
        {
            "timestamp": "2015-07-13T10:30:27.000Z",
            "speed": 0.79,
            "heart_rate": 149
        },
        {
            "timestamp": "2015-07-13T10:30:43.000Z",
            "speed": 0.79,
            "heart_rate": 154
        },
        {
            "timestamp": "2015-07-13T10:31:41.000Z",
            "speed": 0.79,
            "heart_rate": 149
        },
        {
            "timestamp": "2015-07-13T10:31:57.000Z",
            "speed": 0.79,
            "heart_rate": 154
        },
        {
            "timestamp": "2015-07-13T10:32:13.000Z",
            "speed": 0.79,
            "heart_rate": 149
        },
        {
            "timestamp": "2015-07-13T10:32:19.000Z",
            "speed": 0.79,
            "heart_rate": 144
        },
        {
            "timestamp": "2015-07-13T10:32:22.000Z",
            "speed": 0.79,
            "heart_rate": 138
        },
        {
            "timestamp": "2015-07-13T10:32:38.000Z",
            "speed": 0.79,
            "heart_rate": 143
        },
        {
            "timestamp": "2015-07-13T10:32:49.000Z",
            "speed": 0.79,
            "heart_rate": 148
        },
        {
            "timestamp": "2015-07-13T10:32:55.000Z",
            "speed": 0.79,
            "heart_rate": 153
        },
        {
            "timestamp": "2015-07-13T10:33:05.000Z",
            "speed": 0.79,
            "heart_rate": 158
        },
        {
            "timestamp": "2015-07-13T10:33:16.000Z",
            "speed": 0.79,
            "heart_rate": 163
        },
        {
            "timestamp": "2015-07-13T10:33:46.000Z",
            "speed": 0.79,
            "heart_rate": 158
        },
        {
            "timestamp": "2015-07-13T10:33:51.000Z",
            "speed": 0.79,
            "heart_rate": 152
        },
        {
            "timestamp": "2015-07-13T10:34:01.000Z",
            "speed": 0.79,
            "heart_rate": 147
        },
        {
            "timestamp": "2015-07-13T10:34:24.000Z",
            "speed": 0.79,
            "heart_rate": 152
        },
        {
            "timestamp": "2015-07-13T10:34:37.000Z",
            "speed": 0.79,
            "heart_rate": 147
        },
        {
            "timestamp": "2015-07-13T10:34:51.000Z",
            "speed": 0.79,
            "heart_rate": 142
        },
        {
            "timestamp": "2015-07-13T10:35:14.000Z",
            "speed": 0.79,
            "heart_rate": 137
        },
        {
            "timestamp": "2015-07-13T10:35:35.000Z",
            "speed": 0.79,
            "heart_rate": 132
        },
        {
            "timestamp": "2015-07-13T10:35:38.000Z",
            "speed": 0.79,
            "heart_rate": 127
        },
        {
            "timestamp": "2015-07-13T10:35:42.000Z",
            "speed": 0.79,
            "heart_rate": 122
        },
        {
            "timestamp": "2015-07-13T10:35:51.000Z",
            "speed": 0.79,
            "heart_rate": 127
        },
        {
            "timestamp": "2015-07-13T10:36:08.000Z",
            "speed": 0.79,
            "heart_rate": 132
        },
        {
            "timestamp": "2015-07-13T10:36:12.000Z",
            "speed": 0.79,
            "heart_rate": 126
        },
        {
            "timestamp": "2015-07-13T10:36:18.000Z",
            "speed": 0.79,
            "heart_rate": 121
        },
        {
            "timestamp": "2015-07-13T10:36:37.000Z",
            "speed": 0.79,
            "heart_rate": 126
        },
        {
            "timestamp": "2015-07-13T10:36:47.000Z",
            "speed": 0.79,
            "heart_rate": 121
        },
        {
            "timestamp": "2015-07-13T10:36:59.000Z",
            "speed": 0.79,
            "heart_rate": 115
        },
        {
            "timestamp": "2015-07-13T10:37:06.000Z",
            "speed": 0.79,
            "heart_rate": 120
        },
        {
            "timestamp": "2015-07-13T10:37:20.000Z",
            "speed": 0.79,
            "heart_rate": 114
        },
        {
            "timestamp": "2015-07-13T10:37:27.000Z",
            "speed": 0.79,
            "heart_rate": 109
        },
        {
            "timestamp": "2015-07-13T10:38:17.000Z",
            "speed": 0.79,
            "heart_rate": 104
        },
        {
            "timestamp": "2015-07-13T10:38:42.000Z",
            "speed": 0.79,
            "heart_rate": 99
        },
        {
            "timestamp": "2015-07-13T10:38:48.000Z",
            "speed": 0.79,
            "heart_rate": 105
        },
        {
            "timestamp": "2015-07-13T10:38:52.000Z",
            "speed": 0.79,
            "heart_rate": 110
        },
        {
            "timestamp": "2015-07-13T10:39:04.000Z",
            "speed": 0.79,
            "heart_rate": 110
        }
    ],
    "sessions": [
        {
            "timestamp": "2015-07-13T13:54:25.000Z",
            "start_time": "2015-07-13T08:39:58.000Z",
            "total_elapsed_time": 7145.81,
            "total_timer_time": 7144.31,
            "total_calories": 1032,
            "num_laps": 1,
            "event": 8,
            "event_type": 1,
            "sport": 1,
            "avg_heart_rate": 149,
            "max_heart_rate": 188
        }
    ],
    "laps": [
        {
            "timestamp": "2015-07-13T10:39:05.000Z",
            "start_time": "2015-07-13T08:39:58.000Z",
            "total_elapsed_time": 7145.81,
            "total_timer_time": 7144.31,
            "total_calories": 1032,
            "event": 9,
            "event_type": 1,
            "avg_heart_rate": 149,
            "max_heart_rate": 188,
            "sport": 1
        }
    ],
    "events": [
        {
            "timestamp": 805711198
        },
        {
            "timestamp": 805711198,
            "data": 4092,
            "event": 11,
            "event_type": 3
        },
        {
            "timestamp": 805713989,
            "event_type": 4
        },
        {
            "timestamp": 805713991
        },
        {
            "timestamp": 805718344,
            "event_type": 4
        },
        {
            "timestamp": 805718464,
            "data": 107,
            "event": 21,
            "event_type": 3
        },
        {
            "timestamp": 805718679,
            "event": 5,
            "event_type": 4
        },
        {
            "timestamp": 805729667,
            "event": 6,
            "event_type": 4
        },
        {
            "timestamp": 805730065,
            "data": 1,
            "event": 8,
            "event_type": 9,
            "event_group": 1
        }
    ],
    "_fileHeader_": {
        "headerSize": 14,
        "protocolVersion": 16,
        "profileVersion": 135,
        "dataSize": 18292,
        "protocolVersionMajor": 1,
        "protocolVersionMinor": 0,
        "profileVersionMajor": 1,
        "profileVersionMinor": 35,
        "estimatedFitFileSize": 18308,
        "dataType": ".FIT",
        "headerCRC": 0,
        "CRC": 49801,
        "verifyCRC": 49801
    },
    "_info_": [
        "Header CRC was not stored in the file",
        "Skipping undefined field. BaseType: 134, FieldDefId: 253, Reported size: 4, Glob msg: undefined",
        "Skipping undefined field. BaseType: 132, FieldDefId: 0, Reported size: 2, Glob msg: undefined",
        "Skipping undefined field. BaseType: 132, FieldDefId: 3, Reported size: 2, Glob msg: undefined",
        "Skipping undefined field. BaseType: 2, FieldDefId: 1, Reported size: 1, Glob msg: undefined",
        "Skipping undefined field. BaseType: 2, FieldDefId: 2, Reported size: 1, Glob msg: undefined",
        "Skipping undefined field. BaseType: 0, FieldDefId: 4, Reported size: 1, Glob msg: undefined",
        "Skipping undefined field. BaseType: 0, FieldDefId: 5, Reported size: 1, Glob msg: undefined",
        "Skipping undefined field. BaseType: 2, FieldDefId: 6, Reported size: 1, Glob msg: undefined",
        "Skipping undefined field. BaseType: 1, FieldDefId: 7, Reported size: 1, Glob msg: undefined",
        "Skipping undefined field. BaseType: 134, FieldDefId: 8, Reported size: 4, Glob msg: device_info",
        "Skipping undefined field. BaseType: 134, FieldDefId: 8, Reported size: 4, Glob msg: device_info",
        "Skipping undefined field. BaseType: 134, FieldDefId: 253, Reported size: 4, Glob msg: undefined",
        "Skipping undefined field. BaseType: 2, FieldDefId: 0, Reported size: 1, Glob msg: undefined",
        "Skipping undefined field. BaseType: 2, FieldDefId: 1, Reported size: 1, Glob msg: undefined",
        "Skipping undefined field. BaseType: 2, FieldDefId: 2, Reported size: 1, Glob msg: undefined",
        "Skipping undefined field. BaseType: 2, FieldDefId: 3, Reported size: 1, Glob msg: undefined",
        "Skipping undefined field. BaseType: 2, FieldDefId: 4, Reported size: 1, Glob msg: undefined",
        "Skipping undefined field. BaseType: 0, FieldDefId: 5, Reported size: 1, Glob msg: undefined",
        "Skipping undefined field. BaseType: 2, FieldDefId: 6, Reported size: 1, Glob msg: undefined"
    ]
}