{
    "activity": {
        "timestamp": "2015-08-17T20:59:11.000Z",
        "num_sessions": 1
    },
    "records": [
        {
            "timestamp": "2015-08-17T20:59:11.000Z",
            "heart_rate": 73
        },
        {
            "timestamp": "2015-08-17T20:59:11.000Z",
            "heart_rate": 73
        },
        {
            "timestamp": "2015-08-17T20:59:12.000Z",
            "altitude": 51,
            "heart_rate": 73
        },
        {
            "timestamp": "2015-08-17T20:59:12.000Z",
            "altitude": 51,
            "heart_rate": 74
        },
        {
            "timestamp": "2015-08-17T20:59:13.000Z",
            "altitude": 51,
            "heart_rate": 75
        },
        {
            "timestamp": "2015-08-17T20:59:14.000Z",
            "altitude": 51,
            "heart_rate": 77
        },
        {
            "timestamp": "2015-08-17T20:59:15.000Z",
            "altitude": 51,
            "heart_rate": 81
        },
        {
            "timestamp": "2015-08-17T20:59:16.000Z",
            "altitude": 51,
            "heart_rate": 82
        },
        {
            "timestamp": "2015-08-17T20:59:17.000Z",
            "altitude": 51,
            "heart_rate": 82
        },
        {
            "timestamp": "2015-08-17T20:59:18.000Z",
            "altitude": 51,
            "heart_rate": 83
        },
        {
            "timestamp": "2015-08-17T20:59:19.000Z",
            "altitude": 51,
            "heart_rate": 83
        },
        {
            "timestamp": "2015-08-17T20:59:20.000Z",
            "altitude": 51,
            "heart_rate": 84
        },
        {
            "timestamp": "2015-08-17T20:59:21.000Z",
            "altitude": 51,
            "heart_rate": 84
        },
        {
            "timestamp": "2015-08-17T20:59:22.000Z",
            "altitude": 51,
            "heart_rate": 84
        },
        {
            "timestamp": "2015-08-17T20:59:23.000Z",
            "altitude": 51,
            "heart_rate": 84
        },
        {
            "timestamp": "2015-08-17T20:59:24.000Z",
            "altitude": 51,
            "heart_rate": 84
        },
        {
            "timestamp": "2015-08-17T20:59:25.000Z",
            "altitude": 51,
            "heart_rate": 84
        },
        {
            "timestamp": "2015-08-17T20:59:26.000Z",
            "altitude": 51,
            "heart_rate": 83
        },
        {
            "timestamp": "2015-08-17T20:59:27.000Z",
            "altitude": 51,
            "heart_rate": 83
        },
        {
            "timestamp": "2015-08-17T20:59:28.000Z",
            "altitude": 51,
            "heart_rate": 84
        },
        {
            "timestamp": "2015-08-17T20:59:29.000Z",
            "altitude": 51,
            "heart_rate": 86
        },
        {
            "timestamp": "2015-08-17T20:59:30.000Z",
            "altitude": 51,
            "heart_rate": 88
        },
        {
            "timestamp": "2015-08-17T20:59:31.000Z",
            "altitude": 51,
            "heart_rate": 89
        },
        {
            "timestamp": "2015-08-17T20:59:32.000Z",
            "altitude": 51,
            "heart_rate": 90
        },
        {
            "timestamp": "2015-08-17T20:59:33.000Z",
            "altitude": 51,
            "heart_rate": 91
        },
        {
            "timestamp": "2015-08-17T20:59:34.000Z",
            "altitude": 51,
            "heart_rate": 92
        },
        {
            "timestamp": "2015-08-17T20:59:35.000Z",
            "altitude": 51,
            "heart_rate": 93
        },
        {
            "timestamp": "2015-08-17T20:59:36.000Z",
            "altitude": 51,
            "heart_rate": 94
        },
        {
            "timestamp": "2015-08-17T20:59:37.000Z",
            "altitude": 51,
            "heart_rate": 95
        },
        {
            "timestamp": "2015-08-17T20:59:38.000Z",
            "altitude": 51,
            "heart_rate": 97
        },
        {
            "timestamp": "2015-08-17T20:59:39.000Z",
            "altitude": 51,
            "heart_rate": 98
        },
        {
            "timestamp": "2015-08-17T20:59:40.000Z",
            "altitude": 51,
            "heart_rate": 99
        },
        {
            "timestamp": "2015-08-17T20:59:41.000Z",
            "altitude": 51,
            "heart_rate": 100
        },
        {
            "timestamp": "2015-08-17T20:59:42.000Z",
            "altitude": 51,
            "heart_rate": 100
        },
        {
            "timestamp": "2015-08-17T20:59:43.000Z",
            "altitude": 51,
            "heart_rate": 99
        },
        {
            "timestamp": "2015-08-17T20:59:44.000Z",
            "altitude": 51,
            "heart_rate": 99
        },
        {
            "timestamp": "2015-08-17T20:59:45.000Z",
            "altitude": 51,
            "heart_rate": 99
        },
        {
            "timestamp": "2015-08-17T20:59:46.000Z",
            "altitude": 51,
            "heart_rate": 102
        },
        {
            "timestamp": "2015-08-17T20:59:47.000Z",
            "altitude": 51,
            "heart_rate": 103
        },
        {
            "timestamp": "2015-08-17T20:59:48.000Z",
            "altitude": 51,
            "heart_rate": 104
        },
        {
            "timestamp": "2015-08-17T20:59:49.000Z",
            "altitude": 51,
            "heart_rate": 104
        },
        {
            "timestamp": "2015-08-17T20:59:50.000Z",
            "altitude": 51,
            "heart_rate": 104
        },
        {
            "timestamp": "2015-08-17T20:59:51.000Z",
            "altitude": 51,
            "heart_rate": 104
        },
        {
            "timestamp": "2015-08-17T20:59:52.000Z",
            "altitude": 51,
            "heart_rate": 104
        },
        {
            "timestamp": "2015-08-17T20:59:53.000Z",
            "altitude": 51,
            "heart_rate": 105
        },
        {
            "timestamp": "2015-08-17T20:59:54.000Z",
            "altitude": 51,
            "heart_rate": 105
        },
        {
            "timestamp": "2015-08-17T20:59:55.000Z",
            "altitude": 51,
            "heart_rate": 105
        },
        {
            "timestamp": "2015-08-17T20:59:56.000Z",
            "altitude": 51,
            "heart_rate": 105
        },
        {
            "timestamp": "2015-08-17T20:59:57.000Z",
            "altitude": 51,
            "heart_rate": 105
        },
        {
            "timestamp": "2015-08-17T20:59:58.000Z",
            "altitude": 51,
            "heart_rate": 104
        },
        {
            "timestamp": "2015-08-17T20:59:59.000Z",
            "altitude": 51,
            "heart_rate": 104
        },
        {
            "timestamp": "2015-08-17T21:00:00.000Z",
            "altitude": 51,
            "heart_rate": 105
        },
        {
            "timestamp": "2015-08-17T21:00:01.000Z",
            "altitude": 51,
            "heart_rate": 105
        },
        {
            "timestamp": "2015-08-17T21:00:02.000Z",
            "altitude": 51,
            "heart_rate": 102
        },
        {
            "timestamp": "2015-08-17T21:00:03.000Z",
            "altitude": 51,
            "heart_rate": 100
        },
        {
            "timestamp": "2015-08-17T21:00:04.000Z",
            "altitude": 51,
            "heart_rate": 99
        },
        {
            "timestamp": "2015-08-17T21:00:05.000Z",
            "altitude": 51,
            "heart_rate": 98
        },
        {
            "timestamp": "2015-08-17T21:00:06.000Z",
            "altitude": 51,
            "heart_rate": 98
        },
        {
            "timestamp": "2015-08-17T21:00:07.000Z",
            "altitude": 51,
            "heart_rate": 99
        },
        {
            "timestamp": "2015-08-17T21:00:08.000Z",
            "altitude": 51,
            "heart_rate": 100
        },
        {
            "timestamp": "2015-08-17T21:00:09.000Z",
            "altitude": 51,
            "heart_rate": 100
        },
        {
            "timestamp": "2015-08-17T21:00:10.000Z",
            "altitude": 51,
            "heart_rate": 99
        },
        {
            "timestamp": "2015-08-17T21:00:11.000Z",
            "altitude": 51,
            "heart_rate": 99
        },
        {
            "timestamp": "2015-08-17T21:00:12.000Z",
            "altitude": 51,
            "heart_rate": 99
        },
        {
            "timestamp": "2015-08-17T21:00:13.000Z",
            "altitude": 51,
            "heart_rate": 98
        },
        {
            "timestamp": "2015-08-17T21:00:14.000Z",
            "altitude": 51,
            "heart_rate": 98
        },
        {
            "timestamp": "2015-08-17T21:00:15.000Z",
            "altitude": 51,
            "heart_rate": 99
        },
        {
            "timestamp": "2015-08-17T21:00:16.000Z",
            "altitude": 51,
            "heart_rate": 99
        },
        {
            "timestamp": "2015-08-17T21:00:17.000Z",
            "altitude": 51,
            "heart_rate": 100
        },
        {
            "timestamp": "2015-08-17T21:00:18.000Z",
            "altitude": 51,
            "heart_rate": 99
        },
        {
            "timestamp": "2015-08-17T21:00:19.000Z",
            "altitude": 51,
            "heart_rate": 97
        },
        {
            "timestamp": "2015-08-17T21:00:20.000Z",
            "altitude": 51,
            "heart_rate": 97
        },
        {
            "timestamp": "2015-08-17T21:00:21.000Z",
            "altitude": 51,
            "heart_rate": 96
        },
        {
            "timestamp": "2015-08-17T21:00:22.000Z",
            "altitude": 51,
            "heart_rate": 96
        },
        {
            "timestamp": "2015-08-17T21:00:23.000Z",
            "altitude": 51,
            "heart_rate": 96
        },
        {
            "timestamp": "2015-08-17T21:00:24.000Z",
            "altitude": 51,
            "heart_rate": 95
        },
        {
            "timestamp": "2015-08-17T21:00:25.000Z",
            "altitude": 51,
            "heart_rate": 94
        },
        {
            "timestamp": "2015-08-17T21:00:26.000Z",
            "altitude": 51,
            "heart_rate": 92
        },
        {
            "timestamp": "2015-08-17T21:00:27.000Z",
            "altitude": 51,
            "heart_rate": 94
        },
        {
            "timestamp": "2015-08-17T21:00:28.000Z",
            "altitude": 51,
            "heart_rate": 94
        },
        {
            "timestamp": "2015-08-17T21:00:29.000Z",
            "altitude": 51,
            "heart_rate": 96
        },
        {
            "timestamp": "2015-08-17T21:00:30.000Z",
            "altitude": 51,
            "heart_rate": 97
        },
        {
            "timestamp": "2015-08-17T21:00:31.000Z",
            "altitude": 51,
            "heart_rate": 98
        },
        {
            "timestamp": "2015-08-17T21:00:32.000Z",
            "altitude": 51,
            "heart_rate": 99
        },
        {
            "timestamp": "2015-08-17T21:00:33.000Z",
            "altitude": 51,
            "heart_rate": 100
        },
        {
            "timestamp": "2015-08-17T21:00:34.000Z",
            "altitude": 51,
            "heart_rate": 101
        },
        {
            "timestamp": "2015-08-17T21:00:35.000Z",
            "altitude": 51,
            "heart_rate": 99
        },
        {
            "timestamp": "2015-08-17T21:00:36.000Z",
            "altitude": 51,
            "heart_rate": 98
        },
        {
            "timestamp": "2015-08-17T21:00:37.000Z",
            "altitude": 51,
            "heart_rate": 98
        },
        {
            "timestamp": "2015-08-17T21:00:38.000Z",
            "altitude": 51,
            "heart_rate": 99
        },
        {
            "timestamp": "2015-08-17T21:00:39.000Z",
            "altitude": 51,
            "heart_rate": 100
        },
        {
            "timestamp": "2015-08-17T21:00:40.000Z",
            "altitude": 51,
            "heart_rate": 99
        },
        {
            "timestamp": "2015-08-17T21:00:41.000Z",
            "altitude": 51,
            "heart_rate": 97
        },
        {
            "timestamp": "2015-08-17T21:00:42.000Z",
            "altitude": 51,
            "heart_rate": 98
        },
        {
            "timestamp": "2015-08-17T21:00:43.000Z",
            "altitude": 51,
            "heart_rate": 99
        },
        {
            "timestamp": "2015-08-17T21:00:44.000Z",
            "altitude": 51,
            "heart_rate": 101
        },
        {
            "timestamp": "2015-08-17T21:00:45.000Z",
            "altitude": 51,
            "heart_rate": 102
        },
        {
            "timestamp": "2015-08-17T21:00:46.000Z",
            "altitude": 51,
            "heart_rate": 103
        },
        {
            "timestamp": "2015-08-17T21:00:47.000Z",
            "altitude": 51,
            "heart_rate": 103
        },
        {
            "timestamp": "2015-08-17T21:00:48.000Z",
            "altitude": 51,
            "heart_rate": 103
        },
        {
            "timestamp": "2015-08-17T21:00:49.000Z",
            "altitude": 51,
            "heart_rate": 103
        },
        {
            "timestamp": "2015-08-17T21:00:50.000Z",
            "altitude": 51,
            "heart_rate": 104
        },
        {
            "timestamp": "2015-08-17T21:00:51.000Z",
            "altitude": 51,
            "heart_rate": 105
        },
        {
            "timestamp": "2015-08-17T21:00:52.000Z",
            "altitude": 51,
            "heart_rate": 106
        },
        {
            "timestamp": "2015-08-17T21:00:53.000Z",
            "altitude": 51,
            "heart_rate": 107
        },
        {
            "timestamp": "2015-08-17T21:00:54.000Z",
            "altitude": 51,
            "heart_rate": 108
        },
        {
            "timestamp": "2015-08-17T21:00:55.000Z",
            "altitude": 51,
            "heart_rate": 110
        },
        {
            "timestamp": "2015-08-17T21:00:56.000Z",
            "altitude": 51,
            "heart_rate": 111
        },
        {
            "timestamp": "2015-08-17T21:00:57.000Z",
            "altitude": 51,
            "heart_rate": 111
        },
        {
            "timestamp": "2015-08-17T21:00:58.000Z",
            "altitude": 51,
            "heart_rate": 112
        },
        {
            "timestamp": "2015-08-17T21:00:59.000Z",
            "altitude": 51,
            "heart_rate": 113
        },
        {
            "timestamp": "2015-08-17T21:01:00.000Z",
            "altitude": 51,
            "heart_rate": 114
        },
        {
            "timestamp": "2015-08-17T21:01:01.000Z",
            "altitude": 51,
            "heart_rate": 113
        },
        {
            "timestamp": "2015-08-17T21:01:02.000Z",
            "altitude": 51,
            "heart_rate": 113
        },
        {
            "timestamp": "2015-08-17T21:01:03.000Z",
            "altitude": 51,
            "heart_rate": 113
        },
        {
            "timestamp": "2015-08-17T21:01:04.000Z",
            "altitude": 51,
            "heart_rate": 114
        },
        {
            "timestamp": "2015-08-17T21:01:05.000Z",
            "altitude": 51,
            "heart_rate": 114
        },
        {
            "timestamp": "2015-08-17T21:01:06.000Z",
            "altitude": 51,
            "heart_rate": 114
        },
        {
            "timestamp": "2015-08-17T21:01:07.000Z",
            "altitude": 51,
            "heart_rate": 114
        },
        {
            "timestamp": "2015-08-17T21:01:08.000Z",
            "altitude": 51,
            "heart_rate": 114
        },
        {
            "timestamp": "2015-08-17T21:01:09.000Z",
            "altitude": 51,
            "heart_rate": 114
        },
        {
            "timestamp": "2015-08-17T21:01:10.000Z",
            "altitude": 51,
            "heart_rate": 114
        },
        {
            "timestamp": "2015-08-17T21:01:11.000Z",
            "altitude": 51,
            "heart_rate": 114
        },
        {
            "timestamp": "2015-08-17T21:01:12.000Z",
            "altitude": 51,
            "heart_rate": 114
        },
        {
            "timestamp": "2015-08-17T21:01:13.000Z",
            "altitude": 51,
            "heart_rate": 110
        },
        {
            "timestamp": "2015-08-17T21:01:14.000Z",
            "altitude": 51,
            "heart_rate": 110
        },
        {
            "timestamp": "2015-08-17T21:01:15.000Z",
            "altitude": 51,
            "heart_rate": 110
        },
        {
            "timestamp": "2015-08-17T21:01:16.000Z",
            "altitude": 51,
            "heart_rate": 111
        },
        {
            "timestamp": "2015-08-17T21:01:17.000Z",
            "altitude": 51,
            "heart_rate": 112
        },
        {
            "timestamp": "2015-08-17T21:01:18.000Z",
            "altitude": 51,
            "heart_rate": 113
        },
        {
            "timestamp": "2015-08-17T21:01:19.000Z",
            "altitude": 51,
            "heart_rate": 113
        },
        {
            "timestamp": "2015-08-17T21:01:20.000Z",
            "altitude": 51,
            "heart_rate": 114
        },
        {
            "timestamp": "2015-08-17T21:01:21.000Z",
            "altitude": 51,
            "heart_rate": 113
        },
        {
            "timestamp": "2015-08-17T21:01:22.000Z",
            "altitude": 51,
            "heart_rate": 113
        },
        {
            "timestamp": "2015-08-17T21:01:23.000Z",
            "altitude": 51,
            "heart_rate": 114
        },
        {
            "timestamp": "2015-08-17T21:01:24.000Z",
            "altitude": 51,
            "heart_rate": 115
        },
        {
            "timestamp": "2015-08-17T21:01:25.000Z",
            "altitude": 51,
            "heart_rate": 115
        },
        {
            "timestamp": "2015-08-17T21:01:26.000Z",
            "altitude": 51,
            "heart_rate": 116
        },
        {
            "timestamp": "2015-08-17T21:01:27.000Z",
            "altitude": 51,
            "heart_rate": 116
        },
        {
            "timestamp": "2015-08-17T21:01:28.000Z",
            "altitude": 51,
            "heart_rate": 115
        },
        {
            "timestamp": "2015-08-17T21:01:29.000Z",
            "altitude": 51,
            "heart_rate": 116
        },
        {
            "timestamp": "2015-08-17T21:01:30.000Z",
            "altitude": 51,
            "heart_rate": 117
        },
        {
            "timestamp": "2015-08-17T21:01:31.000Z",
            "altitude": 51,
            "heart_rate": 118
        },
        {
            "timestamp": "2015-08-17T21:01:32.000Z",
            "altitude": 51,
            "heart_rate": 119
        },
        {
            "timestamp": "2015-08-17T21:01:33.000Z",
            "altitude": 51,
            "heart_rate": 120
        },
        {
            "timestamp": "2015-08-17T21:01:34.000Z",
            "altitude": 51,
            "heart_rate": 120
        },
        {
            "timestamp": "2015-08-17T21:01:35.000Z",
            "altitude": 51,
            "heart_rate": 121
        },
        {
            "timestamp": "2015-08-17T21:01:36.000Z",
            "altitude": 51,
            "heart_rate": 121
        },
        {
            "timestamp": "2015-08-17T21:01:37.000Z",
            "altitude": 51,
            "heart_rate": 121
        },
        {
            "timestamp": "2015-08-17T21:01:38.000Z",
            "altitude": 51,
            "heart_rate": 121
        },
        {
            "timestamp": "2015-08-17T21:01:39.000Z",
            "altitude": 51,
            "heart_rate": 121
        },
        {
            "timestamp": "2015-08-17T21:01:40.000Z",
            "altitude": 51,
            "heart_rate": 122
        },
        {
            "timestamp": "2015-08-17T21:01:41.000Z",
            "altitude": 51,
            "heart_rate": 121
        },
        {
            "timestamp": "2015-08-17T21:01:42.000Z",
            "altitude": 51,
            "heart_rate": 121
        },
        {
            "timestamp": "2015-08-17T21:01:43.000Z",
            "altitude": 51,
            "heart_rate": 121
        },
        {
            "timestamp": "2015-08-17T21:01:44.000Z",
            "altitude": 51,
            "heart_rate": 121
        },
        {
            "timestamp": "2015-08-17T21:01:45.000Z",
            "altitude": 51,
            "heart_rate": 121
        },
        {
            "timestamp": "2015-08-17T21:01:46.000Z",
            "altitude": 51,
            "heart_rate": 121
        },
        {
            "timestamp": "2015-08-17T21:01:47.000Z",
            "altitude": 51,
            "heart_rate": 121
        },
        {
            "timestamp": "2015-08-17T21:01:48.000Z",
            "altitude": 51,
            "heart_rate": 121
        },
        {
            "timestamp": "2015-08-17T21:01:49.000Z",
            "altitude": 51,
            "heart_rate": 122
        },
        {
            "timestamp": "2015-08-17T21:01:50.000Z",
            "altitude": 51,
            "heart_rate": 123
        },
        {
            "timestamp": "2015-08-17T21:01:51.000Z",
            "altitude": 51,
            "heart_rate": 124
        },
        {
            "timestamp": "2015-08-17T21:01:52.000Z",
            "altitude": 51,
            "heart_rate": 124
        },
        {
            "timestamp": "2015-08-17T21:01:53.000Z",
            "altitude": 51,
            "heart_rate": 125
        },
        {
            "timestamp": "2015-08-17T21:01:54.000Z",
            "altitude": 51,
            "heart_rate": 126
        },
        {
            "timestamp": "2015-08-17T21:01:55.000Z",
            "altitude": 51,
            "heart_rate": 127
        },
        {
            "timestamp": "2015-08-17T21:01:56.000Z",
            "altitude": 51,
            "heart_rate": 129
        },
        {
            "timestamp": "2015-08-17T21:01:57.000Z",
            "altitude": 51,
            "heart_rate": 130
        },
        {
            "timestamp": "2015-08-17T21:01:58.000Z",
            "altitude": 51,
            "heart_rate": 131
        },
        {
            "timestamp": "2015-08-17T21:01:59.000Z",
            "altitude": 51,
            "heart_rate": 132
        },
        {
            "timestamp": "2015-08-17T21:02:00.000Z",
            "altitude": 51,
            "heart_rate": 133
        },
        {
            "timestamp": "2015-08-17T21:02:01.000Z",
            "altitude": 51,
            "heart_rate": 134
        },
        {
            "timestamp": "2015-08-17T21:02:02.000Z",
            "altitude": 51,
            "heart_rate": 137
        },
        {
            "timestamp": "2015-08-17T21:02:03.000Z",
            "altitude": 51,
            "heart_rate": 137
        },
        {
            "timestamp": "2015-08-17T21:02:04.000Z",
            "altitude": 51,
            "heart_rate": 137
        },
        {
            "timestamp": "2015-08-17T21:02:05.000Z",
            "altitude": 51,
            "heart_rate": 138
        },
        {
            "timestamp": "2015-08-17T21:02:06.000Z",
            "altitude": 51,
            "heart_rate": 138
        },
        {
            "timestamp": "2015-08-17T21:02:07.000Z",
            "altitude": 51,
            "heart_rate": 139
        },
        {
            "timestamp": "2015-08-17T21:02:08.000Z",
            "altitude": 51,
            "heart_rate": 140
        },
        {
            "timestamp": "2015-08-17T21:02:09.000Z",
            "altitude": 51,
            "heart_rate": 140
        },
        {
            "timestamp": "2015-08-17T21:02:10.000Z",
            "altitude": 51,
            "heart_rate": 140
        },
        {
            "timestamp": "2015-08-17T21:02:11.000Z",
            "altitude": 51,
            "heart_rate": 141
        },
        {
            "timestamp": "2015-08-17T21:02:12.000Z",
            "altitude": 51,
            "heart_rate": 141
        },
        {
            "timestamp": "2015-08-17T21:02:13.000Z",
            "altitude": 51,
            "heart_rate": 140
        },
        {
            "timestamp": "2015-08-17T21:02:14.000Z",
            "altitude": 51,
            "heart_rate": 140
        },
        {
            "timestamp": "2015-08-17T21:02:15.000Z",
            "altitude": 51,
            "heart_rate": 140
        },
        {
            "timestamp": "2015-08-17T21:02:16.000Z",
            "altitude": 51,
            "heart_rate": 139
        },
        {
            "timestamp": "2015-08-17T21:02:17.000Z",
            "altitude": 51,
            "heart_rate": 139
        },
        {
            "timestamp": "2015-08-17T21:02:18.000Z",
            "altitude": 51,
            "heart_rate": 139
        },
        {
            "timestamp": "2015-08-17T21:02:19.000Z",
            "altitude": 51,
            "heart_rate": 138
        },
        {
            "timestamp": "2015-08-17T21:02:20.000Z",
            "altitude": 51,
            "heart_rate": 136
        },
        {
            "timestamp": "2015-08-17T21:02:21.000Z",
            "altitude": 51,
            "heart_rate": 133
        },
        {
            "timestamp": "2015-08-17T21:02:22.000Z",
            "altitude": 51,
            "heart_rate": 132
        },
        {
            "timestamp": "2015-08-17T21:02:23.000Z",
            "altitude": 51,
            "heart_rate": 129
        },
        {
            "timestamp": "2015-08-17T21:02:24.000Z",
            "altitude": 51,
            "heart_rate": 126
        },
        {
            "timestamp": "2015-08-17T21:02:25.000Z",
            "altitude": 51,
            "heart_rate": 124
        },
        {
            "timestamp": "2015-08-17T21:02:26.000Z",
            "altitude": 51,
            "heart_rate": 124
        },
        {
            "timestamp": "2015-08-17T21:02:27.000Z",
            "altitude": 51,
            "heart_rate": 125
        },
        {
            "timestamp": "2015-08-17T21:02:28.000Z",
            "altitude": 51,
            "heart_rate": 125
        },
        {
            "timestamp": "2015-08-17T21:02:29.000Z",
            "altitude": 51,
            "heart_rate": 124
        },
        {
            "timestamp": "2015-08-17T21:02:30.000Z",
            "altitude": 51,
            "heart_rate": 124
        },
        {
            "timestamp": "2015-08-17T21:02:31.000Z",
            "altitude": 51,
            "heart_rate": 122
        },
        {
            "timestamp": "2015-08-17T21:02:32.000Z",
            "altitude": 51,
            "heart_rate": 119
        },
        {
            "timestamp": "2015-08-17T21:02:33.000Z",
            "altitude": 51,
            "heart_rate": 119
        },
        {
            "timestamp": "2015-08-17T21:02:34.000Z",
            "altitude": 51,
            "heart_rate": 120
        },
        {
            "timestamp": "2015-08-17T21:02:35.000Z",
            "altitude": 51,
            "heart_rate": 119
        },
        {
            "timestamp": "2015-08-17T21:02:36.000Z",
            "altitude": 51,
            "heart_rate": 118
        },
        {
            "timestamp": "2015-08-17T21:02:37.000Z",
            "altitude": 51,
            "heart_rate": 117
        },
        {
            "timestamp": "2015-08-17T21:02:38.000Z",
            "altitude": 51,
            "heart_rate": 115
        },
        {
            "timestamp": "2015-08-17T21:02:39.000Z",
            "altitude": 51,
            "heart_rate": 114
        },
        {
            "timestamp": "2015-08-17T21:02:40.000Z",
            "altitude": 51,
            "heart_rate": 112
        },
        {
            "timestamp": "2015-08-17T21:02:41.000Z",
            "altitude": 51,
            "heart_rate": 112
        },
        {
            "timestamp": "2015-08-17T21:02:42.000Z",
            "altitude": 51,
            "heart_rate": 111
        },
        {
            "timestamp": "2015-08-17T21:02:43.000Z",
            "altitude": 51,
            "heart_rate": 110
        },
        {
            "timestamp": "2015-08-17T21:02:44.000Z",
            "altitude": 51,
            "heart_rate": 110
        },
        {
            "timestamp": "2015-08-17T21:02:45.000Z",
            "altitude": 51,
            "heart_rate": 110
        },
        {
            "timestamp": "2015-08-17T21:02:46.000Z",
            "altitude": 51,
            "heart_rate": 110
        },
        {
            "timestamp": "2015-08-17T21:02:47.000Z",
            "altitude": 51,
            "heart_rate": 110
        },
        {
            "timestamp": "2015-08-17T21:02:48.000Z",
            "altitude": 51,
            "heart_rate": 111
        },
        {
            "timestamp": "2015-08-17T21:02:49.000Z",
            "altitude": 51,
            "heart_rate": 112
        },
        {
            "timestamp": "2015-08-17T21:02:50.000Z",
            "altitude": 51,
            "heart_rate": 113
        },
        {
            "timestamp": "2015-08-17T21:02:51.000Z",
            "altitude": 51,
            "heart_rate": 114
        },
        {
            "timestamp": "2015-08-17T21:02:52.000Z",
            "altitude": 51,
            "heart_rate": 117
        },
        {
            "timestamp": "2015-08-17T21:02:53.000Z",
            "altitude": 51,
            "heart_rate": 118
        },
        {
            "timestamp": "2015-08-17T21:02:54.000Z",
            "altitude": 51,
            "heart_rate": 119
        },
        {
            "timestamp": "2015-08-17T21:02:55.000Z",
            "altitude": 51,
            "heart_rate": 120
        },
        {
            "timestamp": "2015-08-17T21:02:56.000Z",
            "altitude": 51,
            "heart_rate": 120
        },
        {
            "timestamp": "2015-08-17T21:02:57.000Z",
            "altitude": 51,
            "heart_rate": 121
        },
        {
            "timestamp": "2015-08-17T21:02:58.000Z",
            "altitude": 51,
            "heart_rate": 121
        },
        {
            "timestamp": "2015-08-17T21:02:59.000Z",
            "altitude": 51,
            "heart_rate": 124
        },
        {
            "timestamp": "2015-08-17T21:03:00.000Z",
            "altitude": 51,
            "heart_rate": 124
        },
        {
            "timestamp": "2015-08-17T21:03:01.000Z",
            "altitude": 51,
            "heart_rate": 126
        },
        {
            "timestamp": "2015-08-17T21:03:02.000Z",
            "altitude": 51,
            "heart_rate": 126
        },
        {
            "timestamp": "2015-08-17T21:03:03.000Z",
            "altitude": 51,
            "heart_rate": 126
        },
        {
            "timestamp": "2015-08-17T21:03:04.000Z",
            "altitude": 51,
            "heart_rate": 126
        },
        {
            "timestamp": "2015-08-17T21:03:05.000Z",
            "altitude": 51,
            "heart_rate": 127
        },
        {
            "timestamp": "2015-08-17T21:03:06.000Z",
            "altitude": 51,
            "heart_rate": 128
        },
        {
            "timestamp": "2015-08-17T21:03:07.000Z",
            "altitude": 51,
            "heart_rate": 129
        },
        {
            "timestamp": "2015-08-17T21:03:08.000Z",
            "altitude": 51,
            "heart_rate": 129
        },
        {
            "timestamp": "2015-08-17T21:03:09.000Z",
            "altitude": 51,
            "heart_rate": 128
        },
        {
            "timestamp": "2015-08-17T21:03:10.000Z",
            "altitude": 51,
            "heart_rate": 128
        },
        {
            "timestamp": "2015-08-17T21:03:11.000Z",
            "altitude": 51,
            "heart_rate": 128
        },
        {
            "timestamp": "2015-08-17T21:03:12.000Z",
            "altitude": 51,
            "heart_rate": 127
        },
        {
            "timestamp": "2015-08-17T21:03:13.000Z",
            "altitude": 51,
            "heart_rate": 127
        },
        {
            "timestamp": "2015-08-17T21:03:14.000Z",
            "altitude": 51,
            "heart_rate": 124
        },
        {
            "timestamp": "2015-08-17T21:03:15.000Z",
            "altitude": 51,
            "heart_rate": 120
        },
        {
            "timestamp": "2015-08-17T21:03:16.000Z",
            "altitude": 51,
            "heart_rate": 119
        },
        {
            "timestamp": "2015-08-17T21:03:17.000Z",
            "altitude": 51,
            "heart_rate": 120
        },
        {
            "timestamp": "2015-08-17T21:03:18.000Z",
            "altitude": 51,
            "heart_rate": 120
        },
        {
            "timestamp": "2015-08-17T21:03:19.000Z",
            "altitude": 51,
            "heart_rate": 119
        },
        {
            "timestamp": "2015-08-17T21:03:20.000Z",
            "altitude": 51,
            "heart_rate": 118
        },
        {
            "timestamp": "2015-08-17T21:03:21.000Z",
            "altitude": 51,
            "heart_rate": 118
        },
        {
            "timestamp": "2015-08-17T21:03:22.000Z",
            "altitude": 51,
            "heart_rate": 117
        },
        {
            "timestamp": "2015-08-17T21:03:23.000Z",
            "altitude": 51,
            "heart_rate": 116
        },
        {
            "timestamp": "2015-08-17T21:03:24.000Z",
            "altitude": 51,
            "heart_rate": 116
        },
        {
            "timestamp": "2015-08-17T21:03:25.000Z",
            "altitude": 51,
            "heart_rate": 115
        },
        {
            "timestamp": "2015-08-17T21:03:26.000Z",
            "altitude": 51,
            "heart_rate": 115
        },
        {
            "timestamp": "2015-08-17T21:03:27.000Z",
            "altitude": 51,
            "heart_rate": 114
        },
        {
            "timestamp": "2015-08-17T21:03:28.000Z",
            "altitude": 51,
            "heart_rate": 113
        },
        {
            "timestamp": "2015-08-17T21:03:29.000Z",
            "altitude": 51,
            "heart_rate": 112
        },
        {
            "timestamp": "2015-08-17T21:03:30.000Z",
            "altitude": 51,
            "heart_rate": 112
        },
        {
            "timestamp": "2015-08-17T21:03:31.000Z",
            "altitude": 51,
            "heart_rate": 112
        },
        {
            "timestamp": "2015-08-17T21:03:32.000Z",
            "altitude": 51,
            "heart_rate": 110
        },
        {
            "timestamp": "2015-08-17T21:03:33.000Z",
            "altitude": 51,
            "heart_rate": 110
        },
        {
            "timestamp": "2015-08-17T21:03:34.000Z",
            "altitude": 51,
            "heart_rate": 110
        },
        {
            "timestamp": "2015-08-17T21:03:35.000Z",
            "altitude": 51,
            "heart_rate": 110
        },
        {
            "timestamp": "2015-08-17T21:03:36.000Z",
            "altitude": 51,
            "heart_rate": 110
        },
        {
            "timestamp": "2015-08-17T21:03:37.000Z",
            "altitude": 51,
            "heart_rate": 110
        },
        {
            "timestamp": "2015-08-17T21:03:38.000Z",
            "altitude": 51,
            "heart_rate": 110
        },
        {
            "timestamp": "2015-08-17T21:03:39.000Z",
            "altitude": 51,
            "heart_rate": 110
        },
        {
            "timestamp": "2015-08-17T21:03:40.000Z",
            "altitude": 51,
            "heart_rate": 110
        },
        {
            "timestamp": "2015-08-17T21:03:41.000Z",
            "altitude": 51,
            "heart_rate": 107
        },
        {
            "timestamp": "2015-08-17T21:03:42.000Z",
            "altitude": 51,
            "heart_rate": 105
        },
        {
            "timestamp": "2015-08-17T21:03:43.000Z",
            "altitude": 51,
            "heart_rate": 102
        },
        {
            "timestamp": "2015-08-17T21:03:44.000Z",
            "altitude": 51,
            "heart_rate": 101
        },
        {
            "timestamp": "2015-08-17T21:03:45.000Z",
            "altitude": 51,
            "heart_rate": 101
        },
        {
            "timestamp": "2015-08-17T21:03:46.000Z",
            "altitude": 51,
            "heart_rate": 102
        },
        {
            "timestamp": "2015-08-17T21:03:47.000Z",
            "altitude": 51,
            "heart_rate": 103
        },
        {
            "timestamp": "2015-08-17T21:03:48.000Z",
            "altitude": 51,
            "heart_rate": 104
        },
        {
            "timestamp": "2015-08-17T21:03:49.000Z",
            "altitude": 51,
            "heart_rate": 105
        },
        {
            "timestamp": "2015-08-17T21:03:50.000Z",
            "altitude": 51,
            "heart_rate": 105
        },
        {
            "timestamp": "2015-08-17T21:03:51.000Z",
            "altitude": 51,
            "heart_rate": 103
        },
        {
            "timestamp": "2015-08-17T21:03:52.000Z",
            "altitude": 51,
            "heart_rate": 103
        },
        {
            "timestamp": "2015-08-17T21:03:53.000Z",
            "altitude": 51,
            "heart_rate": 101
        },
        {
            "timestamp": "2015-08-17T21:03:54.000Z",
            "altitude": 51,
            "heart_rate": 99
        },
        {
            "timestamp": "2015-08-17T21:03:55.000Z",
            "altitude": 51,
            "heart_rate": 99
        },
        {
            "timestamp": "2015-08-17T21:03:56.000Z",
            "altitude": 51,
            "heart_rate": 100
        },
        {
            "timestamp": "2015-08-17T21:03:57.000Z",
            "altitude": 51,
            "heart_rate": 100
        },
        {
            "timestamp": "2015-08-17T21:03:58.000Z",
            "altitude": 51,
            "heart_rate": 101
        },
        {
            "timestamp": "2015-08-17T21:03:59.000Z",
            "altitude": 51,
            "heart_rate": 103
        },
        {
            "timestamp": "2015-08-17T21:04:00.000Z",
            "altitude": 51,
            "heart_rate": 105
        },
        {
            "timestamp": "2015-08-17T21:04:01.000Z",
            "altitude": 51,
            "heart_rate": 106
        },
        {
            "timestamp": "2015-08-17T21:04:02.000Z",
            "altitude": 51,
            "heart_rate": 109
        },
        {
            "timestamp": "2015-08-17T21:04:03.000Z",
            "altitude": 51,
            "heart_rate": 111
        },
        {
            "timestamp": "2015-08-17T21:04:04.000Z",
            "altitude": 51,
            "heart_rate": 114
        },
        {
            "timestamp": "2015-08-17T21:04:05.000Z",
            "altitude": 51,
            "heart_rate": 115
        },
        {
            "timestamp": "2015-08-17T21:04:06.000Z",
            "altitude": 51,
            "heart_rate": 117
        },
        {
            "timestamp": "2015-08-17T21:04:07.000Z",
            "altitude": 51,
            "heart_rate": 118
        },
        {
            "timestamp": "2015-08-17T21:04:08.000Z",
            "altitude": 51,
            "heart_rate": 119
        },
        {
            "timestamp": "2015-08-17T21:04:09.000Z",
            "altitude": 51,
            "heart_rate": 119
        },
        {
            "timestamp": "2015-08-17T21:04:10.000Z",
            "altitude": 51,
            "heart_rate": 119
        },
        {
            "timestamp": "2015-08-17T21:04:11.000Z",
            "altitude": 51,
            "heart_rate": 119
        },
        {
            "timestamp": "2015-08-17T21:04:12.000Z",
            "altitude": 51,
            "heart_rate": 120
        },
        {
            "timestamp": "2015-08-17T21:04:13.000Z",
            "altitude": 51,
            "heart_rate": 120
        },
        {
            "timestamp": "2015-08-17T21:04:14.000Z",
            "altitude": 51,
            "heart_rate": 120
        },
        {
            "timestamp": "2015-08-17T21:04:15.000Z",
            "altitude": 51,
            "heart_rate": 121
        },
        {
            "timestamp": "2015-08-17T21:04:16.000Z",
            "altitude": 51,
            "heart_rate": 121
        },
        {
            "timestamp": "2015-08-17T21:04:17.000Z",
            "altitude": 51,
            "heart_rate": 121
        },
        {
            "timestamp": "2015-08-17T21:04:18.000Z",
            "altitude": 51,
            "heart_rate": 121
        },
        {
            "timestamp": "2015-08-17T21:04:19.000Z",
            "altitude": 51,
            "heart_rate": 121
        },
        {
            "timestamp": "2015-08-17T21:04:20.000Z",
            "altitude": 51,
            "heart_rate": 121
        },
        {
            "timestamp": "2015-08-17T21:04:21.000Z",
            "altitude": 51,
            "heart_rate": 120
        },
        {
            "timestamp": "2015-08-17T21:04:22.000Z",
            "altitude": 51,
            "heart_rate": 119
        },
        {
            "timestamp": "2015-08-17T21:04:23.000Z",
            "altitude": 51,
            "heart_rate": 119
        },
        {
            "timestamp": "2015-08-17T21:04:24.000Z",
            "altitude": 51,
            "heart_rate": 118
        },
        {
            "timestamp": "2015-08-17T21:04:25.000Z",
            "altitude": 51,
            "heart_rate": 118
        },
        {
            "timestamp": "2015-08-17T21:04:26.000Z",
            "altitude": 51,
            "heart_rate": 118
        },
        {
            "timestamp": "2015-08-17T21:04:27.000Z",
            "altitude": 51,
            "heart_rate": 117
        },
        {
            "timestamp": "2015-08-17T21:04:28.000Z",
            "altitude": 51,
            "heart_rate": 115
        },
        {
            "timestamp": "2015-08-17T21:04:29.000Z",
            "altitude": 51,
            "heart_rate": 114
        },
        {
            "timestamp": "2015-08-17T21:04:30.000Z",
            "altitude": 51,
            "heart_rate": 112
        },
        {
            "timestamp": "2015-08-17T21:04:31.000Z",
            "altitude": 51,
            "heart_rate": 112
        },
        {
            "timestamp": "2015-08-17T21:04:32.000Z",
            "altitude": 51,
            "heart_rate": 112
        },
        {
            "timestamp": "2015-08-17T21:04:33.000Z",
            "altitude": 51,
            "heart_rate": 111
        },
        {
            "timestamp": "2015-08-17T21:04:34.000Z",
            "altitude": 51,
            "heart_rate": 110
        },
        {
            "timestamp": "2015-08-17T21:04:35.000Z",
            "altitude": 51,
            "heart_rate": 110
        },
        {
            "timestamp": "2015-08-17T21:04:36.000Z",
            "altitude": 51,
            "heart_rate": 110
        },
        {
            "timestamp": "2015-08-17T21:04:37.000Z",
            "altitude": 51,
            "heart_rate": 110
        },
        {
            "timestamp": "2015-08-17T21:04:38.000Z",
            "altitude": 51,
            "heart_rate": 111
        },
        {
            "timestamp": "2015-08-17T21:04:39.000Z",
            "altitude": 51,
            "heart_rate": 113
        },
        {
            "timestamp": "2015-08-17T21:04:40.000Z",
            "altitude": 51,
            "heart_rate": 116
        },
        {
            "timestamp": "2015-08-17T21:04:41.000Z",
            "altitude": 51,
            "heart_rate": 118
        },
        {
            "timestamp": "2015-08-17T21:04:42.000Z",
            "altitude": 51,
            "heart_rate": 120
        },
        {
            "timestamp": "2015-08-17T21:04:43.000Z",
            "altitude": 51,
            "heart_rate": 121
        },
        {
            "timestamp": "2015-08-17T21:04:44.000Z",
            "altitude": 51,
            "heart_rate": 119
        },
        {
            "timestamp": "2015-08-17T21:04:45.000Z",
            "altitude": 51,
            "heart_rate": 121
        },
        {
            "timestamp": "2015-08-17T21:04:46.000Z",
            "altitude": 51,
            "heart_rate": 122
        },
        {
            "timestamp": "2015-08-17T21:04:47.000Z",
            "altitude": 51,
            "heart_rate": 123
        },
        {
            "timestamp": "2015-08-17T21:04:48.000Z",
            "altitude": 51,
            "heart_rate": 123
        },
        {
            "timestamp": "2015-08-17T21:04:49.000Z",
            "altitude": 51,
            "heart_rate": 123
        },
        {
            "timestamp": "2015-08-17T21:04:50.000Z",
            "altitude": 51,
            "heart_rate": 123
        },
        {
            "timestamp": "2015-08-17T21:04:51.000Z",
            "altitude": 51,
            "heart_rate": 123
        },
        {
            "timestamp": "2015-08-17T21:04:52.000Z",
            "altitude": 51,
            "heart_rate": 123
        },
        {
            "timestamp": "2015-08-17T21:04:53.000Z",
            "altitude": 51,
            "heart_rate": 123
        },
        {
            "timestamp": "2015-08-17T21:04:54.000Z",
            "altitude": 51,
            "heart_rate": 123
        },
        {
            "timestamp": "2015-08-17T21:04:55.000Z",
            "altitude": 51,
            "heart_rate": 121
        },
        {
            "timestamp": "2015-08-17T21:04:56.000Z",
            "altitude": 51,
            "heart_rate": 121
        },
        {
            "timestamp": "2015-08-17T21:04:57.000Z",
            "altitude": 51,
            "heart_rate": 121
        },
        {
            "timestamp": "2015-08-17T21:04:58.000Z",
            "altitude": 51,
            "heart_rate": 120
        },
        {
            "timestamp": "2015-08-17T21:04:59.000Z",
            "altitude": 51,
            "heart_rate": 120
        },
        {
            "timestamp": "2015-08-17T21:05:00.000Z",
            "altitude": 51,
            "heart_rate": 120
        },
        {
            "timestamp": "2015-08-17T21:05:01.000Z",
            "altitude": 51,
            "heart_rate": 119
        },
        {
            "timestamp": "2015-08-17T21:05:02.000Z",
            "altitude": 51,
            "heart_rate": 119
        },
        {
            "timestamp": "2015-08-17T21:05:03.000Z",
            "altitude": 51,
            "heart_rate": 119
        },
        {
            "timestamp": "2015-08-17T21:05:04.000Z",
            "altitude": 51,
            "heart_rate": 119
        },
        {
            "timestamp": "2015-08-17T21:05:05.000Z",
            "altitude": 51,
            "heart_rate": 119
        },
        {
            "timestamp": "2015-08-17T21:05:06.000Z",
            "altitude": 51,
            "heart_rate": 119
        },
        {
            "timestamp": "2015-08-17T21:05:07.000Z",
            "altitude": 51,
            "heart_rate": 119
        },
        {
            "timestamp": "2015-08-17T21:05:08.000Z",
            "altitude": 51,
            "heart_rate": 119
        },
        {
            "timestamp": "2015-08-17T21:05:09.000Z",
            "altitude": 51,
            "heart_rate": 117
        },
        {
            "timestamp": "2015-08-17T21:05:10.000Z",
            "altitude": 51,
            "heart_rate": 114
        },
        {
            "timestamp": "2015-08-17T21:05:11.000Z",
            "altitude": 51,
            "heart_rate": 110
        },
        {
            "timestamp": "2015-08-17T21:05:12.000Z",
            "altitude": 51,
            "heart_rate": 108
        },
        {
            "timestamp": "2015-08-17T21:05:13.000Z",
            "altitude": 51,
            "heart_rate": 108
        },
        {
            "timestamp": "2015-08-17T21:05:14.000Z",
            "altitude": 51,
            "heart_rate": 108
        },
        {
            "timestamp": "2015-08-17T21:05:15.000Z",
            "altitude": 51,
            "heart_rate": 108
        },
        {
            "timestamp": "2015-08-17T21:05:16.000Z",
            "altitude": 51,
            "heart_rate": 108
        },
        {
            "timestamp": "2015-08-17T21:05:17.000Z",
            "altitude": 51,
            "heart_rate": 108
        },
        {
            "timestamp": "2015-08-17T21:05:18.000Z",
            "altitude": 51,
            "heart_rate": 108
        },
        {
            "timestamp": "2015-08-17T21:05:19.000Z",
            "altitude": 51,
            "heart_rate": 108
        },
        {
            "timestamp": "2015-08-17T21:05:20.000Z",
            "altitude": 51,
            "heart_rate": 109
        },
        {
            "timestamp": "2015-08-17T21:05:21.000Z",
            "altitude": 51,
            "heart_rate": 109
        },
        {
            "timestamp": "2015-08-17T21:05:22.000Z",
            "altitude": 51,
            "heart_rate": 109
        },
        {
            "timestamp": "2015-08-17T21:05:23.000Z",
            "altitude": 51,
            "heart_rate": 110
        },
        {
            "timestamp": "2015-08-17T21:05:24.000Z",
            "altitude": 51,
            "heart_rate": 110
        },
        {
            "timestamp": "2015-08-17T21:05:25.000Z",
            "altitude": 51,
            "heart_rate": 109
        },
        {
            "timestamp": "2015-08-17T21:05:26.000Z",
            "altitude": 51,
            "heart_rate": 108
        },
        {
            "timestamp": "2015-08-17T21:05:27.000Z",
            "altitude": 51,
            "heart_rate": 108
        },
        {
            "timestamp": "2015-08-17T21:05:28.000Z",
            "altitude": 51,
            "heart_rate": 109
        },
        {
            "timestamp": "2015-08-17T21:05:29.000Z",
            "altitude": 51,
            "heart_rate": 111
        },
        {
            "timestamp": "2015-08-17T21:05:30.000Z",
            "altitude": 51,
            "heart_rate": 112
        },
        {
            "timestamp": "2015-08-17T21:05:31.000Z",
            "altitude": 51,
            "heart_rate": 111
        },
        {
            "timestamp": "2015-08-17T21:05:32.000Z",
            "altitude": 51,
            "heart_rate": 111
        },
        {
            "timestamp": "2015-08-17T21:05:33.000Z",
            "altitude": 51,
            "heart_rate": 109
        },
        {
            "timestamp": "2015-08-17T21:05:34.000Z",
            "altitude": 51,
            "heart_rate": 107
        },
        {
            "timestamp": "2015-08-17T21:05:35.000Z",
            "altitude": 51,
            "heart_rate": 106
        },
        {
            "timestamp": "2015-08-17T21:05:36.000Z",
            "altitude": 51,
            "heart_rate": 105
        },
        {
            "timestamp": "2015-08-17T21:05:37.000Z",
            "altitude": 51,
            "heart_rate": 103
        },
        {
            "timestamp": "2015-08-17T21:05:38.000Z",
            "altitude": 51,
            "heart_rate": 103
        },
        {
            "timestamp": "2015-08-17T21:05:39.000Z",
            "altitude": 51,
            "heart_rate": 103
        },
        {
            "timestamp": "2015-08-17T21:05:40.000Z",
            "altitude": 51,
            "heart_rate": 102
        },
        {
            "timestamp": "2015-08-17T21:05:41.000Z",
            "altitude": 51,
            "heart_rate": 102
        },
        {
            "timestamp": "2015-08-17T21:05:42.000Z",
            "altitude": 51,
            "heart_rate": 101
        },
        {
            "timestamp": "2015-08-17T21:05:43.000Z",
            "altitude": 51,
            "heart_rate": 101
        },
        {
            "timestamp": "2015-08-17T21:05:44.000Z",
            "altitude": 51,
            "heart_rate": 101
        },
        {
            "timestamp": "2015-08-17T21:05:45.000Z",
            "altitude": 51,
            "heart_rate": 101
        },
        {
            "timestamp": "2015-08-17T21:05:46.000Z",
            "altitude": 51,
            "heart_rate": 101
        },
        {
            "timestamp": "2015-08-17T21:05:47.000Z",
            "altitude": 51,
            "heart_rate": 102
        },
        {
            "timestamp": "2015-08-17T21:05:48.000Z",
            "altitude": 51,
            "heart_rate": 103
        },
        {
            "timestamp": "2015-08-17T21:05:49.000Z",
            "altitude": 51,
            "heart_rate": 105
        },
        {
            "timestamp": "2015-08-17T21:05:50.000Z",
            "altitude": 51,
            "heart_rate": 108
        },
        {
            "timestamp": "2015-08-17T21:05:51.000Z",
            "altitude": 51,
            "heart_rate": 109
        },
        {
            "timestamp": "2015-08-17T21:05:52.000Z",
            "altitude": 51,
            "heart_rate": 110
        },
        {
            "timestamp": "2015-08-17T21:05:53.000Z",
            "altitude": 51,
            "heart_rate": 112
        },
        {
            "timestamp": "2015-08-17T21:05:54.000Z",
            "altitude": 51,
            "heart_rate": 113
        },
        {
            "timestamp": "2015-08-17T21:05:55.000Z",
            "altitude": 51,
            "heart_rate": 114
        },
        {
            "timestamp": "2015-08-17T21:05:56.000Z",
            "altitude": 51,
            "heart_rate": 115
        },
        {
            "timestamp": "2015-08-17T21:05:57.000Z",
            "altitude": 51,
            "heart_rate": 116
        },
        {
            "timestamp": "2015-08-17T21:05:58.000Z",
            "altitude": 51,
            "heart_rate": 116
        },
        {
            "timestamp": "2015-08-17T21:05:59.000Z",
            "altitude": 51,
            "heart_rate": 116
        },
        {
            "timestamp": "2015-08-17T21:06:00.000Z",
            "altitude": 51,
            "heart_rate": 117
        },
        {
            "timestamp": "2015-08-17T21:06:01.000Z",
            "altitude": 51,
            "heart_rate": 117
        },
        {
            "timestamp": "2015-08-17T21:06:02.000Z",
            "altitude": 51,
            "heart_rate": 117
        },
        {
            "timestamp": "2015-08-17T21:06:03.000Z",
            "altitude": 51,
            "heart_rate": 117
        },
        {
            "timestamp": "2015-08-17T21:06:04.000Z",
            "altitude": 51,
            "heart_rate": 117
        },
        {
            "timestamp": "2015-08-17T21:06:05.000Z",
            "altitude": 51,
            "heart_rate": 116
        },
        {
            "timestamp": "2015-08-17T21:06:06.000Z",
            "altitude": 51,
            "heart_rate": 116
        },
        {
            "timestamp": "2015-08-17T21:06:07.000Z",
            "altitude": 51,
            "heart_rate": 115
        },
        {
            "timestamp": "2015-08-17T21:06:08.000Z",
            "altitude": 51,
            "heart_rate": 115
        },
        {
            "timestamp": "2015-08-17T21:06:09.000Z",
            "altitude": 51,
            "heart_rate": 116
        },
        {
            "timestamp": "2015-08-17T21:06:10.000Z",
            "altitude": 51,
            "heart_rate": 116
        },
        {
            "timestamp": "2015-08-17T21:06:11.000Z",
            "altitude": 51,
            "heart_rate": 117
        },
        {
            "timestamp": "2015-08-17T21:06:12.000Z",
            "altitude": 51,
            "heart_rate": 118
        },
        {
            "timestamp": "2015-08-17T21:06:13.000Z",
            "altitude": 51,
            "heart_rate": 119
        },
        {
            "timestamp": "2015-08-17T21:06:14.000Z",
            "altitude": 51,
            "heart_rate": 120
        },
        {
            "timestamp": "2015-08-17T21:06:15.000Z",
            "altitude": 51,
            "heart_rate": 120
        },
        {
            "timestamp": "2015-08-17T21:06:16.000Z",
            "altitude": 51,
            "heart_rate": 120
        },
        {
            "timestamp": "2015-08-17T21:06:17.000Z",
            "altitude": 51,
            "heart_rate": 121
        },
        {
            "timestamp": "2015-08-17T21:06:18.000Z",
            "altitude": 51,
            "heart_rate": 121
        },
        {
            "timestamp": "2015-08-17T21:06:19.000Z",
            "altitude": 51,
            "heart_rate": 121
        },
        {
            "timestamp": "2015-08-17T21:06:20.000Z",
            "altitude": 51,
            "heart_rate": 122
        },
        {
            "timestamp": "2015-08-17T21:06:21.000Z",
            "altitude": 51,
            "heart_rate": 123
        },
        {
            "timestamp": "2015-08-17T21:06:22.000Z",
            "altitude": 51,
            "heart_rate": 124
        },
        {
            "timestamp": "2015-08-17T21:06:23.000Z",
            "altitude": 51,
            "heart_rate": 125
        },
        {
            "timestamp": "2015-08-17T21:06:24.000Z",
            "altitude": 51,
            "heart_rate": 126
        },
        {
            "timestamp": "2015-08-17T21:06:25.000Z",
            "altitude": 51,
            "heart_rate": 127
        },
        {
            "timestamp": "2015-08-17T21:06:26.000Z",
            "altitude": 51,
            "heart_rate": 127
        },
        {
            "timestamp": "2015-08-17T21:06:27.000Z",
            "altitude": 51,
            "heart_rate": 128
        },
        {
            "timestamp": "2015-08-17T21:06:28.000Z",
            "altitude": 51,
            "heart_rate": 128
        },
        {
            "timestamp": "2015-08-17T21:06:29.000Z",
            "altitude": 51,
            "heart_rate": 128
        },
        {
            "timestamp": "2015-08-17T21:06:30.000Z",
            "altitude": 51,
            "heart_rate": 128
        },
        {
            "timestamp": "2015-08-17T21:06:31.000Z",
            "altitude": 51,
            "heart_rate": 128
        },
        {
            "timestamp": "2015-08-17T21:06:32.000Z",
            "altitude": 51,
            "heart_rate": 127
        },
        {
            "timestamp": "2015-08-17T21:06:33.000Z",
            "altitude": 51,
            "heart_rate": 124
        },
        {
            "timestamp": "2015-08-17T21:06:34.000Z",
            "altitude": 51,
            "heart_rate": 121
        },
        {
            "timestamp": "2015-08-17T21:06:35.000Z",
            "altitude": 51,
            "heart_rate": 119
        },
        {
            "timestamp": "2015-08-17T21:06:36.000Z",
            "altitude": 51,
            "heart_rate": 116
        },
        {
            "timestamp": "2015-08-17T21:06:37.000Z",
            "altitude": 51,
            "heart_rate": 112
        },
        {
            "timestamp": "2015-08-17T21:06:38.000Z",
            "altitude": 51,
            "heart_rate": 110
        },
        {
            "timestamp": "2015-08-17T21:06:39.000Z",
            "altitude": 51,
            "heart_rate": 109
        },
        {
            "timestamp": "2015-08-17T21:06:40.000Z",
            "altitude": 51,
            "heart_rate": 107
        },
        {
            "timestamp": "2015-08-17T21:06:41.000Z",
            "altitude": 51,
            "heart_rate": 105
        },
        {
            "timestamp": "2015-08-17T21:06:42.000Z",
            "altitude": 51,
            "heart_rate": 105
        },
        {
            "timestamp": "2015-08-17T21:06:43.000Z",
            "altitude": 51,
            "heart_rate": 105
        },
        {
            "timestamp": "2015-08-17T21:06:44.000Z",
            "altitude": 51,
            "heart_rate": 105
        },
        {
            "timestamp": "2015-08-17T21:06:45.000Z",
            "altitude": 51,
            "heart_rate": 105
        },
        {
            "timestamp": "2015-08-17T21:06:46.000Z",
            "altitude": 51,
            "heart_rate": 104
        },
        {
            "timestamp": "2015-08-17T21:06:47.000Z",
            "altitude": 51,
            "heart_rate": 104
        },
        {
            "timestamp": "2015-08-17T21:06:48.000Z",
            "altitude": 51,
            "heart_rate": 104
        },
        {
            "timestamp": "2015-08-17T21:06:49.000Z",
            "altitude": 51,
            "heart_rate": 102
        },
        {
            "timestamp": "2015-08-17T21:06:50.000Z",
            "altitude": 51,
            "heart_rate": 102
        },
        {
            "timestamp": "2015-08-17T21:06:51.000Z",
            "altitude": 51,
            "heart_rate": 103
        },
        {
            "timestamp": "2015-08-17T21:06:52.000Z",
            "altitude": 51,
            "heart_rate": 104
        },
        {
            "timestamp": "2015-08-17T21:06:53.000Z",
            "altitude": 51,
            "heart_rate": 101
        },
        {
            "timestamp": "2015-08-17T21:06:54.000Z",
            "altitude": 51,
            "heart_rate": 101
        },
        {
            "timestamp": "2015-08-17T21:06:55.000Z",
            "altitude": 51,
            "heart_rate": 101
        },
        {
            "timestamp": "2015-08-17T21:06:56.000Z",
            "altitude": 51,
            "heart_rate": 101
        },
        {
            "timestamp": "2015-08-17T21:06:57.000Z",
            "altitude": 51,
            "heart_rate": 99
        },
        {
            "timestamp": "2015-08-17T21:06:58.000Z",
            "altitude": 51,
            "heart_rate": 98
        },
        {
            "timestamp": "2015-08-17T21:06:59.000Z",
            "altitude": 51,
            "heart_rate": 98
        },
        {
            "timestamp": "2015-08-17T21:07:00.000Z",
            "altitude": 51,
            "heart_rate": 97
        },
        {
            "timestamp": "2015-08-17T21:07:01.000Z",
            "altitude": 51,
            "heart_rate": 96
        },
        {
            "timestamp": "2015-08-17T21:07:02.000Z",
            "altitude": 51,
            "heart_rate": 96
        },
        {
            "timestamp": "2015-08-17T21:07:03.000Z",
            "altitude": 51,
            "heart_rate": 95
        },
        {
            "timestamp": "2015-08-17T21:07:04.000Z",
            "altitude": 51,
            "heart_rate": 95
        },
        {
            "timestamp": "2015-08-17T21:07:05.000Z",
            "altitude": 51,
            "heart_rate": 95
        },
        {
            "timestamp": "2015-08-17T21:07:05.000Z",
            "altitude": 51,
            "heart_rate": 95
        },
        {
            "timestamp": "2015-08-17T21:07:05.000Z",
            "altitude": 51,
            "heart_rate": 95
        },
        {
            "timestamp": "2015-08-17T21:07:06.000Z",
            "altitude": 51,
            "heart_rate": 95
        }
    ],
    "sessions": [
        {
            "start_time": "2015-08-17T20:59:11.000Z",
            "sport": 1
        }
    ],
    "_fileHeader_": {
        "headerSize": 12,
        "protocolVersion": 1,
        "profileVersion": 256,
        "dataSize": 0,
        "protocolVersionMajor": 0,
        "protocolVersionMinor": 1,
        "profileVersionMajor": 2,
        "profileVersionMinor": 56,
        "estimatedFitFileSize": 14,
        "dataType": ".FIT",
        "CRC": 1151,
        "verifyCRC": 54467
    },
    "_errors_": [
        "Verification of CRC gives a value of (MSBLSB=bigendian) : d4c3 that does not match CRC stored at end of file."
    ]
}