{
    "activity": {
        "timestamp": "2015-08-22T20:49:02.000Z",
        "num_sessions": 1
    },
    "records": [
        {
            "timestamp": "2015-08-22T20:49:02.000Z",
            "heart_rate": 119
        },
        {
            "timestamp": "2015-08-22T20:49:02.000Z",
            "heart_rate": 119
        },
        {
            "timestamp": "2015-08-22T20:49:02.000Z",
            "altitude": 70,
            "heart_rate": 119
        },
        {
            "timestamp": "2015-08-22T20:49:02.000Z",
            "altitude": 70,
            "heart_rate": 119
        },
        {
            "timestamp": "2015-08-22T20:49:03.000Z",
            "altitude": 70,
            "heart_rate": 119
        },
        {
            "timestamp": "2015-08-22T20:49:04.000Z",
            "altitude": 70,
            "heart_rate": 117
        },
        {
            "timestamp": "2015-08-22T20:49:05.000Z",
            "altitude": 70,
            "heart_rate": 115
        },
        {
            "timestamp": "2015-08-22T20:49:06.000Z",
            "altitude": 70,
            "heart_rate": 115
        },
        {
            "timestamp": "2015-08-22T20:49:07.000Z",
            "altitude": 70,
            "heart_rate": 114
        },
        {
            "timestamp": "2015-08-22T20:49:08.000Z",
            "altitude": 70,
            "heart_rate": 114
        },
        {
            "timestamp": "2015-08-22T20:49:09.000Z",
            "altitude": 70,
            "heart_rate": 115
        },
        {
            "timestamp": "2015-08-22T20:49:10.000Z",
            "altitude": 70,
            "heart_rate": 117
        },
        {
            "timestamp": "2015-08-22T20:49:11.000Z",
            "altitude": 70,
            "heart_rate": 118
        },
        {
            "timestamp": "2015-08-22T20:49:12.000Z",
            "altitude": 70,
            "heart_rate": 119
        },
        {
            "timestamp": "2015-08-22T20:49:13.000Z",
            "altitude": 70,
            "heart_rate": 120
        },
        {
            "timestamp": "2015-08-22T20:49:14.000Z",
            "altitude": 70,
            "heart_rate": 119
        },
        {
            "timestamp": "2015-08-22T20:49:15.000Z",
            "altitude": 70,
            "heart_rate": 118
        },
        {
            "timestamp": "2015-08-22T20:49:16.000Z",
            "altitude": 70,
            "heart_rate": 118
        },
        {
            "timestamp": "2015-08-22T20:49:17.000Z",
            "altitude": 70,
            "heart_rate": 119
        },
        {
            "timestamp": "2015-08-22T20:49:18.000Z",
            "altitude": 70,
            "heart_rate": 121
        },
        {
            "timestamp": "2015-08-22T20:49:19.000Z",
            "altitude": 70,
            "heart_rate": 123
        },
        {
            "timestamp": "2015-08-22T20:49:20.000Z",
            "altitude": 70,
            "heart_rate": 125
        },
        {
            "timestamp": "2015-08-22T20:49:21.000Z",
            "altitude": 70,
            "heart_rate": 126
        },
        {
            "timestamp": "2015-08-22T20:49:22.000Z",
            "altitude": 70,
            "heart_rate": 128
        },
        {
            "timestamp": "2015-08-22T20:49:23.000Z",
            "altitude": 70,
            "heart_rate": 129
        },
        {
            "timestamp": "2015-08-22T20:49:24.000Z",
            "altitude": 70,
            "heart_rate": 131
        },
        {
            "timestamp": "2015-08-22T20:49:25.000Z",
            "altitude": 70,
            "heart_rate": 132
        },
        {
            "timestamp": "2015-08-22T20:49:26.000Z",
            "altitude": 70,
            "heart_rate": 134
        },
        {
            "timestamp": "2015-08-22T20:49:27.000Z",
            "altitude": 70,
            "heart_rate": 136
        },
        {
            "timestamp": "2015-08-22T20:49:28.000Z",
            "altitude": 70,
            "heart_rate": 136
        },
        {
            "timestamp": "2015-08-22T20:49:29.000Z",
            "altitude": 70,
            "heart_rate": 136
        },
        {
            "timestamp": "2015-08-22T20:49:30.000Z",
            "altitude": 70,
            "heart_rate": 137
        },
        {
            "timestamp": "2015-08-22T20:49:31.000Z",
            "altitude": 70,
            "heart_rate": 139
        },
        {
            "timestamp": "2015-08-22T20:49:32.000Z",
            "altitude": 70,
            "heart_rate": 139
        },
        {
            "timestamp": "2015-08-22T20:49:33.000Z",
            "altitude": 70,
            "heart_rate": 139
        },
        {
            "timestamp": "2015-08-22T20:49:34.000Z",
            "altitude": 70,
            "heart_rate": 140
        },
        {
            "timestamp": "2015-08-22T20:49:35.000Z",
            "altitude": 70,
            "heart_rate": 141
        },
        {
            "timestamp": "2015-08-22T20:49:36.000Z",
            "altitude": 70,
            "heart_rate": 141
        },
        {
            "timestamp": "2015-08-22T20:49:37.000Z",
            "altitude": 70,
            "heart_rate": 141
        },
        {
            "timestamp": "2015-08-22T20:49:38.000Z",
            "altitude": 70,
            "heart_rate": 142
        },
        {
            "timestamp": "2015-08-22T20:49:39.000Z",
            "altitude": 70,
            "heart_rate": 142
        },
        {
            "timestamp": "2015-08-22T20:49:40.000Z",
            "altitude": 70,
            "heart_rate": 143
        },
        {
            "timestamp": "2015-08-22T20:49:41.000Z",
            "altitude": 70,
            "heart_rate": 143
        },
        {
            "timestamp": "2015-08-22T20:49:42.000Z",
            "altitude": 70,
            "heart_rate": 143
        },
        {
            "timestamp": "2015-08-22T20:49:43.000Z",
            "altitude": 70,
            "heart_rate": 141
        },
        {
            "timestamp": "2015-08-22T20:49:44.000Z",
            "altitude": 70,
            "heart_rate": 140
        },
        {
            "timestamp": "2015-08-22T20:49:45.000Z",
            "altitude": 70,
            "heart_rate": 139
        },
        {
            "timestamp": "2015-08-22T20:49:46.000Z",
            "altitude": 70,
            "heart_rate": 139
        },
        {
            "timestamp": "2015-08-22T20:49:47.000Z",
            "altitude": 70,
            "heart_rate": 139
        },
        {
            "timestamp": "2015-08-22T20:49:48.000Z",
            "altitude": 70,
            "heart_rate": 139
        },
        {
            "timestamp": "2015-08-22T20:49:49.000Z",
            "altitude": 70,
            "heart_rate": 140
        },
        {
            "timestamp": "2015-08-22T20:49:50.000Z",
            "altitude": 70,
            "heart_rate": 140
        },
        {
            "timestamp": "2015-08-22T20:49:51.000Z",
            "altitude": 70,
            "heart_rate": 140
        },
        {
            "timestamp": "2015-08-22T20:49:52.000Z",
            "altitude": 70,
            "heart_rate": 140
        },
        {
            "timestamp": "2015-08-22T20:49:53.000Z",
            "altitude": 70,
            "heart_rate": 141
        },
        {
            "timestamp": "2015-08-22T20:49:54.000Z",
            "altitude": 70,
            "heart_rate": 140
        },
        {
            "timestamp": "2015-08-22T20:49:55.000Z",
            "altitude": 70,
            "heart_rate": 139
        },
        {
            "timestamp": "2015-08-22T20:49:56.000Z",
            "altitude": 70,
            "heart_rate": 139
        },
        {
            "timestamp": "2015-08-22T20:49:57.000Z",
            "altitude": 70,
            "heart_rate": 139
        },
        {
            "timestamp": "2015-08-22T20:49:58.000Z",
            "altitude": 70,
            "heart_rate": 139
        },
        {
            "timestamp": "2015-08-22T20:49:59.000Z",
            "altitude": 70,
            "heart_rate": 138
        },
        {
            "timestamp": "2015-08-22T20:50:00.000Z",
            "altitude": 70,
            "heart_rate": 138
        },
        {
            "timestamp": "2015-08-22T20:50:01.000Z",
            "altitude": 70,
            "heart_rate": 137
        },
        {
            "timestamp": "2015-08-22T20:50:02.000Z",
            "altitude": 70,
            "heart_rate": 137
        },
        {
            "timestamp": "2015-08-22T20:50:03.000Z",
            "altitude": 70,
            "heart_rate": 137
        },
        {
            "timestamp": "2015-08-22T20:50:04.000Z",
            "altitude": 70,
            "heart_rate": 137
        },
        {
            "timestamp": "2015-08-22T20:50:05.000Z",
            "altitude": 70,
            "heart_rate": 137
        },
        {
            "timestamp": "2015-08-22T20:50:06.000Z",
            "altitude": 70,
            "heart_rate": 137
        },
        {
            "timestamp": "2015-08-22T20:50:07.000Z",
            "altitude": 70,
            "heart_rate": 136
        },
        {
            "timestamp": "2015-08-22T20:50:08.000Z",
            "altitude": 70,
            "heart_rate": 136
        },
        {
            "timestamp": "2015-08-22T20:50:09.000Z",
            "altitude": 70,
            "heart_rate": 136
        },
        {
            "timestamp": "2015-08-22T20:50:10.000Z",
            "altitude": 70,
            "heart_rate": 135
        },
        {
            "timestamp": "2015-08-22T20:50:11.000Z",
            "altitude": 70,
            "heart_rate": 135
        },
        {
            "timestamp": "2015-08-22T20:50:12.000Z",
            "altitude": 70,
            "heart_rate": 135
        },
        {
            "timestamp": "2015-08-22T20:50:13.000Z",
            "altitude": 70,
            "heart_rate": 134
        },
        {
            "timestamp": "2015-08-22T20:50:14.000Z",
            "altitude": 70,
            "heart_rate": 134
        },
        {
            "timestamp": "2015-08-22T20:50:15.000Z",
            "altitude": 70,
            "heart_rate": 134
        },
        {
            "timestamp": "2015-08-22T20:50:16.000Z",
            "altitude": 70,
            "heart_rate": 133
        },
        {
            "timestamp": "2015-08-22T20:50:17.000Z",
            "altitude": 70,
            "heart_rate": 133
        },
        {
            "timestamp": "2015-08-22T20:50:18.000Z",
            "altitude": 70,
            "heart_rate": 133
        },
        {
            "timestamp": "2015-08-22T20:50:19.000Z",
            "altitude": 70,
            "heart_rate": 131
        },
        {
            "timestamp": "2015-08-22T20:50:20.000Z",
            "altitude": 70,
            "heart_rate": 131
        },
        {
            "timestamp": "2015-08-22T20:50:21.000Z",
            "altitude": 70,
            "heart_rate": 131
        },
        {
            "timestamp": "2015-08-22T20:50:22.000Z",
            "altitude": 70,
            "heart_rate": 131
        },
        {
            "timestamp": "2015-08-22T20:50:23.000Z",
            "altitude": 70,
            "heart_rate": 131
        },
        {
            "timestamp": "2015-08-22T20:50:24.000Z",
            "altitude": 70,
            "heart_rate": 133
        },
        {
            "timestamp": "2015-08-22T20:50:25.000Z",
            "altitude": 70,
            "heart_rate": 133
        },
        {
            "timestamp": "2015-08-22T20:50:26.000Z",
            "altitude": 70,
            "heart_rate": 133
        },
        {
            "timestamp": "2015-08-22T20:50:27.000Z",
            "altitude": 70,
            "heart_rate": 133
        },
        {
            "timestamp": "2015-08-22T20:50:28.000Z",
            "altitude": 70,
            "heart_rate": 131
        },
        {
            "timestamp": "2015-08-22T20:50:29.000Z",
            "altitude": 70,
            "heart_rate": 131
        },
        {
            "timestamp": "2015-08-22T20:50:30.000Z",
            "altitude": 70,
            "heart_rate": 131
        },
        {
            "timestamp": "2015-08-22T20:50:31.000Z",
            "altitude": 70,
            "heart_rate": 131
        },
        {
            "timestamp": "2015-08-22T20:50:32.000Z",
            "altitude": 70,
            "heart_rate": 132
        },
        {
            "timestamp": "2015-08-22T20:50:33.000Z",
            "altitude": 70,
            "heart_rate": 132
        },
        {
            "timestamp": "2015-08-22T20:50:34.000Z",
            "altitude": 70,
            "heart_rate": 133
        },
        {
            "timestamp": "2015-08-22T20:50:35.000Z",
            "altitude": 70,
            "heart_rate": 133
        },
        {
            "timestamp": "2015-08-22T20:50:36.000Z",
            "altitude": 70,
            "heart_rate": 133
        },
        {
            "timestamp": "2015-08-22T20:50:37.000Z",
            "altitude": 70,
            "heart_rate": 134
        },
        {
            "timestamp": "2015-08-22T20:50:38.000Z",
            "altitude": 70,
            "heart_rate": 134
        },
        {
            "timestamp": "2015-08-22T20:50:39.000Z",
            "altitude": 70,
            "heart_rate": 133
        },
        {
            "timestamp": "2015-08-22T20:50:40.000Z",
            "altitude": 70,
            "heart_rate": 133
        },
        {
            "timestamp": "2015-08-22T20:50:41.000Z",
            "altitude": 70,
            "heart_rate": 132
        },
        {
            "timestamp": "2015-08-22T20:50:42.000Z",
            "altitude": 70,
            "heart_rate": 132
        },
        {
            "timestamp": "2015-08-22T20:50:43.000Z",
            "altitude": 70,
            "heart_rate": 132
        },
        {
            "timestamp": "2015-08-22T20:50:44.000Z",
            "altitude": 70,
            "heart_rate": 132
        },
        {
            "timestamp": "2015-08-22T20:50:45.000Z",
            "altitude": 70,
            "heart_rate": 132
        },
        {
            "timestamp": "2015-08-22T20:50:46.000Z",
            "altitude": 70,
            "heart_rate": 132
        },
        {
            "timestamp": "2015-08-22T20:50:47.000Z",
            "altitude": 70,
            "heart_rate": 132
        },
        {
            "timestamp": "2015-08-22T20:50:48.000Z",
            "altitude": 70,
            "heart_rate": 131
        },
        {
            "timestamp": "2015-08-22T20:50:49.000Z",
            "altitude": 70,
            "heart_rate": 131
        },
        {
            "timestamp": "2015-08-22T20:50:50.000Z",
            "altitude": 70,
            "heart_rate": 131
        },
        {
            "timestamp": "2015-08-22T20:50:51.000Z",
            "altitude": 70,
            "heart_rate": 131
        },
        {
            "timestamp": "2015-08-22T20:50:52.000Z",
            "altitude": 70,
            "heart_rate": 130
        },
        {
            "timestamp": "2015-08-22T20:50:53.000Z",
            "altitude": 70,
            "heart_rate": 130
        },
        {
            "timestamp": "2015-08-22T20:50:54.000Z",
            "altitude": 70,
            "heart_rate": 130
        },
        {
            "timestamp": "2015-08-22T20:50:55.000Z",
            "altitude": 70,
            "heart_rate": 130
        },
        {
            "timestamp": "2015-08-22T20:50:56.000Z",
            "altitude": 70,
            "heart_rate": 130
        },
        {
            "timestamp": "2015-08-22T20:50:57.000Z",
            "altitude": 70,
            "heart_rate": 129
        },
        {
            "timestamp": "2015-08-22T20:50:58.000Z",
            "altitude": 70,
            "heart_rate": 129
        },
        {
            "timestamp": "2015-08-22T20:50:59.000Z",
            "altitude": 70,
            "heart_rate": 127
        },
        {
            "timestamp": "2015-08-22T20:51:00.000Z",
            "altitude": 70,
            "heart_rate": 125
        },
        {
            "timestamp": "2015-08-22T20:51:01.000Z",
            "altitude": 70,
            "heart_rate": 121
        },
        {
            "timestamp": "2015-08-22T20:51:02.000Z",
            "altitude": 70,
            "heart_rate": 120
        },
        {
            "timestamp": "2015-08-22T20:51:03.000Z",
            "altitude": 70,
            "heart_rate": 120
        },
        {
            "timestamp": "2015-08-22T20:51:04.000Z",
            "altitude": 70,
            "heart_rate": 121
        },
        {
            "timestamp": "2015-08-22T20:51:05.000Z",
            "altitude": 70,
            "heart_rate": 121
        },
        {
            "timestamp": "2015-08-22T20:51:06.000Z",
            "altitude": 70,
            "heart_rate": 121
        },
        {
            "timestamp": "2015-08-22T20:51:07.000Z",
            "altitude": 70,
            "heart_rate": 121
        },
        {
            "timestamp": "2015-08-22T20:51:08.000Z",
            "altitude": 70,
            "heart_rate": 120
        },
        {
            "timestamp": "2015-08-22T20:51:09.000Z",
            "altitude": 70,
            "heart_rate": 119
        },
        {
            "timestamp": "2015-08-22T20:51:10.000Z",
            "altitude": 70,
            "heart_rate": 117
        },
        {
            "timestamp": "2015-08-22T20:51:11.000Z",
            "altitude": 70,
            "heart_rate": 116
        },
        {
            "timestamp": "2015-08-22T20:51:12.000Z",
            "altitude": 70,
            "heart_rate": 114
        },
        {
            "timestamp": "2015-08-22T20:51:13.000Z",
            "altitude": 70,
            "heart_rate": 114
        },
        {
            "timestamp": "2015-08-22T20:51:14.000Z",
            "altitude": 70,
            "heart_rate": 114
        },
        {
            "timestamp": "2015-08-22T20:51:15.000Z",
            "altitude": 70,
            "heart_rate": 114
        },
        {
            "timestamp": "2015-08-22T20:51:16.000Z",
            "altitude": 70,
            "heart_rate": 114
        },
        {
            "timestamp": "2015-08-22T20:51:17.000Z",
            "altitude": 70,
            "heart_rate": 114
        },
        {
            "timestamp": "2015-08-22T20:51:18.000Z",
            "altitude": 70,
            "heart_rate": 114
        },
        {
            "timestamp": "2015-08-22T20:51:19.000Z",
            "altitude": 70,
            "heart_rate": 113
        },
        {
            "timestamp": "2015-08-22T20:51:20.000Z",
            "altitude": 70,
            "heart_rate": 113
        },
        {
            "timestamp": "2015-08-22T20:51:21.000Z",
            "altitude": 70,
            "heart_rate": 113
        },
        {
            "timestamp": "2015-08-22T20:51:22.000Z",
            "altitude": 70,
            "heart_rate": 113
        },
        {
            "timestamp": "2015-08-22T20:51:23.000Z",
            "altitude": 70,
            "heart_rate": 112
        },
        {
            "timestamp": "2015-08-22T20:51:24.000Z",
            "altitude": 70,
            "heart_rate": 112
        },
        {
            "timestamp": "2015-08-22T20:51:25.000Z",
            "altitude": 70,
            "heart_rate": 112
        },
        {
            "timestamp": "2015-08-22T20:51:26.000Z",
            "altitude": 70,
            "heart_rate": 112
        },
        {
            "timestamp": "2015-08-22T20:51:27.000Z",
            "altitude": 70,
            "heart_rate": 112
        },
        {
            "timestamp": "2015-08-22T20:51:28.000Z",
            "altitude": 70,
            "heart_rate": 112
        },
        {
            "timestamp": "2015-08-22T20:51:29.000Z",
            "altitude": 70,
            "heart_rate": 112
        },
        {
            "timestamp": "2015-08-22T20:51:30.000Z",
            "altitude": 70,
            "heart_rate": 112
        },
        {
            "timestamp": "2015-08-22T20:51:31.000Z",
            "altitude": 70,
            "heart_rate": 113
        },
        {
            "timestamp": "2015-08-22T20:51:32.000Z",
            "altitude": 70,
            "heart_rate": 113
        },
        {
            "timestamp": "2015-08-22T20:51:33.000Z",
            "altitude": 70,
            "heart_rate": 113
        },
        {
            "timestamp": "2015-08-22T20:51:34.000Z",
            "altitude": 70,
            "heart_rate": 113
        },
        {
            "timestamp": "2015-08-22T20:51:35.000Z",
            "altitude": 70,
            "heart_rate": 113
        },
        {
            "timestamp": "2015-08-22T20:51:36.000Z",
            "altitude": 70,
            "heart_rate": 113
        },
        {
            "timestamp": "2015-08-22T20:51:37.000Z",
            "altitude": 70,
            "heart_rate": 112
        },
        {
            "timestamp": "2015-08-22T20:51:38.000Z",
            "altitude": 70,
            "heart_rate": 112
        },
        {
            "timestamp": "2015-08-22T20:51:39.000Z",
            "altitude": 70,
            "heart_rate": 113
        },
        {
            "timestamp": "2015-08-22T20:51:40.000Z",
            "altitude": 70,
            "heart_rate": 113
        },
        {
            "timestamp": "2015-08-22T20:51:41.000Z",
            "altitude": 70,
            "heart_rate": 114
        },
        {
            "timestamp": "2015-08-22T20:51:42.000Z",
            "altitude": 70,
            "heart_rate": 115
        },
        {
            "timestamp": "2015-08-22T20:51:43.000Z",
            "altitude": 70,
            "heart_rate": 116
        },
        {
            "timestamp": "2015-08-22T20:51:44.000Z",
            "altitude": 70,
            "heart_rate": 118
        },
        {
            "timestamp": "2015-08-22T20:51:45.000Z",
            "altitude": 70,
            "heart_rate": 120
        },
        {
            "timestamp": "2015-08-22T20:51:46.000Z",
            "altitude": 70,
            "heart_rate": 122
        },
        {
            "timestamp": "2015-08-22T20:51:47.000Z",
            "altitude": 70,
            "heart_rate": 124
        },
        {
            "timestamp": "2015-08-22T20:51:48.000Z",
            "altitude": 70,
            "heart_rate": 126
        },
        {
            "timestamp": "2015-08-22T20:51:49.000Z",
            "altitude": 70,
            "heart_rate": 129
        },
        {
            "timestamp": "2015-08-22T20:51:50.000Z",
            "altitude": 70,
            "heart_rate": 131
        },
        {
            "timestamp": "2015-08-22T20:51:51.000Z",
            "altitude": 70,
            "heart_rate": 133
        },
        {
            "timestamp": "2015-08-22T20:51:52.000Z",
            "altitude": 70,
            "heart_rate": 135
        },
        {
            "timestamp": "2015-08-22T20:51:53.000Z",
            "altitude": 70,
            "heart_rate": 137
        },
        {
            "timestamp": "2015-08-22T20:51:54.000Z",
            "altitude": 70,
            "heart_rate": 138
        },
        {
            "timestamp": "2015-08-22T20:51:55.000Z",
            "altitude": 70,
            "heart_rate": 139
        },
        {
            "timestamp": "2015-08-22T20:51:56.000Z",
            "altitude": 70,
            "heart_rate": 139
        },
        {
            "timestamp": "2015-08-22T20:51:57.000Z",
            "altitude": 70,
            "heart_rate": 140
        },
        {
            "timestamp": "2015-08-22T20:51:58.000Z",
            "altitude": 70,
            "heart_rate": 141
        },
        {
            "timestamp": "2015-08-22T20:51:59.000Z",
            "altitude": 70,
            "heart_rate": 141
        },
        {
            "timestamp": "2015-08-22T20:52:00.000Z",
            "altitude": 70,
            "heart_rate": 142
        },
        {
            "timestamp": "2015-08-22T20:52:01.000Z",
            "altitude": 70,
            "heart_rate": 143
        },
        {
            "timestamp": "2015-08-22T20:52:02.000Z",
            "altitude": 70,
            "heart_rate": 144
        },
        {
            "timestamp": "2015-08-22T20:52:03.000Z",
            "altitude": 70,
            "heart_rate": 146
        },
        {
            "timestamp": "2015-08-22T20:52:04.000Z",
            "altitude": 70,
            "heart_rate": 148
        },
        {
            "timestamp": "2015-08-22T20:52:05.000Z",
            "altitude": 70,
            "heart_rate": 149
        },
        {
            "timestamp": "2015-08-22T20:52:06.000Z",
            "altitude": 70,
            "heart_rate": 150
        },
        {
            "timestamp": "2015-08-22T20:52:07.000Z",
            "altitude": 70,
            "heart_rate": 151
        },
        {
            "timestamp": "2015-08-22T20:52:08.000Z",
            "altitude": 70,
            "heart_rate": 151
        },
        {
            "timestamp": "2015-08-22T20:52:09.000Z",
            "altitude": 70,
            "heart_rate": 152
        },
        {
            "timestamp": "2015-08-22T20:52:10.000Z",
            "altitude": 70,
            "heart_rate": 154
        },
        {
            "timestamp": "2015-08-22T20:52:11.000Z",
            "altitude": 70,
            "heart_rate": 155
        },
        {
            "timestamp": "2015-08-22T20:52:12.000Z",
            "altitude": 70,
            "heart_rate": 156
        },
        {
            "timestamp": "2015-08-22T20:52:13.000Z",
            "altitude": 70,
            "heart_rate": 157
        },
        {
            "timestamp": "2015-08-22T20:52:14.000Z",
            "altitude": 70,
            "heart_rate": 158
        },
        {
            "timestamp": "2015-08-22T20:52:15.000Z",
            "altitude": 70,
            "heart_rate": 159
        },
        {
            "timestamp": "2015-08-22T20:52:16.000Z",
            "altitude": 70,
            "heart_rate": 160
        },
        {
            "timestamp": "2015-08-22T20:52:17.000Z",
            "altitude": 70,
            "heart_rate": 161
        },
        {
            "timestamp": "2015-08-22T20:52:18.000Z",
            "altitude": 70,
            "heart_rate": 162
        },
        {
            "timestamp": "2015-08-22T20:52:19.000Z",
            "altitude": 70,
            "heart_rate": 163
        },
        {
            "timestamp": "2015-08-22T20:52:20.000Z",
            "altitude": 70,
            "heart_rate": 164
        },
        {
            "timestamp": "2015-08-22T20:52:21.000Z",
            "altitude": 70,
            "heart_rate": 165
        },
        {
            "timestamp": "2015-08-22T20:52:22.000Z",
            "altitude": 70,
            "heart_rate": 165
        },
        {
            "timestamp": "2015-08-22T20:52:23.000Z",
            "altitude": 70,
            "heart_rate": 165
        },
        {
            "timestamp": "2015-08-22T20:52:24.000Z",
            "altitude": 70,
            "heart_rate": 166
        },
        {
            "timestamp": "2015-08-22T20:52:25.000Z",
            "altitude": 70,
            "heart_rate": 165
        },
        {
            "timestamp": "2015-08-22T20:52:26.000Z",
            "altitude": 70,
            "heart_rate": 165
        },
        {
            "timestamp": "2015-08-22T20:52:27.000Z",
            "altitude": 70,
            "heart_rate": 165
        },
        {
            "timestamp": "2015-08-22T20:52:28.000Z",
            "altitude": 70,
            "heart_rate": 165
        },
        {
            "timestamp": "2015-08-22T20:52:29.000Z",
            "altitude": 70,
            "heart_rate": 165
        },
        {
            "timestamp": "2015-08-22T20:52:30.000Z",
            "altitude": 70,
            "heart_rate": 165
        },
        {
            "timestamp": "2015-08-22T20:52:31.000Z",
            "altitude": 70,
            "heart_rate": 165
        },
        {
            "timestamp": "2015-08-22T20:52:32.000Z",
            "altitude": 70,
            "heart_rate": 165
        },
        {
            "timestamp": "2015-08-22T20:52:33.000Z",
            "altitude": 70,
            "heart_rate": 165
        },
        {
            "timestamp": "2015-08-22T20:52:34.000Z",
            "altitude": 70,
            "heart_rate": 164
        },
        {
            "timestamp": "2015-08-22T20:52:35.000Z",
            "altitude": 70,
            "heart_rate": 164
        },
        {
            "timestamp": "2015-08-22T20:52:36.000Z",
            "altitude": 70,
            "heart_rate": 164
        },
        {
            "timestamp": "2015-08-22T20:52:37.000Z",
            "altitude": 70,
            "heart_rate": 164
        },
        {
            "timestamp": "2015-08-22T20:52:38.000Z",
            "altitude": 70,
            "heart_rate": 164
        },
        {
            "timestamp": "2015-08-22T20:52:39.000Z",
            "altitude": 70,
            "heart_rate": 165
        },
        {
            "timestamp": "2015-08-22T20:52:40.000Z",
            "altitude": 70,
            "heart_rate": 165
        },
        {
            "timestamp": "2015-08-22T20:52:41.000Z",
            "altitude": 70,
            "heart_rate": 165
        },
        {
            "timestamp": "2015-08-22T20:52:42.000Z",
            "altitude": 70,
            "heart_rate": 165
        },
        {
            "timestamp": "2015-08-22T20:52:43.000Z",
            "altitude": 70,
            "heart_rate": 165
        },
        {
            "timestamp": "2015-08-22T20:52:44.000Z",
            "altitude": 70,
            "heart_rate": 165
        },
        {
            "timestamp": "2015-08-22T20:52:45.000Z",
            "altitude": 70,
            "heart_rate": 165
        },
        {
            "timestamp": "2015-08-22T20:52:46.000Z",
            "altitude": 70,
            "heart_rate": 165
        },
        {
            "timestamp": "2015-08-22T20:52:47.000Z",
            "altitude": 70,
            "heart_rate": 165
        },
        {
            "timestamp": "2015-08-22T20:52:48.000Z",
            "altitude": 70,
            "heart_rate": 165
        },
        {
            "timestamp": "2015-08-22T20:52:49.000Z",
            "altitude": 70,
            "heart_rate": 165
        },
        {
            "timestamp": "2015-08-22T20:52:50.000Z",
            "altitude": 70,
            "heart_rate": 165
        },
        {
            "timestamp": "2015-08-22T20:52:51.000Z",
            "altitude": 70,
            "heart_rate": 165
        },
        {
            "timestamp": "2015-08-22T20:52:52.000Z",
            "altitude": 70,
            "heart_rate": 165
        },
        {
            "timestamp": "2015-08-22T20:52:53.000Z",
            "altitude": 70,
            "heart_rate": 166
        },
        {
            "timestamp": "2015-08-22T20:52:54.000Z",
            "altitude": 70,
            "heart_rate": 166
        },
        {
            "timestamp": "2015-08-22T20:52:55.000Z",
            "altitude": 70,
            "heart_rate": 167
        },
        {
            "timestamp": "2015-08-22T20:52:56.000Z",
            "altitude": 70,
            "heart_rate": 167
        },
        {
            "timestamp": "2015-08-22T20:52:57.000Z",
            "altitude": 70,
            "heart_rate": 167
        },
        {
            "timestamp": "2015-08-22T20:52:58.000Z",
            "altitude": 70,
            "heart_rate": 167
        },
        {
            "timestamp": "2015-08-22T20:52:59.000Z",
            "altitude": 70,
            "heart_rate": 167
        },
        {
            "timestamp": "2015-08-22T20:53:00.000Z",
            "altitude": 70,
            "heart_rate": 167
        },
        {
            "timestamp": "2015-08-22T20:53:01.000Z",
            "altitude": 70,
            "heart_rate": 167
        },
        {
            "timestamp": "2015-08-22T20:53:02.000Z",
            "altitude": 70,
            "heart_rate": 166
        },
        {
            "timestamp": "2015-08-22T20:53:03.000Z",
            "altitude": 70,
            "heart_rate": 166
        },
        {
            "timestamp": "2015-08-22T20:53:04.000Z",
            "altitude": 70,
            "heart_rate": 166
        },
        {
            "timestamp": "2015-08-22T20:53:05.000Z",
            "altitude": 70,
            "heart_rate": 165
        },
        {
            "timestamp": "2015-08-22T20:53:06.000Z",
            "altitude": 70,
            "heart_rate": 163
        },
        {
            "timestamp": "2015-08-22T20:53:07.000Z",
            "altitude": 70,
            "heart_rate": 163
        },
        {
            "timestamp": "2015-08-22T20:53:08.000Z",
            "altitude": 70,
            "heart_rate": 162
        },
        {
            "timestamp": "2015-08-22T20:53:09.000Z",
            "altitude": 70,
            "heart_rate": 160
        },
        {
            "timestamp": "2015-08-22T20:53:10.000Z",
            "altitude": 70,
            "heart_rate": 160
        },
        {
            "timestamp": "2015-08-22T20:53:11.000Z",
            "altitude": 70,
            "heart_rate": 160
        },
        {
            "timestamp": "2015-08-22T20:53:12.000Z",
            "altitude": 70,
            "heart_rate": 160
        },
        {
            "timestamp": "2015-08-22T20:53:13.000Z",
            "altitude": 70,
            "heart_rate": 161
        },
        {
            "timestamp": "2015-08-22T20:53:14.000Z",
            "altitude": 70,
            "heart_rate": 161
        },
        {
            "timestamp": "2015-08-22T20:53:15.000Z",
            "altitude": 70,
            "heart_rate": 161
        },
        {
            "timestamp": "2015-08-22T20:53:16.000Z",
            "altitude": 70,
            "heart_rate": 161
        },
        {
            "timestamp": "2015-08-22T20:53:17.000Z",
            "altitude": 70,
            "heart_rate": 161
        },
        {
            "timestamp": "2015-08-22T20:53:18.000Z",
            "altitude": 70,
            "heart_rate": 160
        },
        {
            "timestamp": "2015-08-22T20:53:19.000Z",
            "altitude": 70,
            "heart_rate": 160
        },
        {
            "timestamp": "2015-08-22T20:53:20.000Z",
            "altitude": 70,
            "heart_rate": 160
        },
        {
            "timestamp": "2015-08-22T20:53:21.000Z",
            "altitude": 70,
            "heart_rate": 159
        },
        {
            "timestamp": "2015-08-22T20:53:22.000Z",
            "altitude": 70,
            "heart_rate": 159
        },
        {
            "timestamp": "2015-08-22T20:53:23.000Z",
            "altitude": 70,
            "heart_rate": 159
        },
        {
            "timestamp": "2015-08-22T20:53:24.000Z",
            "altitude": 70,
            "heart_rate": 158
        },
        {
            "timestamp": "2015-08-22T20:53:25.000Z",
            "altitude": 70,
            "heart_rate": 157
        },
        {
            "timestamp": "2015-08-22T20:53:26.000Z",
            "altitude": 70,
            "heart_rate": 157
        },
        {
            "timestamp": "2015-08-22T20:53:27.000Z",
            "altitude": 70,
            "heart_rate": 156
        },
        {
            "timestamp": "2015-08-22T20:53:28.000Z",
            "altitude": 70,
            "heart_rate": 155
        },
        {
            "timestamp": "2015-08-22T20:53:29.000Z",
            "altitude": 70,
            "heart_rate": 154
        },
        {
            "timestamp": "2015-08-22T20:53:30.000Z",
            "altitude": 70,
            "heart_rate": 154
        },
        {
            "timestamp": "2015-08-22T20:53:31.000Z",
            "altitude": 70,
            "heart_rate": 152
        },
        {
            "timestamp": "2015-08-22T20:53:32.000Z",
            "altitude": 70,
            "heart_rate": 151
        },
        {
            "timestamp": "2015-08-22T20:53:33.000Z",
            "altitude": 70,
            "heart_rate": 151
        },
        {
            "timestamp": "2015-08-22T20:53:34.000Z",
            "altitude": 70,
            "heart_rate": 151
        },
        {
            "timestamp": "2015-08-22T20:53:35.000Z",
            "altitude": 70,
            "heart_rate": 151
        },
        {
            "timestamp": "2015-08-22T20:53:36.000Z",
            "altitude": 70,
            "heart_rate": 152
        },
        {
            "timestamp": "2015-08-22T20:53:37.000Z",
            "altitude": 70,
            "heart_rate": 152
        },
        {
            "timestamp": "2015-08-22T20:53:38.000Z",
            "altitude": 70,
            "heart_rate": 152
        },
        {
            "timestamp": "2015-08-22T20:53:39.000Z",
            "altitude": 70,
            "heart_rate": 151
        },
        {
            "timestamp": "2015-08-22T20:53:40.000Z",
            "altitude": 70,
            "heart_rate": 150
        },
        {
            "timestamp": "2015-08-22T20:53:41.000Z",
            "altitude": 70,
            "heart_rate": 148
        },
        {
            "timestamp": "2015-08-22T20:53:42.000Z",
            "altitude": 70,
            "heart_rate": 148
        },
        {
            "timestamp": "2015-08-22T20:53:43.000Z",
            "altitude": 70,
            "heart_rate": 148
        },
        {
            "timestamp": "2015-08-22T20:53:44.000Z",
            "altitude": 70,
            "heart_rate": 149
        },
        {
            "timestamp": "2015-08-22T20:53:45.000Z",
            "altitude": 70,
            "heart_rate": 149
        },
        {
            "timestamp": "2015-08-22T20:53:46.000Z",
            "altitude": 70,
            "heart_rate": 150
        },
        {
            "timestamp": "2015-08-22T20:53:47.000Z",
            "altitude": 70,
            "heart_rate": 147
        },
        {
            "timestamp": "2015-08-22T20:53:48.000Z",
            "altitude": 70,
            "heart_rate": 144
        },
        {
            "timestamp": "2015-08-22T20:53:49.000Z",
            "altitude": 70,
            "heart_rate": 142
        },
        {
            "timestamp": "2015-08-22T20:53:50.000Z",
            "altitude": 70,
            "heart_rate": 141
        },
        {
            "timestamp": "2015-08-22T20:53:51.000Z",
            "altitude": 70,
            "heart_rate": 140
        },
        {
            "timestamp": "2015-08-22T20:53:52.000Z",
            "altitude": 70,
            "heart_rate": 139
        },
        {
            "timestamp": "2015-08-22T20:53:53.000Z",
            "altitude": 70,
            "heart_rate": 137
        },
        {
            "timestamp": "2015-08-22T20:53:54.000Z",
            "altitude": 70,
            "heart_rate": 136
        },
        {
            "timestamp": "2015-08-22T20:53:55.000Z",
            "altitude": 70,
            "heart_rate": 135
        },
        {
            "timestamp": "2015-08-22T20:53:56.000Z",
            "altitude": 70,
            "heart_rate": 135
        },
        {
            "timestamp": "2015-08-22T20:53:57.000Z",
            "altitude": 70,
            "heart_rate": 135
        },
        {
            "timestamp": "2015-08-22T20:53:58.000Z",
            "altitude": 70,
            "heart_rate": 135
        },
        {
            "timestamp": "2015-08-22T20:53:59.000Z",
            "altitude": 70,
            "heart_rate": 135
        },
        {
            "timestamp": "2015-08-22T20:54:00.000Z",
            "altitude": 70,
            "heart_rate": 135
        },
        {
            "timestamp": "2015-08-22T20:54:01.000Z",
            "altitude": 70,
            "heart_rate": 134
        },
        {
            "timestamp": "2015-08-22T20:54:02.000Z",
            "altitude": 70,
            "heart_rate": 132
        },
        {
            "timestamp": "2015-08-22T20:54:03.000Z",
            "altitude": 70,
            "heart_rate": 132
        },
        {
            "timestamp": "2015-08-22T20:54:04.000Z",
            "altitude": 70,
            "heart_rate": 131
        },
        {
            "timestamp": "2015-08-22T20:54:05.000Z",
            "altitude": 70,
            "heart_rate": 132
        },
        {
            "timestamp": "2015-08-22T20:54:06.000Z",
            "altitude": 70,
            "heart_rate": 131
        },
        {
            "timestamp": "2015-08-22T20:54:07.000Z",
            "altitude": 70,
            "heart_rate": 129
        },
        {
            "timestamp": "2015-08-22T20:54:08.000Z",
            "altitude": 70,
            "heart_rate": 129
        },
        {
            "timestamp": "2015-08-22T20:54:09.000Z",
            "altitude": 70,
            "heart_rate": 129
        },
        {
            "timestamp": "2015-08-22T20:54:10.000Z",
            "altitude": 70,
            "heart_rate": 128
        },
        {
            "timestamp": "2015-08-22T20:54:11.000Z",
            "altitude": 70,
            "heart_rate": 128
        },
        {
            "timestamp": "2015-08-22T20:54:12.000Z",
            "altitude": 70,
            "heart_rate": 129
        },
        {
            "timestamp": "2015-08-22T20:54:13.000Z",
            "altitude": 70,
            "heart_rate": 129
        },
        {
            "timestamp": "2015-08-22T20:54:14.000Z",
            "altitude": 70,
            "heart_rate": 129
        },
        {
            "timestamp": "2015-08-22T20:54:15.000Z",
            "altitude": 70,
            "heart_rate": 128
        },
        {
            "timestamp": "2015-08-22T20:54:16.000Z",
            "altitude": 70,
            "heart_rate": 128
        },
        {
            "timestamp": "2015-08-22T20:54:17.000Z",
            "altitude": 70,
            "heart_rate": 128
        },
        {
            "timestamp": "2015-08-22T20:54:18.000Z",
            "altitude": 70,
            "heart_rate": 128
        },
        {
            "timestamp": "2015-08-22T20:54:19.000Z",
            "altitude": 70,
            "heart_rate": 128
        },
        {
            "timestamp": "2015-08-22T20:54:20.000Z",
            "altitude": 70,
            "heart_rate": 129
        },
        {
            "timestamp": "2015-08-22T20:54:21.000Z",
            "altitude": 70,
            "heart_rate": 129
        },
        {
            "timestamp": "2015-08-22T20:54:22.000Z",
            "altitude": 70,
            "heart_rate": 129
        },
        {
            "timestamp": "2015-08-22T20:54:23.000Z",
            "altitude": 70,
            "heart_rate": 129
        },
        {
            "timestamp": "2015-08-22T20:54:24.000Z",
            "altitude": 70,
            "heart_rate": 129
        },
        {
            "timestamp": "2015-08-22T20:54:25.000Z",
            "altitude": 70,
            "heart_rate": 129
        },
        {
            "timestamp": "2015-08-22T20:54:26.000Z",
            "altitude": 70,
            "heart_rate": 130
        },
        {
            "timestamp": "2015-08-22T20:54:27.000Z",
            "altitude": 70,
            "heart_rate": 131
        },
        {
            "timestamp": "2015-08-22T20:54:28.000Z",
            "altitude": 70,
            "heart_rate": 132
        },
        {
            "timestamp": "2015-08-22T20:54:29.000Z",
            "altitude": 70,
            "heart_rate": 134
        },
        {
            "timestamp": "2015-08-22T20:54:30.000Z",
            "altitude": 70,
            "heart_rate": 137
        },
        {
            "timestamp": "2015-08-22T20:54:31.000Z",
            "altitude": 70,
            "heart_rate": 139
        },
        {
            "timestamp": "2015-08-22T20:54:32.000Z",
            "altitude": 70,
            "heart_rate": 140
        },
        {
            "timestamp": "2015-08-22T20:54:33.000Z",
            "altitude": 70,
            "heart_rate": 141
        },
        {
            "timestamp": "2015-08-22T20:54:34.000Z",
            "altitude": 70,
            "heart_rate": 142
        },
        {
            "timestamp": "2015-08-22T20:54:35.000Z",
            "altitude": 70,
            "heart_rate": 143
        },
        {
            "timestamp": "2015-08-22T20:54:36.000Z",
            "altitude": 70,
            "heart_rate": 144
        },
        {
            "timestamp": "2015-08-22T20:54:37.000Z",
            "altitude": 70,
            "heart_rate": 146
        },
        {
            "timestamp": "2015-08-22T20:54:38.000Z",
            "altitude": 70,
            "heart_rate": 146
        },
        {
            "timestamp": "2015-08-22T20:54:39.000Z",
            "altitude": 70,
            "heart_rate": 148
        },
        {
            "timestamp": "2015-08-22T20:54:40.000Z",
            "altitude": 70,
            "heart_rate": 149
        },
        {
            "timestamp": "2015-08-22T20:54:41.000Z",
            "altitude": 70,
            "heart_rate": 150
        },
        {
            "timestamp": "2015-08-22T20:54:42.000Z",
            "altitude": 70,
            "heart_rate": 151
        },
        {
            "timestamp": "2015-08-22T20:54:43.000Z",
            "altitude": 70,
            "heart_rate": 152
        },
        {
            "timestamp": "2015-08-22T20:54:44.000Z",
            "altitude": 70,
            "heart_rate": 154
        },
        {
            "timestamp": "2015-08-22T20:54:45.000Z",
            "altitude": 70,
            "heart_rate": 157
        },
        {
            "timestamp": "2015-08-22T20:54:46.000Z",
            "altitude": 70,
            "heart_rate": 158
        },
        {
            "timestamp": "2015-08-22T20:54:47.000Z",
            "altitude": 70,
            "heart_rate": 160
        },
        {
            "timestamp": "2015-08-22T20:54:48.000Z",
            "altitude": 70,
            "heart_rate": 161
        },
        {
            "timestamp": "2015-08-22T20:54:49.000Z",
            "altitude": 70,
            "heart_rate": 163
        },
        {
            "timestamp": "2015-08-22T20:54:50.000Z",
            "altitude": 70,
            "heart_rate": 164
        },
        {
            "timestamp": "2015-08-22T20:54:51.000Z",
            "altitude": 70,
            "heart_rate": 165
        },
        {
            "timestamp": "2015-08-22T20:54:52.000Z",
            "altitude": 70,
            "heart_rate": 165
        },
        {
            "timestamp": "2015-08-22T20:54:53.000Z",
            "altitude": 70,
            "heart_rate": 166
        },
        {
            "timestamp": "2015-08-22T20:54:54.000Z",
            "altitude": 70,
            "heart_rate": 166
        },
        {
            "timestamp": "2015-08-22T20:54:55.000Z",
            "altitude": 70,
            "heart_rate": 168
        },
        {
            "timestamp": "2015-08-22T20:54:56.000Z",
            "altitude": 70,
            "heart_rate": 170
        },
        {
            "timestamp": "2015-08-22T20:54:57.000Z",
            "altitude": 70,
            "heart_rate": 170
        },
        {
            "timestamp": "2015-08-22T20:54:58.000Z",
            "altitude": 70,
            "heart_rate": 170
        },
        {
            "timestamp": "2015-08-22T20:54:59.000Z",
            "altitude": 70,
            "heart_rate": 170
        },
        {
            "timestamp": "2015-08-22T20:55:00.000Z",
            "altitude": 70,
            "heart_rate": 171
        },
        {
            "timestamp": "2015-08-22T20:55:01.000Z",
            "altitude": 70,
            "heart_rate": 171
        },
        {
            "timestamp": "2015-08-22T20:55:02.000Z",
            "altitude": 70,
            "heart_rate": 171
        },
        {
            "timestamp": "2015-08-22T20:55:03.000Z",
            "altitude": 70,
            "heart_rate": 170
        },
        {
            "timestamp": "2015-08-22T20:55:04.000Z",
            "altitude": 70,
            "heart_rate": 170
        },
        {
            "timestamp": "2015-08-22T20:55:05.000Z",
            "altitude": 70,
            "heart_rate": 170
        },
        {
            "timestamp": "2015-08-22T20:55:06.000Z",
            "altitude": 70,
            "heart_rate": 169
        },
        {
            "timestamp": "2015-08-22T20:55:07.000Z",
            "altitude": 70,
            "heart_rate": 169
        },
        {
            "timestamp": "2015-08-22T20:55:08.000Z",
            "altitude": 70,
            "heart_rate": 169
        },
        {
            "timestamp": "2015-08-22T20:55:09.000Z",
            "altitude": 70,
            "heart_rate": 169
        },
        {
            "timestamp": "2015-08-22T20:55:10.000Z",
            "altitude": 70,
            "heart_rate": 169
        },
        {
            "timestamp": "2015-08-22T20:55:11.000Z",
            "altitude": 70,
            "heart_rate": 168
        },
        {
            "timestamp": "2015-08-22T20:55:12.000Z",
            "altitude": 70,
            "heart_rate": 167
        },
        {
            "timestamp": "2015-08-22T20:55:13.000Z",
            "altitude": 70,
            "heart_rate": 167
        },
        {
            "timestamp": "2015-08-22T20:55:14.000Z",
            "altitude": 70,
            "heart_rate": 166
        },
        {
            "timestamp": "2015-08-22T20:55:15.000Z",
            "altitude": 70,
            "heart_rate": 166
        },
        {
            "timestamp": "2015-08-22T20:55:16.000Z",
            "altitude": 70,
            "heart_rate": 166
        },
        {
            "timestamp": "2015-08-22T20:55:17.000Z",
            "altitude": 70,
            "heart_rate": 166
        },
        {
            "timestamp": "2015-08-22T20:55:18.000Z",
            "altitude": 70,
            "heart_rate": 166
        },
        {
            "timestamp": "2015-08-22T20:55:19.000Z",
            "altitude": 70,
            "heart_rate": 166
        },
        {
            "timestamp": "2015-08-22T20:55:20.000Z",
            "altitude": 70,
            "heart_rate": 167
        },
        {
            "timestamp": "2015-08-22T20:55:21.000Z",
            "altitude": 70,
            "heart_rate": 167
        },
        {
            "timestamp": "2015-08-22T20:55:22.000Z",
            "altitude": 70,
            "heart_rate": 167
        },
        {
            "timestamp": "2015-08-22T20:55:23.000Z",
            "altitude": 70,
            "heart_rate": 167
        },
        {
            "timestamp": "2015-08-22T20:55:24.000Z",
            "altitude": 70,
            "heart_rate": 167
        },
        {
            "timestamp": "2015-08-22T20:55:25.000Z",
            "altitude": 70,
            "heart_rate": 166
        },
        {
            "timestamp": "2015-08-22T20:55:26.000Z",
            "altitude": 70,
            "heart_rate": 166
        },
        {
            "timestamp": "2015-08-22T20:55:27.000Z",
            "altitude": 70,
            "heart_rate": 167
        },
        {
            "timestamp": "2015-08-22T20:55:28.000Z",
            "altitude": 70,
            "heart_rate": 167
        },
        {
            "timestamp": "2015-08-22T20:55:29.000Z",
            "altitude": 70,
            "heart_rate": 167
        },
        {
            "timestamp": "2015-08-22T20:55:30.000Z",
            "altitude": 70,
            "heart_rate": 167
        },
        {
            "timestamp": "2015-08-22T20:55:31.000Z",
            "altitude": 70,
            "heart_rate": 167
        },
        {
            "timestamp": "2015-08-22T20:55:32.000Z",
            "altitude": 70,
            "heart_rate": 167
        },
        {
            "timestamp": "2015-08-22T20:55:33.000Z",
            "altitude": 70,
            "heart_rate": 167
        },
        {
            "timestamp": "2015-08-22T20:55:34.000Z",
            "altitude": 70,
            "heart_rate": 167
        },
        {
            "timestamp": "2015-08-22T20:55:35.000Z",
            "altitude": 70,
            "heart_rate": 167
        },
        {
            "timestamp": "2015-08-22T20:55:36.000Z",
            "altitude": 70,
            "heart_rate": 167
        },
        {
            "timestamp": "2015-08-22T20:55:37.000Z",
            "altitude": 70,
            "heart_rate": 167
        },
        {
            "timestamp": "2015-08-22T20:55:38.000Z",
            "altitude": 70,
            "heart_rate": 166
        },
        {
            "timestamp": "2015-08-22T20:55:39.000Z",
            "altitude": 70,
            "heart_rate": 166
        },
        {
            "timestamp": "2015-08-22T20:55:40.000Z",
            "altitude": 70,
            "heart_rate": 165
        },
        {
            "timestamp": "2015-08-22T20:55:41.000Z",
            "altitude": 70,
            "heart_rate": 165
        },
        {
            "timestamp": "2015-08-22T20:55:42.000Z",
            "altitude": 70,
            "heart_rate": 165
        },
        {
            "timestamp": "2015-08-22T20:55:43.000Z",
            "altitude": 70,
            "heart_rate": 165
        },
        {
            "timestamp": "2015-08-22T20:55:44.000Z",
            "altitude": 70,
            "heart_rate": 164
        },
        {
            "timestamp": "2015-08-22T20:55:45.000Z",
            "altitude": 70,
            "heart_rate": 164
        },
        {
            "timestamp": "2015-08-22T20:55:46.000Z",
            "altitude": 70,
            "heart_rate": 164
        },
        {
            "timestamp": "2015-08-22T20:55:47.000Z",
            "altitude": 70,
            "heart_rate": 163
        },
        {
            "timestamp": "2015-08-22T20:55:48.000Z",
            "altitude": 70,
            "heart_rate": 161
        },
        {
            "timestamp": "2015-08-22T20:55:49.000Z",
            "altitude": 70,
            "heart_rate": 159
        },
        {
            "timestamp": "2015-08-22T20:55:50.000Z",
            "altitude": 70,
            "heart_rate": 157
        },
        {
            "timestamp": "2015-08-22T20:55:51.000Z",
            "altitude": 70,
            "heart_rate": 157
        },
        {
            "timestamp": "2015-08-22T20:55:52.000Z",
            "altitude": 70,
            "heart_rate": 157
        },
        {
            "timestamp": "2015-08-22T20:55:53.000Z",
            "altitude": 70,
            "heart_rate": 157
        },
        {
            "timestamp": "2015-08-22T20:55:54.000Z",
            "altitude": 70,
            "heart_rate": 156
        },
        {
            "timestamp": "2015-08-22T20:55:55.000Z",
            "altitude": 70,
            "heart_rate": 156
        },
        {
            "timestamp": "2015-08-22T20:55:56.000Z",
            "altitude": 70,
            "heart_rate": 156
        },
        {
            "timestamp": "2015-08-22T20:55:57.000Z",
            "altitude": 70,
            "heart_rate": 156
        },
        {
            "timestamp": "2015-08-22T20:55:58.000Z",
            "altitude": 70,
            "heart_rate": 156
        },
        {
            "timestamp": "2015-08-22T20:55:59.000Z",
            "altitude": 70,
            "heart_rate": 156
        },
        {
            "timestamp": "2015-08-22T20:56:00.000Z",
            "altitude": 70,
            "heart_rate": 156
        },
        {
            "timestamp": "2015-08-22T20:56:01.000Z",
            "altitude": 70,
            "heart_rate": 156
        },
        {
            "timestamp": "2015-08-22T20:56:02.000Z",
            "altitude": 70,
            "heart_rate": 156
        },
        {
            "timestamp": "2015-08-22T20:56:03.000Z",
            "altitude": 70,
            "heart_rate": 157
        },
        {
            "timestamp": "2015-08-22T20:56:04.000Z",
            "altitude": 70,
            "heart_rate": 157
        },
        {
            "timestamp": "2015-08-22T20:56:05.000Z",
            "altitude": 70,
            "heart_rate": 157
        },
        {
            "timestamp": "2015-08-22T20:56:06.000Z",
            "altitude": 70,
            "heart_rate": 157
        },
        {
            "timestamp": "2015-08-22T20:56:07.000Z",
            "altitude": 70,
            "heart_rate": 157
        },
        {
            "timestamp": "2015-08-22T20:56:08.000Z",
            "altitude": 70,
            "heart_rate": 156
        },
        {
            "timestamp": "2015-08-22T20:56:09.000Z",
            "altitude": 70,
            "heart_rate": 156
        },
        {
            "timestamp": "2015-08-22T20:56:10.000Z",
            "altitude": 70,
            "heart_rate": 156
        },
        {
            "timestamp": "2015-08-22T20:56:11.000Z",
            "altitude": 70,
            "heart_rate": 157
        },
        {
            "timestamp": "2015-08-22T20:56:12.000Z",
            "altitude": 70,
            "heart_rate": 157
        },
        {
            "timestamp": "2015-08-22T20:56:13.000Z",
            "altitude": 70,
            "heart_rate": 157
        },
        {
            "timestamp": "2015-08-22T20:56:14.000Z",
            "altitude": 70,
            "heart_rate": 157
        },
        {
            "timestamp": "2015-08-22T20:56:15.000Z",
            "altitude": 70,
            "heart_rate": 156
        },
        {
            "timestamp": "2015-08-22T20:56:16.000Z",
            "altitude": 70,
            "heart_rate": 156
        },
        {
            "timestamp": "2015-08-22T20:56:17.000Z",
            "altitude": 70,
            "heart_rate": 157
        },
        {
            "timestamp": "2015-08-22T20:56:18.000Z",
            "altitude": 70,
            "heart_rate": 156
        },
        {
            "timestamp": "2015-08-22T20:56:19.000Z",
            "altitude": 70,
            "heart_rate": 156
        },
        {
            "timestamp": "2015-08-22T20:56:20.000Z",
            "altitude": 70,
            "heart_rate": 155
        },
        {
            "timestamp": "2015-08-22T20:56:21.000Z",
            "altitude": 70,
            "heart_rate": 155
        },
        {
            "timestamp": "2015-08-22T20:56:22.000Z",
            "altitude": 70,
            "heart_rate": 154
        },
        {
            "timestamp": "2015-08-22T20:56:23.000Z",
            "altitude": 70,
            "heart_rate": 154
        },
        {
            "timestamp": "2015-08-22T20:56:24.000Z",
            "altitude": 70,
            "heart_rate": 154
        },
        {
            "timestamp": "2015-08-22T20:56:25.000Z",
            "altitude": 70,
            "heart_rate": 154
        },
        {
            "timestamp": "2015-08-22T20:56:26.000Z",
            "altitude": 70,
            "heart_rate": 154
        },
        {
            "timestamp": "2015-08-22T20:56:27.000Z",
            "altitude": 70,
            "heart_rate": 152
        },
        {
            "timestamp": "2015-08-22T20:56:28.000Z",
            "altitude": 70,
            "heart_rate": 151
        },
        {
            "timestamp": "2015-08-22T20:56:29.000Z",
            "altitude": 70,
            "heart_rate": 150
        },
        {
            "timestamp": "2015-08-22T20:56:30.000Z",
            "altitude": 70,
            "heart_rate": 150
        },
        {
            "timestamp": "2015-08-22T20:56:31.000Z",
            "altitude": 70,
            "heart_rate": 150
        },
        {
            "timestamp": "2015-08-22T20:56:32.000Z",
            "altitude": 70,
            "heart_rate": 150
        },
        {
            "timestamp": "2015-08-22T20:56:33.000Z",
            "altitude": 70,
            "heart_rate": 150
        },
        {
            "timestamp": "2015-08-22T20:56:34.000Z",
            "altitude": 70,
            "heart_rate": 149
        },
        {
            "timestamp": "2015-08-22T20:56:35.000Z",
            "altitude": 70,
            "heart_rate": 148
        },
        {
            "timestamp": "2015-08-22T20:56:36.000Z",
            "altitude": 70,
            "heart_rate": 147
        },
        {
            "timestamp": "2015-08-22T20:56:37.000Z",
            "altitude": 70,
            "heart_rate": 146
        },
        {
            "timestamp": "2015-08-22T20:56:38.000Z",
            "altitude": 70,
            "heart_rate": 144
        },
        {
            "timestamp": "2015-08-22T20:56:39.000Z",
            "altitude": 70,
            "heart_rate": 144
        },
        {
            "timestamp": "2015-08-22T20:56:40.000Z",
            "altitude": 70,
            "heart_rate": 145
        },
        {
            "timestamp": "2015-08-22T20:56:41.000Z",
            "altitude": 70,
            "heart_rate": 145
        },
        {
            "timestamp": "2015-08-22T20:56:42.000Z",
            "altitude": 70,
            "heart_rate": 144
        },
        {
            "timestamp": "2015-08-22T20:56:43.000Z",
            "altitude": 70,
            "heart_rate": 144
        },
        {
            "timestamp": "2015-08-22T20:56:44.000Z",
            "altitude": 70,
            "heart_rate": 144
        },
        {
            "timestamp": "2015-08-22T20:56:45.000Z",
            "altitude": 70,
            "heart_rate": 143
        },
        {
            "timestamp": "2015-08-22T20:56:46.000Z",
            "altitude": 70,
            "heart_rate": 143
        },
        {
            "timestamp": "2015-08-22T20:56:47.000Z",
            "altitude": 70,
            "heart_rate": 143
        },
        {
            "timestamp": "2015-08-22T20:56:48.000Z",
            "altitude": 70,
            "heart_rate": 143
        },
        {
            "timestamp": "2015-08-22T20:56:49.000Z",
            "altitude": 70,
            "heart_rate": 144
        },
        {
            "timestamp": "2015-08-22T20:56:50.000Z",
            "altitude": 70,
            "heart_rate": 143
        },
        {
            "timestamp": "2015-08-22T20:56:51.000Z",
            "altitude": 70,
            "heart_rate": 143
        },
        {
            "timestamp": "2015-08-22T20:56:52.000Z",
            "altitude": 70,
            "heart_rate": 141
        },
        {
            "timestamp": "2015-08-22T20:56:53.000Z",
            "altitude": 70,
            "heart_rate": 141
        },
        {
            "timestamp": "2015-08-22T20:56:54.000Z",
            "altitude": 70,
            "heart_rate": 141
        },
        {
            "timestamp": "2015-08-22T20:56:55.000Z",
            "altitude": 70,
            "heart_rate": 141
        },
        {
            "timestamp": "2015-08-22T20:56:56.000Z",
            "altitude": 70,
            "heart_rate": 141
        },
        {
            "timestamp": "2015-08-22T20:56:57.000Z",
            "altitude": 70,
            "heart_rate": 140
        },
        {
            "timestamp": "2015-08-22T20:56:58.000Z",
            "altitude": 70,
            "heart_rate": 140
        },
        {
            "timestamp": "2015-08-22T20:56:59.000Z",
            "altitude": 70,
            "heart_rate": 140
        },
        {
            "timestamp": "2015-08-22T20:57:00.000Z",
            "altitude": 70,
            "heart_rate": 140
        },
        {
            "timestamp": "2015-08-22T20:57:01.000Z",
            "altitude": 70,
            "heart_rate": 140
        },
        {
            "timestamp": "2015-08-22T20:57:02.000Z",
            "altitude": 70,
            "heart_rate": 140
        },
        {
            "timestamp": "2015-08-22T20:57:03.000Z",
            "altitude": 70,
            "heart_rate": 139
        },
        {
            "timestamp": "2015-08-22T20:57:04.000Z",
            "altitude": 70,
            "heart_rate": 139
        },
        {
            "timestamp": "2015-08-22T20:57:05.000Z",
            "altitude": 70,
            "heart_rate": 140
        },
        {
            "timestamp": "2015-08-22T20:57:06.000Z",
            "altitude": 70,
            "heart_rate": 140
        },
        {
            "timestamp": "2015-08-22T20:57:07.000Z",
            "altitude": 70,
            "heart_rate": 140
        },
        {
            "timestamp": "2015-08-22T20:57:07.000Z",
            "altitude": 70,
            "heart_rate": 140
        },
        {
            "timestamp": "2015-08-22T20:57:07.000Z",
            "altitude": 70,
            "heart_rate": 140
        },
        {
            "timestamp": "2015-08-22T20:57:09.000Z",
            "altitude": 70,
            "heart_rate": 140
        }
    ],
    "sessions": [
        {
            "start_time": "2015-08-22T20:49:02.000Z",
            "sport": 1
        }
    ],
    "_fileHeader_": {
        "headerSize": 12,
        "protocolVersion": 1,
        "profileVersion": 256,
        "dataSize": 0,
        "protocolVersionMajor": 0,
        "protocolVersionMinor": 1,
        "profileVersionMajor": 2,
        "profileVersionMinor": 56,
        "estimatedFitFileSize": 14,
        "dataType": ".FIT",
        "CRC": 1151,
        "verifyCRC": 17582
    },
    "_errors_": [
        "Verification of CRC gives a value of (MSBLSB=bigendian) : 44ae that does not match CRC stored at end of file."
    ]
}