{
    "file_id": {
        "serial_number": 3895741698,
        "time_created": 809459150,
        "manufacturer": 1,
        "product": 1765,
        "type": 4
    },
    "file_creator": {
        "software_version": 520
    },
    "device_info": {
        "timestamp": 809459543,
        "device_index": 4,
        "device_type": 3
    },
    "undefined": {},
    "sport": {
        "sport": 1
    },
    "activity": {
        "timestamp": "2015-08-25T17:52:28.000Z",
        "total_timer_time": 393.787,
        "local_timestamp": "2015-08-25T19:52:28.000Z",
        "num_sessions": 1,
        "event": 26,
        "event_type": 1
    },
    "records": [
        {
            "timestamp": "2015-08-25T17:45:49.000Z",
            "position_lat": 59.301493875682354,
            "position_long": 18.109273966401815,
            "altitude": -5.199999999999989,
            "speed": 1.12,
            "heart_rate": 99,
            "cadence": 53
        },
        {
            "timestamp": "2015-08-25T17:45:50.000Z",
            "position_lat": 59.301490522921085,
            "position_long": 18.109272625297308,
            "altitude": -5,
            "heart_rate": 99,
            "cadence": 53
        },
        {
            "timestamp": "2015-08-25T17:45:53.000Z",
            "position_lat": 59.30151667445898,
            "position_long": 18.10919651761651,
            "distance": 5.56,
            "altitude": -5.199999999999989,
            "speed": 2.342,
            "vertical_oscillation": 95.5,
            "stance_time_percent": 49,
            "stance_time": 470,
            "heart_rate": 102,
            "cadence": 66,
            "activity_type": 1
        },
        {
            "timestamp": "2015-08-25T17:45:55.000Z",
            "position_lat": 59.30154240690172,
            "position_long": 18.109099119901657,
            "distance": 11.79,
            "altitude": -5.399999999999977,
            "speed": 2.482,
            "vertical_oscillation": 52.5,
            "stance_time_percent": 45.5,
            "stance_time": 371,
            "heart_rate": 105,
            "cadence": 77,
            "activity_type": 1
        },
        {
            "timestamp": "2015-08-25T17:45:56.000Z",
            "position_lat": 59.30155665613711,
            "position_long": 18.10907087288797,
            "distance": 14.02,
            "altitude": -5.199999999999989,
            "speed": 2.482,
            "vertical_oscillation": 54.5,
            "stance_time_percent": 50,
            "stance_time": 359,
            "heart_rate": 106,
            "cadence": 76,
            "activity_type": 1,
            "fractional_cadence": 0.5
        },
        {
            "timestamp": "2015-08-25T17:45:59.000Z",
            "position_lat": 59.30157911963761,
            "position_long": 18.109005326405168,
            "distance": 19.08,
            "altitude": -5,
            "speed": 2.407,
            "vertical_oscillation": 81,
            "stance_time_percent": 40.25,
            "stance_time": 319,
            "heart_rate": 109,
            "cadence": 77,
            "activity_type": 1
        },
        {
            "timestamp": "2015-08-25T17:46:02.000Z",
            "position_lat": 59.30164215154946,
            "position_long": 18.10892879962921,
            "distance": 27.39,
            "altitude": -4.399999999999977,
            "speed": 2.463,
            "vertical_oscillation": 95.5,
            "stance_time_percent": 35.75,
            "stance_time": 287,
            "heart_rate": 112,
            "cadence": 77,
            "activity_type": 1,
            "fractional_cadence": 0.5
        },
        {
            "timestamp": "2015-08-25T17:46:06.000Z",
            "position_lat": 59.301752373576164,
            "position_long": 18.108855793252587,
            "distance": 40.44,
            "altitude": -3.1999999999999886,
            "speed": 2.631,
            "vertical_oscillation": 100.5,
            "stance_time_percent": 36,
            "stance_time": 281,
            "heart_rate": 115,
            "cadence": 78,
            "activity_type": 1,
            "fractional_cadence": 0.5
        },
        {
            "timestamp": "2015-08-25T17:46:09.000Z",
            "position_lat": 59.301829151809216,
            "position_long": 18.10880013741553,
            "distance": 49.5,
            "altitude": -2.6000000000000227,
            "speed": 2.706,
            "vertical_oscillation": 101.5,
            "stance_time_percent": 36,
            "stance_time": 277,
            "heart_rate": 118,
            "cadence": 77,
            "activity_type": 1,
            "fractional_cadence": 0.5
        },
        {
            "timestamp": "2015-08-25T17:46:11.000Z",
            "position_lat": 59.301872067153454,
            "position_long": 18.10873920097947,
            "distance": 55.32,
            "altitude": -2.1999999999999886,
            "speed": 2.715,
            "vertical_oscillation": 96.5,
            "stance_time_percent": 34.5,
            "stance_time": 265,
            "heart_rate": 119,
            "cadence": 78,
            "activity_type": 1,
            "fractional_cadence": 0.5
        },
        {
            "timestamp": "2015-08-25T17:46:20.000Z",
            "position_lat": 59.30203668773174,
            "position_long": 18.108539963141084,
            "distance": 76.53,
            "altitude": -3.1999999999999886,
            "speed": 2.781,
            "vertical_oscillation": 56.5,
            "stance_time_percent": 19.5,
            "stance_time": 183,
            "heart_rate": 120,
            "cadence": 93,
            "activity_type": 1,
            "fractional_cadence": 0.5
        },
        {
            "timestamp": "2015-08-25T17:46:21.000Z",
            "position_lat": 59.30204984731972,
            "position_long": 18.108540549874306,
            "distance": 77.94,
            "altitude": -3.6000000000000227,
            "speed": 1.931,
            "vertical_oscillation": 54.5,
            "stance_time_percent": 21,
            "stance_time": 166,
            "heart_rate": 119,
            "cadence": 94,
            "activity_type": 1
        },
        {
            "timestamp": "2015-08-25T17:46:24.000Z",
            "position_lat": 59.3020889069885,
            "position_long": 18.108530659228563,
            "distance": 81.97,
            "altitude": -4.600000000000023,
            "speed": 1.875,
            "vertical_oscillation": 68.2,
            "stance_time_percent": 30.25,
            "stance_time": 199,
            "heart_rate": 119,
            "cadence": 89,
            "activity_type": 1
        },
        {
            "timestamp": "2015-08-25T17:46:27.000Z",
            "position_lat": 59.3021597340703,
            "position_long": 18.10855194926262,
            "distance": 89.93,
            "altitude": -5.600000000000023,
            "speed": 2.062,
            "vertical_oscillation": 98.5,
            "stance_time_percent": 30.5,
            "stance_time": 231,
            "heart_rate": 121,
            "cadence": 81,
            "activity_type": 1
        },
        {
            "timestamp": "2015-08-25T17:46:34.000Z",
            "position_lat": 59.302359223365784,
            "position_long": 18.1086272187531,
            "distance": 112.37,
            "altitude": -6.399999999999977,
            "speed": 2.948,
            "vertical_oscillation": 99.5,
            "stance_time_percent": 31.5,
            "stance_time": 234,
            "heart_rate": 123,
            "cadence": 80,
            "activity_type": 1,
            "fractional_cadence": 0.5
        },
        {
            "timestamp": "2015-08-25T17:46:37.000Z",
            "position_lat": 59.30244153365493,
            "position_long": 18.108685305342078,
            "distance": 122.11,
            "altitude": -6.800000000000011,
            "speed": 3.098,
            "vertical_oscillation": 90.7,
            "stance_time_percent": 31.75,
            "stance_time": 232,
            "heart_rate": 124,
            "cadence": 81,
            "activity_type": 1
        },
        {
            "timestamp": "2015-08-25T17:46:43.000Z",
            "position_lat": 59.30259349755943,
            "position_long": 18.10890289954841,
            "distance": 143.16,
            "altitude": -6.800000000000011,
            "speed": 3.172,
            "vertical_oscillation": 102.5,
            "stance_time_percent": 32.25,
            "stance_time": 243,
            "heart_rate": 126,
            "cadence": 80,
            "activity_type": 1
        },
        {
            "timestamp": "2015-08-25T17:46:48.000Z",
            "position_lat": 59.30268066935241,
            "position_long": 18.109057629480958,
            "distance": 156.4,
            "altitude": -6.800000000000011,
            "speed": 3.238,
            "vertical_oscillation": 89.7,
            "stance_time_percent": 33.75,
            "stance_time": 251,
            "heart_rate": 126,
            "cadence": 80,
            "activity_type": 1
        },
        {
            "timestamp": "2015-08-25T17:46:55.000Z",
            "position_lat": 59.302861550822854,
            "position_long": 18.108997782692313,
            "distance": 176.82,
            "altitude": -7,
            "speed": 3.135,
            "vertical_oscillation": 92.7,
            "stance_time_percent": 33.25,
            "stance_time": 253,
            "heart_rate": 125,
            "cadence": 79,
            "activity_type": 1,
            "fractional_cadence": 0.5
        },
        {
            "timestamp": "2015-08-25T17:47:02.000Z",
            "position_lat": 59.30298794992268,
            "position_long": 18.10870449990034,
            "distance": 198.7,
            "altitude": -7.600000000000023,
            "speed": 3.06,
            "vertical_oscillation": 90.7,
            "stance_time_percent": 33,
            "stance_time": 239,
            "heart_rate": 125,
            "cadence": 83,
            "activity_type": 1
        },
        {
            "timestamp": "2015-08-25T17:47:03.000Z",
            "position_lat": 59.30300923995674,
            "position_long": 18.108659237623215,
            "distance": 202.2,
            "altitude": -8,
            "speed": 3.06,
            "vertical_oscillation": 91.7,
            "stance_time_percent": 32.5,
            "stance_time": 236,
            "heart_rate": 125,
            "cadence": 82,
            "activity_type": 1,
            "fractional_cadence": 0.5
        },
        {
            "timestamp": "2015-08-25T17:47:10.000Z",
            "position_lat": 59.30314276367426,
            "position_long": 18.108421191573143,
            "distance": 222.32,
            "altitude": -8.800000000000011,
            "speed": 3.06,
            "vertical_oscillation": 104.2,
            "stance_time_percent": 32,
            "stance_time": 248,
            "heart_rate": 126,
            "cadence": 77,
            "activity_type": 1,
            "fractional_cadence": 0.5
        },
        {
            "timestamp": "2015-08-25T17:47:17.000Z",
            "position_lat": 59.30324820801616,
            "position_long": 18.10806923545897,
            "distance": 245.32,
            "altitude": -10,
            "speed": 3.014,
            "vertical_oscillation": 100.5,
            "stance_time_percent": 32.25,
            "stance_time": 241,
            "heart_rate": 125,
            "cadence": 79,
            "activity_type": 1
        },
        {
            "timestamp": "2015-08-25T17:47:23.000Z",
            "position_lat": 59.30333881638944,
            "position_long": 18.10789623297751,
            "distance": 259.12,
            "altitude": -10.600000000000023,
            "speed": 3.07,
            "vertical_oscillation": 65.2,
            "stance_time_percent": 24.5,
            "stance_time": 217,
            "heart_rate": 122,
            "cadence": 72,
            "activity_type": 1,
            "fractional_cadence": 0.5
        },
        {
            "timestamp": "2015-08-25T17:47:30.000Z",
            "position_lat": 59.30340805090964,
            "position_long": 18.10762122273445,
            "distance": 276.5,
            "altitude": -11.199999999999989,
            "speed": 2.79,
            "vertical_oscillation": 97.5,
            "stance_time_percent": 32.25,
            "stance_time": 240,
            "heart_rate": 122,
            "cadence": 81,
            "activity_type": 1,
            "fractional_cadence": 0.5
        },
        {
            "timestamp": "2015-08-25T17:47:36.000Z",
            "position_lat": 59.30351324379444,
            "position_long": 18.107349649071693,
            "distance": 295.89,
            "altitude": -11.600000000000023,
            "speed": 3.107,
            "vertical_oscillation": 97.5,
            "stance_time_percent": 33.25,
            "stance_time": 244,
            "heart_rate": 125,
            "cadence": 81,
            "activity_type": 1,
            "fractional_cadence": 0.5
        },
        {
            "timestamp": "2015-08-25T17:47:43.000Z",
            "position_lat": 59.30363352410495,
            "position_long": 18.10703977011144,
            "distance": 318.02,
            "altitude": -11.600000000000023,
            "speed": 3.182,
            "vertical_oscillation": 86.7,
            "stance_time_percent": 34.75,
            "stance_time": 254,
            "heart_rate": 127,
            "cadence": 81,
            "activity_type": 1,
            "fractional_cadence": 0.5
        },
        {
            "timestamp": "2015-08-25T17:47:50.000Z",
            "position_lat": 59.303748439997435,
            "position_long": 18.106761490926147,
            "distance": 338.43,
            "altitude": -11.800000000000011,
            "speed": 3.163,
            "vertical_oscillation": 92.7,
            "stance_time_percent": 34.5,
            "stance_time": 252,
            "heart_rate": 128,
            "cadence": 81,
            "activity_type": 1,
            "fractional_cadence": 0.5
        },
        {
            "timestamp": "2015-08-25T17:47:57.000Z",
            "position_lat": 59.30385681800544,
            "position_long": 18.106475500389934,
            "distance": 358.7,
            "altitude": -11.800000000000011,
            "speed": 3.107,
            "vertical_oscillation": 87.7,
            "stance_time_percent": 33,
            "stance_time": 244,
            "heart_rate": 128,
            "cadence": 82,
            "activity_type": 1
        },
        {
            "timestamp": "2015-08-25T17:48:03.000Z",
            "position_lat": 59.30400962010026,
            "position_long": 18.106293696910143,
            "distance": 378.78,
            "altitude": -11.800000000000011,
            "speed": 3.042,
            "vertical_oscillation": 92.7,
            "stance_time_percent": 32.75,
            "stance_time": 236,
            "heart_rate": 129,
            "cadence": 82,
            "activity_type": 1,
            "fractional_cadence": 0.5
        },
        {
            "timestamp": "2015-08-25T17:48:09.000Z",
            "position_lat": 59.30412830784917,
            "position_long": 18.106025392189622,
            "distance": 399.03,
            "altitude": -11.600000000000023,
            "speed": 3.088,
            "vertical_oscillation": 91.7,
            "stance_time_percent": 35,
            "stance_time": 248,
            "heart_rate": 129,
            "cadence": 82,
            "activity_type": 1,
            "fractional_cadence": 0.5
        },
        {
            "timestamp": "2015-08-25T17:48:16.000Z",
            "position_lat": 59.30424464866519,
            "position_long": 18.105689026415348,
            "distance": 421.68,
            "altitude": -11.399999999999977,
            "speed": 3.172,
            "vertical_oscillation": 100.5,
            "stance_time_percent": 33.25,
            "stance_time": 241,
            "heart_rate": 132,
            "cadence": 83,
            "activity_type": 1
        },
        {
            "timestamp": "2015-08-25T17:48:23.000Z",
            "position_lat": 59.304298711940646,
            "position_long": 18.105278816074133,
            "distance": 445.17,
            "altitude": -11.800000000000011,
            "speed": 3.228,
            "vertical_oscillation": 90.7,
            "stance_time_percent": 33.5,
            "stance_time": 239,
            "heart_rate": 134,
            "cadence": 84,
            "activity_type": 1
        },
        {
            "timestamp": "2015-08-25T17:48:29.000Z",
            "position_lat": 59.30441999807954,
            "position_long": 18.10493951663375,
            "distance": 468.72,
            "altitude": -11.600000000000023,
            "speed": 3.312,
            "vertical_oscillation": 90.7,
            "stance_time_percent": 34.25,
            "stance_time": 244,
            "heart_rate": 134,
            "cadence": 84,
            "activity_type": 1
        },
        {
            "timestamp": "2015-08-25T17:48:35.000Z",
            "position_lat": 59.30453457869589,
            "position_long": 18.104622596874833,
            "distance": 490.57,
            "altitude": -11.600000000000023,
            "speed": 3.462,
            "vertical_oscillation": 87.7,
            "stance_time_percent": 31.75,
            "stance_time": 226,
            "heart_rate": 135,
            "cadence": 84,
            "activity_type": 1
        },
        {
            "timestamp": "2015-08-25T17:48:41.000Z",
            "position_lat": 59.30464052595198,
            "position_long": 18.104327637702227,
            "distance": 511.14,
            "altitude": -11.800000000000011,
            "speed": 3.518,
            "vertical_oscillation": 96.5,
            "stance_time_percent": 34.75,
            "stance_time": 245,
            "heart_rate": 136,
            "cadence": 82,
            "activity_type": 1,
            "fractional_cadence": 0.5
        },
        {
            "timestamp": "2015-08-25T17:48:47.000Z",
            "position_lat": 59.3047465570271,
            "position_long": 18.104016752913594,
            "distance": 532.41,
            "altitude": -11.399999999999977,
            "speed": 3.508,
            "vertical_oscillation": 94.5,
            "stance_time_percent": 34.5,
            "stance_time": 250,
            "heart_rate": 135,
            "cadence": 82,
            "activity_type": 1,
            "fractional_cadence": 0.5
        },
        {
            "timestamp": "2015-08-25T17:48:53.000Z",
            "position_lat": 59.30486700497568,
            "position_long": 18.103733779862523,
            "distance": 553.29,
            "altitude": -11.399999999999977,
            "speed": 3.499,
            "vertical_oscillation": 88.7,
            "stance_time_percent": 33,
            "stance_time": 241,
            "heart_rate": 135,
            "cadence": 83,
            "activity_type": 1,
            "fractional_cadence": 0.5
        },
        {
            "timestamp": "2015-08-25T17:48:59.000Z",
            "position_lat": 59.30498879402876,
            "position_long": 18.103455500677228,
            "distance": 574.11,
            "altitude": -11.600000000000023,
            "speed": 3.49,
            "vertical_oscillation": 103.5,
            "stance_time_percent": 33,
            "stance_time": 236,
            "heart_rate": 136,
            "cadence": 84,
            "activity_type": 1
        },
        {
            "timestamp": "2015-08-25T17:49:05.000Z",
            "position_lat": 59.30508652701974,
            "position_long": 18.103149142116308,
            "distance": 594.59,
            "altitude": -10.800000000000011,
            "speed": 3.48,
            "vertical_oscillation": 88.7,
            "stance_time_percent": 34.5,
            "stance_time": 246,
            "heart_rate": 136,
            "cadence": 83,
            "activity_type": 1,
            "fractional_cadence": 0.5
        },
        {
            "timestamp": "2015-08-25T17:49:12.000Z",
            "position_lat": 59.305236814543605,
            "position_long": 18.102882262319326,
            "distance": 617.18,
            "altitude": -10.800000000000011,
            "speed": 3.452,
            "vertical_oscillation": 95.5,
            "stance_time_percent": 35,
            "stance_time": 252,
            "heart_rate": 138,
            "cadence": 82,
            "activity_type": 1
        },
        {
            "timestamp": "2015-08-25T17:49:18.000Z",
            "position_lat": 59.3053803127259,
            "position_long": 18.102631056681275,
            "distance": 638.66,
            "altitude": -11.199999999999989,
            "speed": 3.415,
            "vertical_oscillation": 105.2,
            "stance_time_percent": 33.75,
            "stance_time": 248,
            "heart_rate": 139,
            "cadence": 82,
            "activity_type": 1,
            "fractional_cadence": 0.5
        },
        {
            "timestamp": "2015-08-25T17:49:25.000Z",
            "position_lat": 59.30553504265845,
            "position_long": 18.102392004802823,
            "distance": 661.31,
            "altitude": -11.199999999999989,
            "speed": 3.415,
            "vertical_oscillation": 101.5,
            "stance_time_percent": 33.25,
            "stance_time": 243,
            "heart_rate": 140,
            "cadence": 82,
            "activity_type": 1
        },
        {
            "timestamp": "2015-08-25T17:49:32.000Z",
            "position_lat": 59.30573151446879,
            "position_long": 18.102352945134044,
            "distance": 683.61,
            "altitude": -11.199999999999989,
            "speed": 3.378,
            "vertical_oscillation": 88.7,
            "stance_time_percent": 33.5,
            "stance_time": 241,
            "heart_rate": 140,
            "cadence": 83,
            "activity_type": 1
        },
        {
            "timestamp": "2015-08-25T17:49:39.000Z",
            "position_lat": 59.30592555552721,
            "position_long": 18.102511446923018,
            "distance": 707.04,
            "altitude": -11.600000000000023,
            "speed": 3.34,
            "vertical_oscillation": 99.5,
            "stance_time_percent": 34.5,
            "stance_time": 244,
            "heart_rate": 140,
            "cadence": 84,
            "activity_type": 1,
            "fractional_cadence": 0.5
        },
        {
            "timestamp": "2015-08-25T17:49:45.000Z",
            "position_lat": 59.30611842311919,
            "position_long": 18.1025917455554,
            "distance": 729.14,
            "altitude": -11.600000000000023,
            "speed": 3.35,
            "vertical_oscillation": 92.7,
            "stance_time_percent": 33,
            "stance_time": 241,
            "heart_rate": 139,
            "cadence": 82,
            "activity_type": 1,
            "fractional_cadence": 0.5
        },
        {
            "timestamp": "2015-08-25T17:49:51.000Z",
            "position_lat": 59.30625680834055,
            "position_long": 18.10282090678811,
            "distance": 749.45,
            "altitude": -11.800000000000011,
            "speed": 3.396,
            "vertical_oscillation": 87.7,
            "stance_time_percent": 33,
            "stance_time": 242,
            "heart_rate": 138,
            "cadence": 82,
            "activity_type": 1,
            "fractional_cadence": 0.5
        },
        {
            "timestamp": "2015-08-25T17:49:58.000Z",
            "position_lat": 59.30639812722802,
            "position_long": 18.10311494395137,
            "distance": 772.55,
            "altitude": -11.600000000000023,
            "speed": 3.406,
            "vertical_oscillation": 87.7,
            "stance_time_percent": 33,
            "stance_time": 239,
            "heart_rate": 138,
            "cadence": 82,
            "activity_type": 1,
            "fractional_cadence": 0.5
        },
        {
            "timestamp": "2015-08-25T17:50:05.000Z",
            "position_lat": 59.30646585300565,
            "position_long": 18.103491626679897,
            "distance": 795.3,
            "altitude": -11.800000000000011,
            "speed": 3.378,
            "vertical_oscillation": 92.7,
            "stance_time_percent": 35,
            "stance_time": 253,
            "heart_rate": 136,
            "cadence": 83,
            "activity_type": 1
        },
        {
            "timestamp": "2015-08-25T17:50:12.000Z",
            "position_lat": 59.3065389432013,
            "position_long": 18.1038782838732,
            "distance": 818.79,
            "altitude": -11.800000000000011,
            "speed": 3.35,
            "vertical_oscillation": 90.7,
            "stance_time_percent": 35,
            "stance_time": 251,
            "heart_rate": 137,
            "cadence": 82,
            "activity_type": 1,
            "fractional_cadence": 0.5
        },
        {
            "timestamp": "2015-08-25T17:50:18.000Z",
            "position_lat": 59.3066168949008,
            "position_long": 18.10420668683946,
            "distance": 839.42,
            "altitude": -11.800000000000011,
            "speed": 3.35,
            "vertical_oscillation": 81,
            "stance_time_percent": 34.5,
            "stance_time": 247,
            "heart_rate": 138,
            "cadence": 84,
            "activity_type": 1
        },
        {
            "timestamp": "2015-08-25T17:50:25.000Z",
            "position_lat": 59.30663357488811,
            "position_long": 18.104608599096537,
            "distance": 863.4,
            "altitude": -11.800000000000011,
            "speed": 3.359,
            "vertical_oscillation": 91.7,
            "stance_time_percent": 33,
            "stance_time": 239,
            "heart_rate": 138,
            "cadence": 83,
            "activity_type": 1
        },
        {
            "timestamp": "2015-08-25T17:50:31.000Z",
            "position_lat": 59.306605998426676,
            "position_long": 18.10495862737298,
            "distance": 883.59,
            "altitude": -11.600000000000023,
            "speed": 3.359,
            "vertical_oscillation": 88.7,
            "stance_time_percent": 33.75,
            "stance_time": 246,
            "heart_rate": 139,
            "cadence": 82,
            "activity_type": 1,
            "fractional_cadence": 0.5
        },
        {
            "timestamp": "2015-08-25T17:50:37.000Z",
            "position_lat": 59.306571297347546,
            "position_long": 18.105308571830392,
            "distance": 903.94,
            "altitude": -12,
            "speed": 3.359,
            "vertical_oscillation": 96.5,
            "stance_time_percent": 33,
            "stance_time": 238,
            "heart_rate": 139,
            "cadence": 83,
            "activity_type": 1,
            "fractional_cadence": 0.5
        },
        {
            "timestamp": "2015-08-25T17:50:43.000Z",
            "position_lat": 59.306490579620004,
            "position_long": 18.105647200718522,
            "distance": 925.22,
            "altitude": -11.800000000000011,
            "speed": 3.359,
            "vertical_oscillation": 84.7,
            "stance_time_percent": 33.75,
            "stance_time": 237,
            "heart_rate": 139,
            "cadence": 85,
            "activity_type": 1,
            "fractional_cadence": 0.5
        },
        {
            "timestamp": "2015-08-25T17:50:49.000Z",
            "position_lat": 59.306422267109156,
            "position_long": 18.10598130337894,
            "distance": 945.76,
            "altitude": -11.199999999999989,
            "speed": 3.378,
            "vertical_oscillation": 83.7,
            "stance_time_percent": 34.25,
            "stance_time": 246,
            "heart_rate": 141,
            "cadence": 84,
            "activity_type": 1
        },
        {
            "timestamp": "2015-08-25T17:50:55.000Z",
            "position_lat": 59.30639703758061,
            "position_long": 18.106337366625667,
            "distance": 966.24,
            "altitude": -11.199999999999989,
            "speed": 3.378,
            "vertical_oscillation": 83,
            "stance_time_percent": 34.75,
            "stance_time": 248,
            "heart_rate": 141,
            "cadence": 84,
            "activity_type": 1,
            "fractional_cadence": 0.5
        },
        {
            "timestamp": "2015-08-25T17:51:02.000Z",
            "position_lat": 59.30640290491283,
            "position_long": 18.10669284313917,
            "distance": 988.13,
            "altitude": -11,
            "speed": 3.368,
            "vertical_oscillation": 83,
            "stance_time_percent": 33.25,
            "stance_time": 238,
            "heart_rate": 140,
            "cadence": 85,
            "activity_type": 1,
            "fractional_cadence": 0.5
        },
        {
            "timestamp": "2015-08-25T17:51:06.000Z",
            "position_lat": 59.30652184411883,
            "position_long": 18.106720000505447,
            "distance": 1001.51,
            "altitude": -11,
            "speed": 3.359,
            "vertical_oscillation": 91.7,
            "stance_time_percent": 33.25,
            "stance_time": 241,
            "heart_rate": 141,
            "cadence": 83,
            "activity_type": 1
        },
        {
            "timestamp": "2015-08-25T17:51:13.000Z",
            "position_lat": 59.30672845803201,
            "position_long": 18.106742799282074,
            "distance": 1024.59,
            "altitude": -10.600000000000023,
            "speed": 3.331,
            "vertical_oscillation": 98.5,
            "stance_time_percent": 32.75,
            "stance_time": 237,
            "heart_rate": 142,
            "cadence": 83,
            "activity_type": 1
        },
        {
            "timestamp": "2015-08-25T17:51:19.000Z",
            "position_lat": 59.306917721405625,
            "position_long": 18.106697285547853,
            "distance": 1045.76,
            "altitude": -10.600000000000023,
            "speed": 3.322,
            "vertical_oscillation": 86.7,
            "stance_time_percent": 33.75,
            "stance_time": 240,
            "heart_rate": 143,
            "cadence": 84,
            "activity_type": 1,
            "fractional_cadence": 0.5
        },
        {
            "timestamp": "2015-08-25T17:51:25.000Z",
            "position_lat": 59.30709818378091,
            "position_long": 18.106667948886752,
            "distance": 1065.92,
            "altitude": -10.600000000000023,
            "speed": 3.322,
            "vertical_oscillation": 84.7,
            "stance_time_percent": 34.75,
            "stance_time": 245,
            "heart_rate": 143,
            "cadence": 84,
            "activity_type": 1,
            "fractional_cadence": 0.5
        },
        {
            "timestamp": "2015-08-25T17:51:32.000Z",
            "position_lat": 59.30731074884534,
            "position_long": 18.10662679374218,
            "distance": 1089.72,
            "altitude": -10.800000000000011,
            "speed": 3.359,
            "vertical_oscillation": 83,
            "stance_time_percent": 33.25,
            "stance_time": 240,
            "heart_rate": 141,
            "cadence": 84,
            "activity_type": 1,
            "fractional_cadence": 0.5
        },
        {
            "timestamp": "2015-08-25T17:51:38.000Z",
            "position_lat": 59.30750587955117,
            "position_long": 18.106537777930498,
            "distance": 1112.02,
            "altitude": -10.800000000000011,
            "speed": 3.406,
            "vertical_oscillation": 81,
            "stance_time_percent": 35.5,
            "stance_time": 247,
            "heart_rate": 140,
            "cadence": 84,
            "activity_type": 1,
            "fractional_cadence": 0.5
        },
        {
            "timestamp": "2015-08-25T17:51:44.000Z",
            "position_lat": 59.30769246071577,
            "position_long": 18.10646452009678,
            "distance": 1133.23,
            "altitude": -11.199999999999989,
            "speed": 3.443,
            "vertical_oscillation": 87.7,
            "stance_time_percent": 30.75,
            "stance_time": 226,
            "heart_rate": 142,
            "cadence": 84,
            "activity_type": 1
        },
        {
            "timestamp": "2015-08-25T17:51:51.000Z",
            "position_lat": 59.30788792669773,
            "position_long": 18.106361590325832,
            "distance": 1156.19,
            "altitude": -11.600000000000023,
            "speed": 3.462,
            "vertical_oscillation": 99.5,
            "stance_time_percent": 31.5,
            "stance_time": 229,
            "heart_rate": 142,
            "cadence": 82,
            "activity_type": 1,
            "fractional_cadence": 0.5
        },
        {
            "timestamp": "2015-08-25T17:51:58.000Z",
            "position_lat": 59.307973589748144,
            "position_long": 18.106024637818336,
            "distance": 1177.67,
            "altitude": -11.600000000000023,
            "speed": 3.462,
            "vertical_oscillation": 89.7,
            "stance_time_percent": 35.25,
            "stance_time": 246,
            "heart_rate": 143,
            "cadence": 84,
            "activity_type": 1,
            "fractional_cadence": 0.5
        },
        {
            "timestamp": "2015-08-25T17:52:00.000Z",
            "position_lat": 59.30799404159188,
            "position_long": 18.10595339164138,
            "distance": 1181.91,
            "altitude": -11.600000000000023,
            "speed": 3.452,
            "vertical_oscillation": 86.7,
            "stance_time_percent": 33.75,
            "stance_time": 239,
            "heart_rate": 143,
            "cadence": 84,
            "activity_type": 1,
            "fractional_cadence": 0.5
        },
        {
            "timestamp": "2015-08-25T17:52:07.000Z",
            "position_lat": 59.307835288345814,
            "position_long": 18.10569598339498,
            "distance": 1204.89,
            "altitude": -11.600000000000023,
            "speed": 3.378,
            "vertical_oscillation": 82,
            "stance_time_percent": 34,
            "stance_time": 240,
            "heart_rate": 143,
            "cadence": 84,
            "activity_type": 1,
            "fractional_cadence": 0.5
        },
        {
            "timestamp": "2015-08-25T17:52:12.000Z",
            "position_lat": 59.307728335261345,
            "position_long": 18.105501355603337,
            "distance": 1221.49,
            "altitude": -11,
            "speed": 3.359,
            "vertical_oscillation": 81,
            "stance_time_percent": 34,
            "stance_time": 239,
            "heart_rate": 141,
            "cadence": 84,
            "activity_type": 1
        },
        {
            "timestamp": "2015-08-25T17:52:18.000Z",
            "position_lat": 59.307776698842645,
            "position_long": 18.10514822602272,
            "distance": 1242.54,
            "altitude": -11.199999999999989,
            "speed": 3.35,
            "vertical_oscillation": 92.7,
            "stance_time_percent": 33.25,
            "stance_time": 237,
            "heart_rate": 140,
            "cadence": 84,
            "activity_type": 1
        },
        {
            "timestamp": "2015-08-25T17:52:23.000Z",
            "position_lat": 59.3078273255378,
            "position_long": 18.104879334568977,
            "distance": 1258.85,
            "altitude": -11,
            "speed": 3.359,
            "vertical_oscillation": 86.7,
            "stance_time_percent": 32.5,
            "stance_time": 242,
            "heart_rate": 140,
            "cadence": 78,
            "activity_type": 1
        }
    ],
    "sessions": [
        {
            "timestamp": "2015-08-25T17:52:28.000Z",
            "start_time": "2015-08-25T17:45:49.000Z",
            "start_position_lat": 59.301493875682354,
            "start_position_long": 18.109273966401815,
            "total_elapsed_time": 393.787,
            "total_timer_time": 393.787,
            "total_distance": 1258.85,
            "total_cycles": 541,
            "nec_lat": 59.30799404159188,
            "nec_long": 18.10928394086659,
            "swc_lat": 59.301490522921085,
            "swc_long": 18.10233215801418,
            "total_calories": 86,
            "avg_speed": 3.197,
            "max_speed": 3.518,
            "total_ascent": 1,
            "total_descent": 9,
            "num_laps": 2,
            "avg_vertical_oscillation": 90.6,
            "avg_stance_time_percent": 33.53,
            "avg_stance_time": 245.2,
            "event": 9,
            "event_type": 1,
            "sport": 1,
            "avg_heart_rate": 133,
            "max_heart_rate": 144,
            "avg_cadence": 82,
            "max_cadence": 94,
            "total_training_effect": 1.8,
            "avg_fractional_cadence": 0.1484375
        }
    ],
    "laps": [
        {
            "timestamp": "2015-08-25T17:51:06.000Z",
            "start_time": "2015-08-25T17:45:49.000Z",
            "start_position_lat": 59.301493875682354,
            "start_position_long": 18.109273966401815,
            "end_position_lat": 59.30652184411883,
            "end_position_long": 18.106720000505447,
            "total_elapsed_time": 317.031,
            "total_timer_time": 317.031,
            "total_distance": 1000,
            "total_cycles": 433,
            "total_calories": 68,
            "avg_speed": 3.154,
            "max_speed": 3.518,
            "total_ascent": 1,
            "total_descent": 8,
            "avg_vertical_oscillation": 91.3,
            "avg_stance_time_percent": 33.63,
            "avg_stance_time": 247.2,
            "event": 9,
            "event_type": 1,
            "avg_heart_rate": 131,
            "max_heart_rate": 141,
            "avg_cadence": 81,
            "max_cadence": 94,
            "lap_trigger": 2,
            "sport": 1,
            "avg_fractional_cadence": 0.71875
        },
        {
            "timestamp": "2015-08-25T17:52:28.000Z",
            "start_time": "2015-08-25T17:51:07.000Z",
            "start_position_lat": 59.306550677865744,
            "start_position_long": 18.106727125123143,
            "end_position_lat": 59.3078273255378,
            "end_position_long": 18.104879334568977,
            "total_elapsed_time": 76.756,
            "total_timer_time": 76.756,
            "total_distance": 258.85,
            "total_cycles": 108,
            "message_index": 1,
            "total_calories": 18,
            "avg_speed": 3.372,
            "max_speed": 3.471,
            "total_descent": 1,
            "avg_vertical_oscillation": 87.8,
            "avg_stance_time_percent": 33.14,
            "avg_stance_time": 236.9,
            "event": 9,
            "event_type": 1,
            "avg_heart_rate": 142,
            "max_heart_rate": 144,
            "avg_cadence": 83,
            "max_cadence": 85,
            "lap_trigger": 7,
            "sport": 1,
            "avg_fractional_cadence": 0.9296875,
            "max_fractional_cadence": 0.5
        }
    ],
    "events": [
        {
            "timestamp": 809459149
        },
        {
            "timestamp": 809459466,
            "data": 100000,
            "event": 24,
            "event_type": 3,
            "event_group": 1
        },
        {
            "timestamp": 809459542,
            "data": 2229,
            "event": 38,
            "event_type": 3
        },
        {
            "timestamp": 809459543,
            "event_type": 4
        }
    ],
    "_fileHeader_": {
        "headerSize": 14,
        "protocolVersion": 16,
        "profileVersion": 1425,
        "dataSize": 4982,
        "protocolVersionMajor": 1,
        "protocolVersionMinor": 0,
        "profileVersionMajor": 14,
        "profileVersionMinor": 25,
        "estimatedFitFileSize": 4998,
        "dataType": ".FIT",
        "headerCRC": 41646,
        "verifyHeaderCRC": 41646,
        "CRC": 13580,
        "verifyCRC": 13580
    },
    "_warnings_": [
        "Field size mismatch. Global message: sport, fieldDefId: 3, defined size: 1, reported size: 24",
        "Field size mismatch. Global message: lap, fieldDefId: 57, defined size: 4, reported size: 28",
        "Field size mismatch. Global message: lap, fieldDefId: 60, defined size: 4, reported size: 32",
        "Field size mismatch. Global message: lap, fieldDefId: 57, defined size: 4, reported size: 28",
        "Field size mismatch. Global message: lap, fieldDefId: 60, defined size: 4, reported size: 32",
        "Field size mismatch. Global message: session, fieldDefId: 65, defined size: 4, reported size: 28",
        "Field size mismatch. Global message: session, fieldDefId: 68, defined size: 4, reported size: 32"
    ],
    "_info_": [
        "Skipping undefined field. BaseType: 134, FieldDefId: 8, Reported size: 4, Glob msg: device_info",
        "Skipping undefined field. BaseType: 134, FieldDefId: 15, Reported size: 4, Glob msg: device_info",
        "Skipping undefined field. BaseType: 134, FieldDefId: 16, Reported size: 4, Glob msg: device_info",
        "Skipping undefined field. BaseType: 2, FieldDefId: 9, Reported size: 1, Glob msg: device_info",
        "Skipping undefined field. BaseType: 2, FieldDefId: 23, Reported size: 1, Glob msg: device_info",
        "Skipping undefined field. BaseType: 134, FieldDefId: 8, Reported size: 4, Glob msg: device_info",
        "Skipping undefined field. BaseType: 134, FieldDefId: 15, Reported size: 4, Glob msg: device_info",
        "Skipping undefined field. BaseType: 134, FieldDefId: 16, Reported size: 4, Glob msg: device_info",
        "Skipping undefined field. BaseType: 2, FieldDefId: 9, Reported size: 1, Glob msg: device_info",
        "Skipping undefined field. BaseType: 2, FieldDefId: 23, Reported size: 1, Glob msg: device_info",
        "Skipping undefined field. BaseType: 134, FieldDefId: 8, Reported size: 4, Glob msg: device_info",
        "Skipping undefined field. BaseType: 134, FieldDefId: 15, Reported size: 4, Glob msg: device_info",
        "Skipping undefined field. BaseType: 134, FieldDefId: 16, Reported size: 4, Glob msg: device_info",
        "Skipping undefined field. BaseType: 2, FieldDefId: 9, Reported size: 1, Glob msg: device_info",
        "Skipping undefined field. BaseType: 2, FieldDefId: 23, Reported size: 1, Glob msg: device_info",
        "Skipping undefined field. BaseType: 134, FieldDefId: 8, Reported size: 4, Glob msg: device_info",
        "Skipping undefined field. BaseType: 134, FieldDefId: 15, Reported size: 4, Glob msg: device_info",
        "Skipping undefined field. BaseType: 134, FieldDefId: 16, Reported size: 4, Glob msg: device_info",
        "Skipping undefined field. BaseType: 2, FieldDefId: 9, Reported size: 1, Glob msg: device_info",
        "Skipping undefined field. BaseType: 2, FieldDefId: 23, Reported size: 1, Glob msg: device_info",
        "Skipping undefined field. BaseType: 134, FieldDefId: 8, Reported size: 4, Glob msg: device_info",
        "Skipping undefined field. BaseType: 134, FieldDefId: 15, Reported size: 4, Glob msg: device_info",
        "Skipping undefined field. BaseType: 134, FieldDefId: 16, Reported size: 4, Glob msg: device_info",
        "Skipping undefined field. BaseType: 2, FieldDefId: 9, Reported size: 1, Glob msg: device_info",
        "Skipping undefined field. BaseType: 2, FieldDefId: 23, Reported size: 1, Glob msg: device_info",
        "Skipping undefined field. BaseType: 134, FieldDefId: 253, Reported size: 4, Glob msg: undefined",
        "Skipping undefined field. BaseType: 2, FieldDefId: 0, Reported size: 1, Glob msg: undefined",
        "Skipping undefined field. BaseType: 2, FieldDefId: 1, Reported size: 1, Glob msg: undefined",
        "Skipping undefined field. BaseType: 2, FieldDefId: 2, Reported size: 1, Glob msg: undefined",
        "Skipping undefined field. BaseType: 2, FieldDefId: 3, Reported size: 1, Glob msg: undefined",
        "Skipping undefined field. BaseType: 2, FieldDefId: 4, Reported size: 1, Glob msg: undefined",
        "Skipping undefined field. BaseType: 0, FieldDefId: 5, Reported size: 1, Glob msg: undefined",
        "Skipping undefined field. BaseType: 2, FieldDefId: 6, Reported size: 1, Glob msg: undefined",
        "Skipping undefined field. BaseType: 2, FieldDefId: 14, Reported size: 1, Glob msg: undefined",
        "Skipping undefined field. BaseType: 134, FieldDefId: 253, Reported size: 4, Glob msg: undefined",
        "Skipping undefined field. BaseType: 134, FieldDefId: 1, Reported size: 4, Glob msg: undefined",
        "Skipping undefined field. BaseType: 134, FieldDefId: 2, Reported size: 4, Glob msg: undefined",
        "Skipping undefined field. BaseType: 134, FieldDefId: 3, Reported size: 4, Glob msg: undefined",
        "Skipping undefined field. BaseType: 133, FieldDefId: 4, Reported size: 4, Glob msg: undefined",
        "Skipping undefined field. BaseType: 133, FieldDefId: 5, Reported size: 4, Glob msg: undefined",
        "Skipping undefined field. BaseType: 0, FieldDefId: 0, Reported size: 1, Glob msg: undefined",
        "Skipping undefined field. BaseType: 134, FieldDefId: 253, Reported size: 4, Glob msg: undefined",
        "Skipping undefined field. BaseType: 132, FieldDefId: 0, Reported size: 2, Glob msg: undefined",
        "Skipping undefined field. BaseType: 132, FieldDefId: 3, Reported size: 2, Glob msg: undefined",
        "Skipping undefined field. BaseType: 132, FieldDefId: 8, Reported size: 2, Glob msg: undefined",
        "Skipping undefined field. BaseType: 132, FieldDefId: 9, Reported size: 2, Glob msg: undefined",
        "Skipping undefined field. BaseType: 2, FieldDefId: 1, Reported size: 1, Glob msg: undefined",
        "Skipping undefined field. BaseType: 2, FieldDefId: 2, Reported size: 1, Glob msg: undefined",
        "Skipping undefined field. BaseType: 0, FieldDefId: 4, Reported size: 1, Glob msg: undefined",
        "Skipping undefined field. BaseType: 0, FieldDefId: 5, Reported size: 1, Glob msg: undefined",
        "Skipping undefined field. BaseType: 2, FieldDefId: 6, Reported size: 1, Glob msg: undefined",
        "Skipping undefined field. BaseType: 1, FieldDefId: 7, Reported size: 1, Glob msg: undefined",
        "Skipping undefined field. BaseType: 132, FieldDefId: 4, Reported size: 2, Glob msg: sport",
        "Skipping undefined field. BaseType: 0, FieldDefId: 5, Reported size: 1, Glob msg: sport",
        "Skipping undefined field. BaseType: 0, FieldDefId: 6, Reported size: 1, Glob msg: sport",
        "Skipping undefined field. BaseType: 2, FieldDefId: 10, Reported size: 3, Glob msg: sport",
        "Skipping undefined field. BaseType: 132, FieldDefId: 61, Reported size: 2, Glob msg: record",
        "Skipping undefined field. BaseType: 131, FieldDefId: 66, Reported size: 2, Glob msg: record",
        "Skipping undefined field. BaseType: 132, FieldDefId: 61, Reported size: 2, Glob msg: record",
        "Skipping undefined field. BaseType: 131, FieldDefId: 66, Reported size: 2, Glob msg: record",
        "Skipping undefined field. BaseType: 134, FieldDefId: 8, Reported size: 4, Glob msg: device_info",
        "Skipping undefined field. BaseType: 134, FieldDefId: 15, Reported size: 4, Glob msg: device_info",
        "Skipping undefined field. BaseType: 134, FieldDefId: 16, Reported size: 4, Glob msg: device_info",
        "Skipping undefined field. BaseType: 2, FieldDefId: 9, Reported size: 1, Glob msg: device_info",
        "Skipping undefined field. BaseType: 2, FieldDefId: 23, Reported size: 1, Glob msg: device_info",
        "Skipping undefined field. BaseType: 134, FieldDefId: 253, Reported size: 4, Glob msg: undefined",
        "Skipping undefined field. BaseType: 2, FieldDefId: 0, Reported size: 1, Glob msg: undefined",
        "Skipping undefined field. BaseType: 2, FieldDefId: 1, Reported size: 1, Glob msg: undefined",
        "Skipping undefined field. BaseType: 2, FieldDefId: 2, Reported size: 1, Glob msg: undefined",
        "Skipping undefined field. BaseType: 2, FieldDefId: 3, Reported size: 1, Glob msg: undefined",
        "Skipping undefined field. BaseType: 2, FieldDefId: 4, Reported size: 1, Glob msg: undefined",
        "Skipping undefined field. BaseType: 0, FieldDefId: 5, Reported size: 1, Glob msg: undefined",
        "Skipping undefined field. BaseType: 2, FieldDefId: 6, Reported size: 1, Glob msg: undefined",
        "Skipping undefined field. BaseType: 2, FieldDefId: 14, Reported size: 1, Glob msg: undefined",
        "Skipping undefined field. BaseType: 132, FieldDefId: 61, Reported size: 2, Glob msg: record",
        "Skipping undefined field. BaseType: 131, FieldDefId: 66, Reported size: 2, Glob msg: record",
        "Skipping undefined field. BaseType: 134, FieldDefId: 8, Reported size: 4, Glob msg: device_info",
        "Skipping undefined field. BaseType: 134, FieldDefId: 15, Reported size: 4, Glob msg: device_info",
        "Skipping undefined field. BaseType: 134, FieldDefId: 16, Reported size: 4, Glob msg: device_info",
        "Skipping undefined field. BaseType: 2, FieldDefId: 9, Reported size: 1, Glob msg: device_info",
        "Skipping undefined field. BaseType: 2, FieldDefId: 23, Reported size: 1, Glob msg: device_info",
        "Skipping undefined field. BaseType: 134, FieldDefId: 8, Reported size: 4, Glob msg: device_info",
        "Skipping undefined field. BaseType: 134, FieldDefId: 15, Reported size: 4, Glob msg: device_info",
        "Skipping undefined field. BaseType: 134, FieldDefId: 16, Reported size: 4, Glob msg: device_info",
        "Skipping undefined field. BaseType: 2, FieldDefId: 9, Reported size: 1, Glob msg: device_info",
        "Skipping undefined field. BaseType: 2, FieldDefId: 23, Reported size: 1, Glob msg: device_info",
        "Skipping undefined field. BaseType: 132, FieldDefId: 61, Reported size: 2, Glob msg: record",
        "Skipping undefined field. BaseType: 131, FieldDefId: 66, Reported size: 2, Glob msg: record",
        "Skipping undefined field. BaseType: 132, FieldDefId: 61, Reported size: 2, Glob msg: record",
        "Skipping undefined field. BaseType: 131, FieldDefId: 66, Reported size: 2, Glob msg: record",
        "Skipping undefined field. BaseType: 132, FieldDefId: 61, Reported size: 2, Glob msg: record",
        "Skipping undefined field. BaseType: 131, FieldDefId: 66, Reported size: 2, Glob msg: record",
        "Skipping undefined field. BaseType: 132, FieldDefId: 61, Reported size: 2, Glob msg: record",
        "Skipping undefined field. BaseType: 131, FieldDefId: 66, Reported size: 2, Glob msg: record",
        "Skipping undefined field. BaseType: 132, FieldDefId: 61, Reported size: 2, Glob msg: record",
        "Skipping undefined field. BaseType: 131, FieldDefId: 66, Reported size: 2, Glob msg: record",
        "Skipping undefined field. BaseType: 132, FieldDefId: 61, Reported size: 2, Glob msg: record",
        "Skipping undefined field. BaseType: 131, FieldDefId: 66, Reported size: 2, Glob msg: record",
        "Skipping undefined field. BaseType: 132, FieldDefId: 61, Reported size: 2, Glob msg: record",
        "Skipping undefined field. BaseType: 131, FieldDefId: 66, Reported size: 2, Glob msg: record",
        "Skipping undefined field. BaseType: 132, FieldDefId: 61, Reported size: 2, Glob msg: record",
        "Skipping undefined field. BaseType: 131, FieldDefId: 66, Reported size: 2, Glob msg: record",
        "Skipping undefined field. BaseType: 132, FieldDefId: 61, Reported size: 2, Glob msg: record",
        "Skipping undefined field. BaseType: 131, FieldDefId: 66, Reported size: 2, Glob msg: record",
        "Skipping undefined field. BaseType: 132, FieldDefId: 61, Reported size: 2, Glob msg: record",
        "Skipping undefined field. BaseType: 131, FieldDefId: 66, Reported size: 2, Glob msg: record",
        "Skipping undefined field. BaseType: 132, FieldDefId: 61, Reported size: 2, Glob msg: record",
        "Skipping undefined field. BaseType: 131, FieldDefId: 66, Reported size: 2, Glob msg: record",
        "Skipping undefined field. BaseType: 132, FieldDefId: 61, Reported size: 2, Glob msg: record",
        "Skipping undefined field. BaseType: 131, FieldDefId: 66, Reported size: 2, Glob msg: record",
        "Skipping undefined field. BaseType: 132, FieldDefId: 61, Reported size: 2, Glob msg: record",
        "Skipping undefined field. BaseType: 131, FieldDefId: 66, Reported size: 2, Glob msg: record",
        "Skipping undefined field. BaseType: 132, FieldDefId: 61, Reported size: 2, Glob msg: record",
        "Skipping undefined field. BaseType: 131, FieldDefId: 66, Reported size: 2, Glob msg: record",
        "Skipping undefined field. BaseType: 132, FieldDefId: 61, Reported size: 2, Glob msg: record",
        "Skipping undefined field. BaseType: 131, FieldDefId: 66, Reported size: 2, Glob msg: record",
        "Skipping undefined field. BaseType: 132, FieldDefId: 61, Reported size: 2, Glob msg: record",
        "Skipping undefined field. BaseType: 131, FieldDefId: 66, Reported size: 2, Glob msg: record",
        "Skipping undefined field. BaseType: 132, FieldDefId: 61, Reported size: 2, Glob msg: record",
        "Skipping undefined field. BaseType: 131, FieldDefId: 66, Reported size: 2, Glob msg: record",
        "Skipping undefined field. BaseType: 132, FieldDefId: 61, Reported size: 2, Glob msg: record",
        "Skipping undefined field. BaseType: 131, FieldDefId: 66, Reported size: 2, Glob msg: record",
        "Skipping undefined field. BaseType: 132, FieldDefId: 61, Reported size: 2, Glob msg: record",
        "Skipping undefined field. BaseType: 131, FieldDefId: 66, Reported size: 2, Glob msg: record",
        "Skipping undefined field. BaseType: 132, FieldDefId: 61, Reported size: 2, Glob msg: record",
        "Skipping undefined field. BaseType: 131, FieldDefId: 66, Reported size: 2, Glob msg: record",
        "Skipping undefined field. BaseType: 132, FieldDefId: 61, Reported size: 2, Glob msg: record",
        "Skipping undefined field. BaseType: 131, FieldDefId: 66, Reported size: 2, Glob msg: record",
        "Skipping undefined field. BaseType: 132, FieldDefId: 61, Reported size: 2, Glob msg: record",
        "Skipping undefined field. BaseType: 131, FieldDefId: 66, Reported size: 2, Glob msg: record",
        "Skipping undefined field. BaseType: 132, FieldDefId: 61, Reported size: 2, Glob msg: record",
        "Skipping undefined field. BaseType: 131, FieldDefId: 66, Reported size: 2, Glob msg: record",
        "Skipping undefined field. BaseType: 132, FieldDefId: 61, Reported size: 2, Glob msg: record",
        "Skipping undefined field. BaseType: 131, FieldDefId: 66, Reported size: 2, Glob msg: record",
        "Skipping undefined field. BaseType: 132, FieldDefId: 61, Reported size: 2, Glob msg: record",
        "Skipping undefined field. BaseType: 131, FieldDefId: 66, Reported size: 2, Glob msg: record",
        "Skipping undefined field. BaseType: 132, FieldDefId: 61, Reported size: 2, Glob msg: record",
        "Skipping undefined field. BaseType: 131, FieldDefId: 66, Reported size: 2, Glob msg: record",
        "Skipping undefined field. BaseType: 132, FieldDefId: 61, Reported size: 2, Glob msg: record",
        "Skipping undefined field. BaseType: 131, FieldDefId: 66, Reported size: 2, Glob msg: record",
        "Skipping undefined field. BaseType: 132, FieldDefId: 61, Reported size: 2, Glob msg: record",
        "Skipping undefined field. BaseType: 131, FieldDefId: 66, Reported size: 2, Glob msg: record",
        "Skipping undefined field. BaseType: 132, FieldDefId: 61, Reported size: 2, Glob msg: record",
        "Skipping undefined field. BaseType: 131, FieldDefId: 66, Reported size: 2, Glob msg: record",
        "Skipping undefined field. BaseType: 132, FieldDefId: 61, Reported size: 2, Glob msg: record",
        "Skipping undefined field. BaseType: 131, FieldDefId: 66, Reported size: 2, Glob msg: record",
        "Skipping undefined field. BaseType: 132, FieldDefId: 61, Reported size: 2, Glob msg: record",
        "Skipping undefined field. BaseType: 131, FieldDefId: 66, Reported size: 2, Glob msg: record",
        "Skipping undefined field. BaseType: 132, FieldDefId: 61, Reported size: 2, Glob msg: record",
        "Skipping undefined field. BaseType: 131, FieldDefId: 66, Reported size: 2, Glob msg: record",
        "Skipping undefined field. BaseType: 132, FieldDefId: 61, Reported size: 2, Glob msg: record",
        "Skipping undefined field. BaseType: 131, FieldDefId: 66, Reported size: 2, Glob msg: record",
        "Skipping undefined field. BaseType: 132, FieldDefId: 61, Reported size: 2, Glob msg: record",
        "Skipping undefined field. BaseType: 131, FieldDefId: 66, Reported size: 2, Glob msg: record",
        "Skipping undefined field. BaseType: 132, FieldDefId: 61, Reported size: 2, Glob msg: record",
        "Skipping undefined field. BaseType: 131, FieldDefId: 66, Reported size: 2, Glob msg: record",
        "Skipping undefined field. BaseType: 132, FieldDefId: 61, Reported size: 2, Glob msg: record",
        "Skipping undefined field. BaseType: 131, FieldDefId: 66, Reported size: 2, Glob msg: record",
        "Skipping undefined field. BaseType: 132, FieldDefId: 61, Reported size: 2, Glob msg: record",
        "Skipping undefined field. BaseType: 131, FieldDefId: 66, Reported size: 2, Glob msg: record",
        "Skipping undefined field. BaseType: 132, FieldDefId: 61, Reported size: 2, Glob msg: record",
        "Skipping undefined field. BaseType: 131, FieldDefId: 66, Reported size: 2, Glob msg: record",
        "Skipping undefined field. BaseType: 132, FieldDefId: 61, Reported size: 2, Glob msg: record",
        "Skipping undefined field. BaseType: 131, FieldDefId: 66, Reported size: 2, Glob msg: record",
        "Skipping undefined field. BaseType: 132, FieldDefId: 61, Reported size: 2, Glob msg: record",
        "Skipping undefined field. BaseType: 131, FieldDefId: 66, Reported size: 2, Glob msg: record",
        "Skipping undefined field. BaseType: 132, FieldDefId: 61, Reported size: 2, Glob msg: record",
        "Skipping undefined field. BaseType: 131, FieldDefId: 66, Reported size: 2, Glob msg: record",
        "Skipping undefined field. BaseType: 132, FieldDefId: 61, Reported size: 2, Glob msg: record",
        "Skipping undefined field. BaseType: 131, FieldDefId: 66, Reported size: 2, Glob msg: record",
        "Skipping undefined field. BaseType: 132, FieldDefId: 61, Reported size: 2, Glob msg: record",
        "Skipping undefined field. BaseType: 131, FieldDefId: 66, Reported size: 2, Glob msg: record",
        "Skipping undefined field. BaseType: 132, FieldDefId: 61, Reported size: 2, Glob msg: record",
        "Skipping undefined field. BaseType: 131, FieldDefId: 66, Reported size: 2, Glob msg: record",
        "Skipping undefined field. BaseType: 132, FieldDefId: 61, Reported size: 2, Glob msg: record",
        "Skipping undefined field. BaseType: 131, FieldDefId: 66, Reported size: 2, Glob msg: record",
        "Skipping undefined field. BaseType: 132, FieldDefId: 61, Reported size: 2, Glob msg: record",
        "Skipping undefined field. BaseType: 131, FieldDefId: 66, Reported size: 2, Glob msg: record",
        "Skipping undefined field. BaseType: 132, FieldDefId: 61, Reported size: 2, Glob msg: record",
        "Skipping undefined field. BaseType: 131, FieldDefId: 66, Reported size: 2, Glob msg: record",
        "Skipping undefined field. BaseType: 132, FieldDefId: 61, Reported size: 2, Glob msg: record",
        "Skipping undefined field. BaseType: 131, FieldDefId: 66, Reported size: 2, Glob msg: record",
        "Skipping undefined field. BaseType: 132, FieldDefId: 61, Reported size: 2, Glob msg: record",
        "Skipping undefined field. BaseType: 131, FieldDefId: 66, Reported size: 2, Glob msg: record",
        "Skipping undefined field. BaseType: 132, FieldDefId: 61, Reported size: 2, Glob msg: record",
        "Skipping undefined field. BaseType: 131, FieldDefId: 66, Reported size: 2, Glob msg: record",
        "Skipping undefined field. BaseType: 132, FieldDefId: 61, Reported size: 2, Glob msg: record",
        "Skipping undefined field. BaseType: 131, FieldDefId: 66, Reported size: 2, Glob msg: record",
        "Skipping undefined field. BaseType: 132, FieldDefId: 61, Reported size: 2, Glob msg: record",
        "Skipping undefined field. BaseType: 131, FieldDefId: 66, Reported size: 2, Glob msg: record",
        "Skipping undefined field. BaseType: 132, FieldDefId: 61, Reported size: 2, Glob msg: record",
        "Skipping undefined field. BaseType: 131, FieldDefId: 66, Reported size: 2, Glob msg: record",
        "Skipping undefined field. BaseType: 132, FieldDefId: 61, Reported size: 2, Glob msg: record",
        "Skipping undefined field. BaseType: 131, FieldDefId: 66, Reported size: 2, Glob msg: record",
        "Skipping undefined field. BaseType: 132, FieldDefId: 61, Reported size: 2, Glob msg: record",
        "Skipping undefined field. BaseType: 131, FieldDefId: 66, Reported size: 2, Glob msg: record",
        "Skipping undefined field. BaseType: 132, FieldDefId: 61, Reported size: 2, Glob msg: record",
        "Skipping undefined field. BaseType: 131, FieldDefId: 66, Reported size: 2, Glob msg: record",
        "Skipping undefined field. BaseType: 133, FieldDefId: 27, Reported size: 4, Glob msg: lap",
        "Skipping undefined field. BaseType: 133, FieldDefId: 28, Reported size: 4, Glob msg: lap",
        "Skipping undefined field. BaseType: 133, FieldDefId: 29, Reported size: 4, Glob msg: lap",
        "Skipping undefined field. BaseType: 133, FieldDefId: 30, Reported size: 4, Glob msg: lap",
        "Skipping undefined field. BaseType: 134, FieldDefId: 70, Reported size: 4, Glob msg: lap",
        "Skipping undefined field. BaseType: 134, FieldDefId: 98, Reported size: 4, Glob msg: lap",
        "Skipping undefined field. BaseType: 2, FieldDefId: 102, Reported size: 4, Glob msg: lap",
        "Skipping undefined field. BaseType: 2, FieldDefId: 103, Reported size: 4, Glob msg: lap",
        "Skipping undefined field. BaseType: 2, FieldDefId: 104, Reported size: 4, Glob msg: lap",
        "Skipping undefined field. BaseType: 2, FieldDefId: 105, Reported size: 4, Glob msg: lap",
        "Skipping undefined field. BaseType: 132, FieldDefId: 106, Reported size: 4, Glob msg: lap",
        "Skipping undefined field. BaseType: 132, FieldDefId: 107, Reported size: 4, Glob msg: lap",
        "Skipping undefined field. BaseType: 132, FieldDefId: 73, Reported size: 2, Glob msg: lap",
        "Skipping undefined field. BaseType: 132, FieldDefId: 90, Reported size: 2, Glob msg: lap",
        "Skipping undefined field. BaseType: 132, FieldDefId: 96, Reported size: 2, Glob msg: lap",
        "Skipping undefined field. BaseType: 132, FieldDefId: 97, Reported size: 2, Glob msg: lap",
        "Skipping undefined field. BaseType: 132, FieldDefId: 99, Reported size: 2, Glob msg: lap",
        "Skipping undefined field. BaseType: 0, FieldDefId: 72, Reported size: 1, Glob msg: lap",
        "Skipping undefined field. BaseType: 1, FieldDefId: 100, Reported size: 1, Glob msg: lap",
        "Skipping undefined field. BaseType: 1, FieldDefId: 101, Reported size: 1, Glob msg: lap",
        "Skipping undefined field. BaseType: 2, FieldDefId: 108, Reported size: 2, Glob msg: lap",
        "Skipping undefined field. BaseType: 2, FieldDefId: 109, Reported size: 2, Glob msg: lap",
        "Skipping undefined field. BaseType: 132, FieldDefId: 61, Reported size: 2, Glob msg: record",
        "Skipping undefined field. BaseType: 131, FieldDefId: 66, Reported size: 2, Glob msg: record",
        "Skipping undefined field. BaseType: 132, FieldDefId: 61, Reported size: 2, Glob msg: record",
        "Skipping undefined field. BaseType: 131, FieldDefId: 66, Reported size: 2, Glob msg: record",
        "Skipping undefined field. BaseType: 132, FieldDefId: 61, Reported size: 2, Glob msg: record",
        "Skipping undefined field. BaseType: 131, FieldDefId: 66, Reported size: 2, Glob msg: record",
        "Skipping undefined field. BaseType: 132, FieldDefId: 61, Reported size: 2, Glob msg: record",
        "Skipping undefined field. BaseType: 131, FieldDefId: 66, Reported size: 2, Glob msg: record",
        "Skipping undefined field. BaseType: 132, FieldDefId: 61, Reported size: 2, Glob msg: record",
        "Skipping undefined field. BaseType: 131, FieldDefId: 66, Reported size: 2, Glob msg: record",
        "Skipping undefined field. BaseType: 132, FieldDefId: 61, Reported size: 2, Glob msg: record",
        "Skipping undefined field. BaseType: 131, FieldDefId: 66, Reported size: 2, Glob msg: record",
        "Skipping undefined field. BaseType: 132, FieldDefId: 61, Reported size: 2, Glob msg: record",
        "Skipping undefined field. BaseType: 131, FieldDefId: 66, Reported size: 2, Glob msg: record",
        "Skipping undefined field. BaseType: 132, FieldDefId: 61, Reported size: 2, Glob msg: record",
        "Skipping undefined field. BaseType: 131, FieldDefId: 66, Reported size: 2, Glob msg: record",
        "Skipping undefined field. BaseType: 132, FieldDefId: 61, Reported size: 2, Glob msg: record",
        "Skipping undefined field. BaseType: 131, FieldDefId: 66, Reported size: 2, Glob msg: record",
        "Skipping undefined field. BaseType: 132, FieldDefId: 61, Reported size: 2, Glob msg: record",
        "Skipping undefined field. BaseType: 131, FieldDefId: 66, Reported size: 2, Glob msg: record",
        "Skipping undefined field. BaseType: 132, FieldDefId: 61, Reported size: 2, Glob msg: record",
        "Skipping undefined field. BaseType: 131, FieldDefId: 66, Reported size: 2, Glob msg: record",
        "Skipping undefined field. BaseType: 132, FieldDefId: 61, Reported size: 2, Glob msg: record",
        "Skipping undefined field. BaseType: 131, FieldDefId: 66, Reported size: 2, Glob msg: record",
        "Skipping undefined field. BaseType: 134, FieldDefId: 253, Reported size: 4, Glob msg: undefined",
        "Skipping undefined field. BaseType: 133, FieldDefId: 2, Reported size: 4, Glob msg: undefined",
        "Skipping undefined field. BaseType: 133, FieldDefId: 3, Reported size: 4, Glob msg: undefined",
        "Skipping undefined field. BaseType: 133, FieldDefId: 5, Reported size: 4, Glob msg: undefined",
        "Skipping undefined field. BaseType: 133, FieldDefId: 6, Reported size: 4, Glob msg: undefined",
        "Skipping undefined field. BaseType: 133, FieldDefId: 7, Reported size: 4, Glob msg: undefined",
        "Skipping undefined field. BaseType: 132, FieldDefId: 9, Reported size: 2, Glob msg: undefined",
        "Skipping undefined field. BaseType: 132, FieldDefId: 10, Reported size: 2, Glob msg: undefined",
        "Skipping undefined field. BaseType: 2, FieldDefId: 0, Reported size: 1, Glob msg: undefined",
        "Skipping undefined field. BaseType: 2, FieldDefId: 1, Reported size: 1, Glob msg: undefined",
        "Skipping undefined field. BaseType: 2, FieldDefId: 4, Reported size: 1, Glob msg: undefined",
        "Skipping undefined field. BaseType: 2, FieldDefId: 8, Reported size: 1, Glob msg: undefined",
        "Skipping undefined field. BaseType: 0, FieldDefId: 11, Reported size: 1, Glob msg: undefined",
        "Skipping undefined field. BaseType: 0, FieldDefId: 12, Reported size: 1, Glob msg: undefined",
        "Skipping undefined field. BaseType: 132, FieldDefId: 61, Reported size: 2, Glob msg: record",
        "Skipping undefined field. BaseType: 131, FieldDefId: 66, Reported size: 2, Glob msg: record",
        "Skipping undefined field. BaseType: 134, FieldDefId: 8, Reported size: 4, Glob msg: device_info",
        "Skipping undefined field. BaseType: 134, FieldDefId: 15, Reported size: 4, Glob msg: device_info",
        "Skipping undefined field. BaseType: 134, FieldDefId: 16, Reported size: 4, Glob msg: device_info",
        "Skipping undefined field. BaseType: 2, FieldDefId: 9, Reported size: 1, Glob msg: device_info",
        "Skipping undefined field. BaseType: 2, FieldDefId: 23, Reported size: 1, Glob msg: device_info",
        "Skipping undefined field. BaseType: 134, FieldDefId: 8, Reported size: 4, Glob msg: device_info",
        "Skipping undefined field. BaseType: 134, FieldDefId: 15, Reported size: 4, Glob msg: device_info",
        "Skipping undefined field. BaseType: 134, FieldDefId: 16, Reported size: 4, Glob msg: device_info",
        "Skipping undefined field. BaseType: 2, FieldDefId: 9, Reported size: 1, Glob msg: device_info",
        "Skipping undefined field. BaseType: 2, FieldDefId: 23, Reported size: 1, Glob msg: device_info",
        "Skipping undefined field. BaseType: 134, FieldDefId: 8, Reported size: 4, Glob msg: device_info",
        "Skipping undefined field. BaseType: 134, FieldDefId: 15, Reported size: 4, Glob msg: device_info",
        "Skipping undefined field. BaseType: 134, FieldDefId: 16, Reported size: 4, Glob msg: device_info",
        "Skipping undefined field. BaseType: 2, FieldDefId: 9, Reported size: 1, Glob msg: device_info",
        "Skipping undefined field. BaseType: 2, FieldDefId: 23, Reported size: 1, Glob msg: device_info",
        "Skipping undefined field. BaseType: 134, FieldDefId: 8, Reported size: 4, Glob msg: device_info",
        "Skipping undefined field. BaseType: 134, FieldDefId: 15, Reported size: 4, Glob msg: device_info",
        "Skipping undefined field. BaseType: 134, FieldDefId: 16, Reported size: 4, Glob msg: device_info",
        "Skipping undefined field. BaseType: 2, FieldDefId: 9, Reported size: 1, Glob msg: device_info",
        "Skipping undefined field. BaseType: 2, FieldDefId: 23, Reported size: 1, Glob msg: device_info",
        "Skipping undefined field. BaseType: 134, FieldDefId: 8, Reported size: 4, Glob msg: device_info",
        "Skipping undefined field. BaseType: 134, FieldDefId: 15, Reported size: 4, Glob msg: device_info",
        "Skipping undefined field. BaseType: 134, FieldDefId: 16, Reported size: 4, Glob msg: device_info",
        "Skipping undefined field. BaseType: 2, FieldDefId: 9, Reported size: 1, Glob msg: device_info",
        "Skipping undefined field. BaseType: 2, FieldDefId: 23, Reported size: 1, Glob msg: device_info",
        "Skipping undefined field. BaseType: 134, FieldDefId: 8, Reported size: 4, Glob msg: device_info",
        "Skipping undefined field. BaseType: 134, FieldDefId: 15, Reported size: 4, Glob msg: device_info",
        "Skipping undefined field. BaseType: 134, FieldDefId: 16, Reported size: 4, Glob msg: device_info",
        "Skipping undefined field. BaseType: 2, FieldDefId: 9, Reported size: 1, Glob msg: device_info",
        "Skipping undefined field. BaseType: 2, FieldDefId: 23, Reported size: 1, Glob msg: device_info",
        "Skipping undefined field. BaseType: 133, FieldDefId: 27, Reported size: 4, Glob msg: lap",
        "Skipping undefined field. BaseType: 133, FieldDefId: 28, Reported size: 4, Glob msg: lap",
        "Skipping undefined field. BaseType: 133, FieldDefId: 29, Reported size: 4, Glob msg: lap",
        "Skipping undefined field. BaseType: 133, FieldDefId: 30, Reported size: 4, Glob msg: lap",
        "Skipping undefined field. BaseType: 134, FieldDefId: 70, Reported size: 4, Glob msg: lap",
        "Skipping undefined field. BaseType: 134, FieldDefId: 98, Reported size: 4, Glob msg: lap",
        "Skipping undefined field. BaseType: 2, FieldDefId: 102, Reported size: 4, Glob msg: lap",
        "Skipping undefined field. BaseType: 2, FieldDefId: 103, Reported size: 4, Glob msg: lap",
        "Skipping undefined field. BaseType: 2, FieldDefId: 104, Reported size: 4, Glob msg: lap",
        "Skipping undefined field. BaseType: 2, FieldDefId: 105, Reported size: 4, Glob msg: lap",
        "Skipping undefined field. BaseType: 132, FieldDefId: 106, Reported size: 4, Glob msg: lap",
        "Skipping undefined field. BaseType: 132, FieldDefId: 107, Reported size: 4, Glob msg: lap",
        "Skipping undefined field. BaseType: 132, FieldDefId: 73, Reported size: 2, Glob msg: lap",
        "Skipping undefined field. BaseType: 132, FieldDefId: 90, Reported size: 2, Glob msg: lap",
        "Skipping undefined field. BaseType: 132, FieldDefId: 96, Reported size: 2, Glob msg: lap",
        "Skipping undefined field. BaseType: 132, FieldDefId: 97, Reported size: 2, Glob msg: lap",
        "Skipping undefined field. BaseType: 132, FieldDefId: 99, Reported size: 2, Glob msg: lap",
        "Skipping undefined field. BaseType: 0, FieldDefId: 72, Reported size: 1, Glob msg: lap",
        "Skipping undefined field. BaseType: 1, FieldDefId: 100, Reported size: 1, Glob msg: lap",
        "Skipping undefined field. BaseType: 1, FieldDefId: 101, Reported size: 1, Glob msg: lap",
        "Skipping undefined field. BaseType: 2, FieldDefId: 108, Reported size: 2, Glob msg: lap",
        "Skipping undefined field. BaseType: 2, FieldDefId: 109, Reported size: 2, Glob msg: lap",
        "Skipping undefined field. BaseType: 134, FieldDefId: 78, Reported size: 4, Glob msg: session",
        "Skipping undefined field. BaseType: 7, FieldDefId: 110, Reported size: 16, Glob msg: session",
        "Skipping undefined field. BaseType: 134, FieldDefId: 112, Reported size: 4, Glob msg: session",
        "Skipping undefined field. BaseType: 2, FieldDefId: 116, Reported size: 4, Glob msg: session",
        "Skipping undefined field. BaseType: 2, FieldDefId: 117, Reported size: 4, Glob msg: session",
        "Skipping undefined field. BaseType: 2, FieldDefId: 118, Reported size: 4, Glob msg: session",
        "Skipping undefined field. BaseType: 2, FieldDefId: 119, Reported size: 4, Glob msg: session",
        "Skipping undefined field. BaseType: 132, FieldDefId: 120, Reported size: 4, Glob msg: session",
        "Skipping undefined field. BaseType: 132, FieldDefId: 121, Reported size: 4, Glob msg: session",
        "Skipping undefined field. BaseType: 132, FieldDefId: 33, Reported size: 2, Glob msg: session",
        "Skipping undefined field. BaseType: 132, FieldDefId: 45, Reported size: 2, Glob msg: session",
        "Skipping undefined field. BaseType: 132, FieldDefId: 79, Reported size: 2, Glob msg: session",
        "Skipping undefined field. BaseType: 132, FieldDefId: 80, Reported size: 2, Glob msg: session",
        "Skipping undefined field. BaseType: 132, FieldDefId: 107, Reported size: 2, Glob msg: session",
        "Skipping undefined field. BaseType: 132, FieldDefId: 108, Reported size: 2, Glob msg: session",
        "Skipping undefined field. BaseType: 132, FieldDefId: 113, Reported size: 2, Glob msg: session",
        "Skipping undefined field. BaseType: 0, FieldDefId: 81, Reported size: 1, Glob msg: session",
        "Skipping undefined field. BaseType: 2, FieldDefId: 109, Reported size: 1, Glob msg: session",
        "Skipping undefined field. BaseType: 1, FieldDefId: 114, Reported size: 1, Glob msg: session",
        "Skipping undefined field. BaseType: 1, FieldDefId: 115, Reported size: 1, Glob msg: session",
        "Skipping undefined field. BaseType: 2, FieldDefId: 122, Reported size: 2, Glob msg: session",
        "Skipping undefined field. BaseType: 2, FieldDefId: 123, Reported size: 2, Glob msg: session",
        "Skipping undefined field. BaseType: 134, FieldDefId: 253, Reported size: 4, Glob msg: undefined",
        "Skipping undefined field. BaseType: 134, FieldDefId: 2, Reported size: 4, Glob msg: undefined",
        "Skipping undefined field. BaseType: 134, FieldDefId: 3, Reported size: 4, Glob msg: undefined",
        "Skipping undefined field. BaseType: 134, FieldDefId: 4, Reported size: 4, Glob msg: undefined",
        "Skipping undefined field. BaseType: 132, FieldDefId: 0, Reported size: 2, Glob msg: undefined",
        "Skipping undefined field. BaseType: 0, FieldDefId: 1, Reported size: 1, Glob msg: undefined",
        "Skipping undefined field. BaseType: 0, FieldDefId: 5, Reported size: 1, Glob msg: undefined"
    ]
}