{
    "file_id": {
        "serial_number": 3842635015,
        "time_created": 809626475,
        "manufacturer": 1,
        "product": 1328,
        "type": 4
    },
    "file_creator": {
        "software_version": 320
    },
    "device_info": {
        "timestamp": 809626543,
        "manufacturer": 1,
        "product": 1080,
        "software_version": 200.51,
        "device_index": 2,
        "device_type": 12
    },
    "undefined": {},
    "activity": {
        "timestamp": "2015-08-27T16:15:46.000Z",
        "total_timer_time": 71.701,
        "local_timestamp": "2015-08-27T18:15:46.000Z",
        "num_sessions": 1,
        "event": 26,
        "event_type": 1
    },
    "records": [
        {
            "timestamp": "2015-08-27T16:14:31.000Z",
            "position_lat": 59.36122650280595,
            "position_long": 18.078209962695837,
            "distance": 1.52,
            "altitude": -3.1999999999999886,
            "speed": 0.975
        },
        {
            "timestamp": "2015-08-27T16:14:36.000Z",
            "position_lat": 59.36122985556722,
            "position_long": 18.07799362577498,
            "distance": 13.92,
            "altitude": -3.3999999999999773,
            "speed": 1.674
        },
        {
            "timestamp": "2015-08-27T16:14:37.000Z",
            "position_lat": 59.361228765919805,
            "position_long": 18.077921625226736,
            "distance": 18.02,
            "altitude": 20.799999999999955,
            "speed": 1.967
        },
        {
            "timestamp": "2015-08-27T16:14:42.000Z",
            "position_lat": 59.36123186722398,
            "position_long": 18.077652482315898,
            "distance": 33.35,
            "altitude": 20.399999999999977,
            "speed": 2.728
        },
        {
            "timestamp": "2015-08-27T16:14:46.000Z",
            "position_lat": 59.36124318279326,
            "position_long": 18.07744251564145,
            "distance": 45.63,
            "altitude": 20.399999999999977,
            "speed": 3.115
        },
        {
            "timestamp": "2015-08-27T16:14:50.000Z",
            "position_lat": 59.361270340159535,
            "position_long": 18.07721771299839,
            "distance": 58.89,
            "altitude": 20.399999999999977,
            "speed": 3.127
        },
        {
            "timestamp": "2015-08-27T16:14:52.000Z",
            "position_lat": 59.36128484085202,
            "position_long": 18.077102210372686,
            "distance": 65.71,
            "altitude": 19.799999999999955,
            "speed": 3.171
        },
        {
            "timestamp": "2015-08-27T16:14:53.000Z",
            "position_lat": 59.36129196546972,
            "position_long": 18.07705845683813,
            "distance": 68.31,
            "altitude": 19.600000000000023,
            "speed": 3.188
        },
        {
            "timestamp": "2015-08-27T16:14:55.000Z",
            "position_lat": 59.36130663380027,
            "position_long": 18.076951587572694,
            "distance": 74.73,
            "altitude": 19.600000000000023,
            "speed": 3.173
        },
        {
            "timestamp": "2015-08-27T16:15:01.000Z",
            "position_lat": 59.36137125827372,
            "position_long": 18.076674900949,
            "distance": 92.11,
            "altitude": 20.200000000000045,
            "speed": 3.034
        },
        {
            "timestamp": "2015-08-27T16:15:07.000Z",
            "position_lat": 59.361417358741164,
            "position_long": 18.076361836865544,
            "distance": 110.71,
            "altitude": 20,
            "speed": 3.337
        },
        {
            "timestamp": "2015-08-27T16:15:13.000Z",
            "position_lat": 59.36147418804467,
            "position_long": 18.076068302616477,
            "distance": 128.62,
            "altitude": 20.600000000000023,
            "speed": 3.354
        },
        {
            "timestamp": "2015-08-27T16:15:17.000Z",
            "position_lat": 59.36150553636253,
            "position_long": 18.075872752815485,
            "distance": 140.46,
            "altitude": 20.200000000000045,
            "speed": 3.369
        },
        {
            "timestamp": "2015-08-27T16:15:22.000Z",
            "position_lat": 59.36157921329141,
            "position_long": 18.075624061748385,
            "distance": 156.88,
            "altitude": 20,
            "speed": 3.098
        },
        {
            "timestamp": "2015-08-27T16:15:27.000Z",
            "position_lat": 59.36165691353381,
            "position_long": 18.075391044840217,
            "distance": 172.9,
            "altitude": 19.399999999999977,
            "speed": 3.184
        },
        {
            "timestamp": "2015-08-27T16:15:32.000Z",
            "position_lat": 59.36175137758255,
            "position_long": 18.0751761328429,
            "distance": 189.1,
            "altitude": 20,
            "speed": 3.24
        },
        {
            "timestamp": "2015-08-27T16:15:34.000Z",
            "position_lat": 59.36178255826235,
            "position_long": 18.07508342899382,
            "distance": 195.49,
            "altitude": 19.600000000000023,
            "speed": 3.213
        },
        {
            "timestamp": "2015-08-27T16:15:35.000Z",
            "position_lat": 59.3617937900126,
            "position_long": 18.0750482250005,
            "distance": 197.85,
            "altitude": 19.600000000000023,
            "speed": 3.229
        },
        {
            "timestamp": "2015-08-27T16:15:42.000Z",
            "position_lat": 59.361891355365515,
            "position_long": 18.07477698661387,
            "distance": 216.74,
            "altitude": 20,
            "speed": 2.913
        },
        {
            "timestamp": "2015-08-27T16:15:43.000Z",
            "position_lat": 59.36190317384899,
            "position_long": 18.074752343818545,
            "distance": 218.66,
            "altitude": 20,
            "speed": 2.829
        }
    ],
    "sessions": [
        {
            "timestamp": "2015-08-27T16:15:46.000Z",
            "start_time": "2015-08-27T16:14:31.000Z",
            "start_position_lat": 59.36122650280595,
            "start_position_long": 18.078209962695837,
            "total_elapsed_time": 71.701,
            "total_timer_time": 71.701,
            "total_distance": 218.66,
            "nec_lat": 59.36190317384899,
            "nec_long": 18.078209962695837,
            "swc_lat": 59.361221389845014,
            "swc_long": 18.074752343818545,
            "total_calories": 17,
            "avg_speed": 3.05,
            "max_speed": 3.369,
            "total_ascent": 24,
            "num_laps": 1,
            "event": 9,
            "event_type": 1,
            "sport": 1
        }
    ],
    "laps": [
        {
            "timestamp": "2015-08-27T16:15:46.000Z",
            "start_time": "2015-08-27T16:14:31.000Z",
            "start_position_lat": 59.36122650280595,
            "start_position_long": 18.078209962695837,
            "end_position_lat": 59.36190317384899,
            "end_position_long": 18.074752343818545,
            "total_elapsed_time": 71.701,
            "total_timer_time": 71.701,
            "total_distance": 218.66,
            "total_calories": 17,
            "avg_speed": 3.05,
            "max_speed": 3.369,
            "total_ascent": 24,
            "event": 9,
            "event_type": 1,
            "lap_trigger": 7,
            "sport": 1
        }
    ],
    "events": [
        {
            "timestamp": 809626471
        },
        {
            "timestamp": 809626543,
            "event_type": 4
        },
        {
            "timestamp": 809626546,
            "data": 1,
            "event": 8,
            "event_type": 9,
            "event_group": 1
        }
    ],
    "_fileHeader_": {
        "headerSize": 14,
        "protocolVersion": 16,
        "profileVersion": 200,
        "dataSize": 1556,
        "protocolVersionMajor": 1,
        "protocolVersionMinor": 0,
        "profileVersionMajor": 2,
        "profileVersionMinor": 0,
        "estimatedFitFileSize": 1572,
        "dataType": ".FIT",
        "headerCRC": 0,
        "CRC": 27352,
        "verifyCRC": 27352
    },
    "_info_": [
        "Header CRC was not stored in the file",
        "Skipping undefined field. BaseType: 134, FieldDefId: 8, Reported size: 4, Glob msg: device_info",
        "Skipping undefined field. BaseType: 134, FieldDefId: 15, Reported size: 4, Glob msg: device_info",
        "Skipping undefined field. BaseType: 134, FieldDefId: 16, Reported size: 4, Glob msg: device_info",
        "Skipping undefined field. BaseType: 2, FieldDefId: 9, Reported size: 1, Glob msg: device_info",
        "Skipping undefined field. BaseType: 134, FieldDefId: 8, Reported size: 4, Glob msg: device_info",
        "Skipping undefined field. BaseType: 134, FieldDefId: 15, Reported size: 4, Glob msg: device_info",
        "Skipping undefined field. BaseType: 134, FieldDefId: 16, Reported size: 4, Glob msg: device_info",
        "Skipping undefined field. BaseType: 2, FieldDefId: 9, Reported size: 1, Glob msg: device_info",
        "Skipping undefined field. BaseType: 134, FieldDefId: 8, Reported size: 4, Glob msg: device_info",
        "Skipping undefined field. BaseType: 134, FieldDefId: 15, Reported size: 4, Glob msg: device_info",
        "Skipping undefined field. BaseType: 134, FieldDefId: 16, Reported size: 4, Glob msg: device_info",
        "Skipping undefined field. BaseType: 2, FieldDefId: 9, Reported size: 1, Glob msg: device_info",
        "Skipping undefined field. BaseType: 134, FieldDefId: 253, Reported size: 4, Glob msg: undefined",
        "Skipping undefined field. BaseType: 2, FieldDefId: 0, Reported size: 1, Glob msg: undefined",
        "Skipping undefined field. BaseType: 2, FieldDefId: 1, Reported size: 1, Glob msg: undefined",
        "Skipping undefined field. BaseType: 2, FieldDefId: 2, Reported size: 1, Glob msg: undefined",
        "Skipping undefined field. BaseType: 2, FieldDefId: 3, Reported size: 1, Glob msg: undefined",
        "Skipping undefined field. BaseType: 2, FieldDefId: 4, Reported size: 1, Glob msg: undefined",
        "Skipping undefined field. BaseType: 0, FieldDefId: 5, Reported size: 1, Glob msg: undefined",
        "Skipping undefined field. BaseType: 2, FieldDefId: 6, Reported size: 1, Glob msg: undefined",
        "Skipping undefined field. BaseType: 2, FieldDefId: 7, Reported size: 1, Glob msg: undefined",
        "Skipping undefined field. BaseType: 2, FieldDefId: 8, Reported size: 1, Glob msg: undefined",
        "Skipping undefined field. BaseType: 134, FieldDefId: 253, Reported size: 4, Glob msg: undefined",
        "Skipping undefined field. BaseType: 132, FieldDefId: 0, Reported size: 2, Glob msg: undefined",
        "Skipping undefined field. BaseType: 132, FieldDefId: 3, Reported size: 2, Glob msg: undefined",
        "Skipping undefined field. BaseType: 2, FieldDefId: 1, Reported size: 1, Glob msg: undefined",
        "Skipping undefined field. BaseType: 2, FieldDefId: 2, Reported size: 1, Glob msg: undefined",
        "Skipping undefined field. BaseType: 0, FieldDefId: 4, Reported size: 1, Glob msg: undefined",
        "Skipping undefined field. BaseType: 0, FieldDefId: 5, Reported size: 1, Glob msg: undefined",
        "Skipping undefined field. BaseType: 2, FieldDefId: 6, Reported size: 1, Glob msg: undefined",
        "Skipping undefined field. BaseType: 1, FieldDefId: 7, Reported size: 1, Glob msg: undefined",
        "Skipping undefined field. BaseType: 134, FieldDefId: 253, Reported size: 4, Glob msg: undefined",
        "Skipping undefined field. BaseType: 2, FieldDefId: 0, Reported size: 1, Glob msg: undefined",
        "Skipping undefined field. BaseType: 2, FieldDefId: 1, Reported size: 1, Glob msg: undefined",
        "Skipping undefined field. BaseType: 2, FieldDefId: 2, Reported size: 1, Glob msg: undefined",
        "Skipping undefined field. BaseType: 2, FieldDefId: 3, Reported size: 1, Glob msg: undefined",
        "Skipping undefined field. BaseType: 2, FieldDefId: 4, Reported size: 1, Glob msg: undefined",
        "Skipping undefined field. BaseType: 0, FieldDefId: 5, Reported size: 1, Glob msg: undefined",
        "Skipping undefined field. BaseType: 2, FieldDefId: 6, Reported size: 1, Glob msg: undefined",
        "Skipping undefined field. BaseType: 2, FieldDefId: 7, Reported size: 1, Glob msg: undefined",
        "Skipping undefined field. BaseType: 2, FieldDefId: 8, Reported size: 1, Glob msg: undefined",
        "Skipping undefined field. BaseType: 134, FieldDefId: 253, Reported size: 4, Glob msg: undefined",
        "Skipping undefined field. BaseType: 132, FieldDefId: 0, Reported size: 2, Glob msg: undefined",
        "Skipping undefined field. BaseType: 131, FieldDefId: 1, Reported size: 2, Glob msg: undefined",
        "Skipping undefined field. BaseType: 2, FieldDefId: 2, Reported size: 1, Glob msg: undefined",
        "Skipping undefined field. BaseType: 1, FieldDefId: 3, Reported size: 1, Glob msg: undefined",
        "Skipping undefined field. BaseType: 134, FieldDefId: 8, Reported size: 4, Glob msg: device_info",
        "Skipping undefined field. BaseType: 134, FieldDefId: 15, Reported size: 4, Glob msg: device_info",
        "Skipping undefined field. BaseType: 134, FieldDefId: 16, Reported size: 4, Glob msg: device_info",
        "Skipping undefined field. BaseType: 2, FieldDefId: 9, Reported size: 1, Glob msg: device_info",
        "Skipping undefined field. BaseType: 134, FieldDefId: 8, Reported size: 4, Glob msg: device_info",
        "Skipping undefined field. BaseType: 134, FieldDefId: 15, Reported size: 4, Glob msg: device_info",
        "Skipping undefined field. BaseType: 134, FieldDefId: 16, Reported size: 4, Glob msg: device_info",
        "Skipping undefined field. BaseType: 2, FieldDefId: 9, Reported size: 1, Glob msg: device_info",
        "Skipping undefined field. BaseType: 134, FieldDefId: 8, Reported size: 4, Glob msg: device_info",
        "Skipping undefined field. BaseType: 134, FieldDefId: 15, Reported size: 4, Glob msg: device_info",
        "Skipping undefined field. BaseType: 134, FieldDefId: 16, Reported size: 4, Glob msg: device_info",
        "Skipping undefined field. BaseType: 2, FieldDefId: 9, Reported size: 1, Glob msg: device_info",
        "Skipping undefined field. BaseType: 133, FieldDefId: 27, Reported size: 4, Glob msg: lap",
        "Skipping undefined field. BaseType: 133, FieldDefId: 28, Reported size: 4, Glob msg: lap",
        "Skipping undefined field. BaseType: 133, FieldDefId: 29, Reported size: 4, Glob msg: lap",
        "Skipping undefined field. BaseType: 133, FieldDefId: 30, Reported size: 4, Glob msg: lap",
        "Skipping undefined field. BaseType: 133, FieldDefId: 38, Reported size: 4, Glob msg: session",
        "Skipping undefined field. BaseType: 133, FieldDefId: 39, Reported size: 4, Glob msg: session",
        "Skipping undefined field. BaseType: 132, FieldDefId: 33, Reported size: 2, Glob msg: session",
        "Skipping undefined field. BaseType: 132, FieldDefId: 45, Reported size: 2, Glob msg: session",
        "Skipping undefined field. BaseType: 134, FieldDefId: 253, Reported size: 4, Glob msg: undefined",
        "Skipping undefined field. BaseType: 132, FieldDefId: 0, Reported size: 2, Glob msg: undefined",
        "Skipping undefined field. BaseType: 131, FieldDefId: 1, Reported size: 2, Glob msg: undefined",
        "Skipping undefined field. BaseType: 2, FieldDefId: 2, Reported size: 1, Glob msg: undefined",
        "Skipping undefined field. BaseType: 1, FieldDefId: 3, Reported size: 1, Glob msg: undefined"
    ]
}