{
    "file_id": {
        "serial_number": 3874260841,
        "time_created": 809544242,
        "manufacturer": 1,
        "product": 1345,
        "type": 4
    },
    "file_creator": {
        "software_version": 300
    },
    "device_info": {
        "timestamp": 809545016,
        "manufacturer": 1,
        "product": 1080,
        "software_version": 200.51,
        "device_index": 1,
        "device_type": 12
    },
    "undefined": {},
    "activity": {
        "timestamp": "2015-08-26T17:39:08.000Z",
        "total_timer_time": 522.784,
        "num_sessions": 1,
        "event": 26,
        "event_type": 1
    },
    "records": [
        {
            "timestamp": "2015-08-26T17:23:58.000Z",
            "position_lat": 58.587176436558366,
            "position_long": 16.168545791879296,
            "distance": 0.64,
            "altitude": 40,
            "speed": 0.647
        },
        {
            "timestamp": "2015-08-26T17:24:01.000Z",
            "position_lat": 58.587175430729985,
            "position_long": 16.168682668358088,
            "distance": 8.84,
            "altitude": 39.799999999999955,
            "speed": 1.186
        },
        {
            "timestamp": "2015-08-26T17:24:02.000Z",
            "position_lat": 58.58716788701713,
            "position_long": 16.168733211234212,
            "distance": 11.9,
            "altitude": 39.799999999999955,
            "speed": 1.404
        },
        {
            "timestamp": "2015-08-26T17:24:07.000Z",
            "position_lat": 58.587184650823474,
            "position_long": 16.16899556480348,
            "distance": 27.17,
            "altitude": 39.200000000000045,
            "speed": 2.287
        },
        {
            "timestamp": "2015-08-26T17:24:12.000Z",
            "position_lat": 58.58721524477005,
            "position_long": 16.16925347596407,
            "distance": 42.23,
            "altitude": 37.200000000000045,
            "speed": 3.077
        },
        {
            "timestamp": "2015-08-26T17:24:17.000Z",
            "position_lat": 58.587253550067544,
            "position_long": 16.169485487043858,
            "distance": 56.32,
            "altitude": 36.60000000000002,
            "speed": 2.969
        },
        {
            "timestamp": "2015-08-26T17:24:23.000Z",
            "position_lat": 58.587273079901934,
            "position_long": 16.16973912343383,
            "distance": 72.3,
            "altitude": 34.799999999999955,
            "speed": 2.775
        },
        {
            "timestamp": "2015-08-26T17:24:26.000Z",
            "position_lat": 58.58718967996538,
            "position_long": 16.16981154307723,
            "distance": 82.52,
            "altitude": 34.799999999999955,
            "speed": 2.872
        },
        {
            "timestamp": "2015-08-26T17:24:27.000Z",
            "position_lat": 58.587167551741004,
            "position_long": 16.16982612758875,
            "distance": 85.12,
            "altitude": 34.799999999999955,
            "speed": 2.881
        },
        {
            "timestamp": "2015-08-26T17:24:33.000Z",
            "position_lat": 58.586989268660545,
            "position_long": 16.16994297131896,
            "distance": 106.14,
            "altitude": 34.200000000000045,
            "speed": 3.178
        },
        {
            "timestamp": "2015-08-26T17:24:37.000Z",
            "position_lat": 58.58690259978175,
            "position_long": 16.170044224709272,
            "distance": 117.53,
            "altitude": 34.200000000000045,
            "speed": 3.189
        },
        {
            "timestamp": "2015-08-26T17:24:38.000Z",
            "position_lat": 58.58688969165087,
            "position_long": 16.170092336833477,
            "distance": 120.67,
            "altitude": 34,
            "speed": 3.166
        },
        {
            "timestamp": "2015-08-26T17:24:40.000Z",
            "position_lat": 58.58691165223718,
            "position_long": 16.170156626030803,
            "distance": 125.75,
            "altitude": 34.60000000000002,
            "speed": 3.038
        },
        {
            "timestamp": "2015-08-26T17:24:44.000Z",
            "position_lat": 58.586926655843854,
            "position_long": 16.170370196923614,
            "distance": 138.33,
            "altitude": 35,
            "speed": 2.937
        },
        {
            "timestamp": "2015-08-26T17:24:50.000Z",
            "position_lat": 58.58692196197808,
            "position_long": 16.170716788619757,
            "distance": 158.47,
            "altitude": 35.60000000000002,
            "speed": 3.089
        },
        {
            "timestamp": "2015-08-26T17:24:52.000Z",
            "position_lat": 58.58689958229661,
            "position_long": 16.1707922257483,
            "distance": 163.62,
            "altitude": 35.799999999999955,
            "speed": 3.166
        },
        {
            "timestamp": "2015-08-26T17:24:54.000Z",
            "position_lat": 58.58685524202883,
            "position_long": 16.170851234346628,
            "distance": 169.64,
            "altitude": 35.799999999999955,
            "speed": 3.16
        },
        {
            "timestamp": "2015-08-26T17:24:57.000Z",
            "position_lat": 58.58684786595404,
            "position_long": 16.171015854924917,
            "distance": 179.4,
            "altitude": 35.60000000000002,
            "speed": 3.171
        },
        {
            "timestamp": "2015-08-26T17:25:03.000Z",
            "position_lat": 58.58688927255571,
            "position_long": 16.171356411650777,
            "distance": 199.79,
            "altitude": 34.60000000000002,
            "speed": 3.173
        },
        {
            "timestamp": "2015-08-26T17:25:09.000Z",
            "position_lat": 58.58689279295504,
            "position_long": 16.17172454483807,
            "distance": 221.39,
            "altitude": 34.799999999999955,
            "speed": 3.468
        },
        {
            "timestamp": "2015-08-26T17:25:14.000Z",
            "position_lat": 58.5869399830699,
            "position_long": 16.17196535691619,
            "distance": 236.3,
            "altitude": 34.200000000000045,
            "speed": 3.343
        },
        {
            "timestamp": "2015-08-26T17:25:18.000Z",
            "position_lat": 58.58696990646422,
            "position_long": 16.172161996364594,
            "distance": 248.3,
            "altitude": 34.39999999999998,
            "speed": 3.173
        },
        {
            "timestamp": "2015-08-26T17:25:23.000Z",
            "position_lat": 58.58701600693166,
            "position_long": 16.172444634139538,
            "distance": 265.57,
            "altitude": 33.60000000000002,
            "speed": 3.135
        },
        {
            "timestamp": "2015-08-26T17:25:27.000Z",
            "position_lat": 58.58705255202949,
            "position_long": 16.172656444832683,
            "distance": 278.58,
            "altitude": 32.39999999999998,
            "speed": 3.257
        },
        {
            "timestamp": "2015-08-26T17:25:28.000Z",
            "position_lat": 58.58707216568291,
            "position_long": 16.172709669917822,
            "distance": 282.35,
            "altitude": 32.200000000000045,
            "speed": 3.276
        },
        {
            "timestamp": "2015-08-26T17:25:31.000Z",
            "position_lat": 58.58710594475269,
            "position_long": 16.17286297492683,
            "distance": 292.04,
            "altitude": 32,
            "speed": 3.364
        },
        {
            "timestamp": "2015-08-26T17:25:38.000Z",
            "position_lat": 58.587150536477566,
            "position_long": 16.173223899677396,
            "distance": 313.78,
            "altitude": 31.600000000000023,
            "speed": 3.186
        },
        {
            "timestamp": "2015-08-26T17:25:42.000Z",
            "position_lat": 58.587164198979735,
            "position_long": 16.173463789746165,
            "distance": 327.96,
            "altitude": 31,
            "speed": 3.242
        },
        {
            "timestamp": "2015-08-26T17:25:47.000Z",
            "position_lat": 58.58721583150327,
            "position_long": 16.17372002452612,
            "distance": 343.95,
            "altitude": 30.200000000000045,
            "speed": 3.301
        },
        {
            "timestamp": "2015-08-26T17:25:52.000Z",
            "position_lat": 58.5872558131814,
            "position_long": 16.1739800311625,
            "distance": 359.77,
            "altitude": 30,
            "speed": 3.237
        },
        {
            "timestamp": "2015-08-26T17:25:58.000Z",
            "position_lat": 58.587326388806105,
            "position_long": 16.17428345605731,
            "distance": 379.43,
            "altitude": 30,
            "speed": 3.177
        },
        {
            "timestamp": "2015-08-26T17:26:03.000Z",
            "position_lat": 58.58734181150794,
            "position_long": 16.17456684820354,
            "distance": 395.98,
            "altitude": 31.399999999999977,
            "speed": 3.247
        },
        {
            "timestamp": "2015-08-26T17:26:07.000Z",
            "position_lat": 58.58734080567956,
            "position_long": 16.17481210269034,
            "distance": 410.47,
            "altitude": 33,
            "speed": 3.414
        },
        {
            "timestamp": "2015-08-26T17:26:12.000Z",
            "position_lat": 58.58740987256169,
            "position_long": 16.17504872381687,
            "distance": 426.72,
            "altitude": 34.799999999999955,
            "speed": 3.372
        },
        {
            "timestamp": "2015-08-26T17:26:13.000Z",
            "position_lat": 58.58743594028056,
            "position_long": 16.175044532865286,
            "distance": 429.64,
            "altitude": 35,
            "speed": 3.332
        },
        {
            "timestamp": "2015-08-26T17:26:15.000Z",
            "position_lat": 58.587493943050504,
            "position_long": 16.175034809857607,
            "distance": 436.12,
            "altitude": 35.39999999999998,
            "speed": 3.299
        },
        {
            "timestamp": "2015-08-26T17:26:20.000Z",
            "position_lat": 58.58767356723547,
            "position_long": 16.17493229918182,
            "distance": 457.18,
            "altitude": 34.799999999999955,
            "speed": 3.514
        },
        {
            "timestamp": "2015-08-26T17:26:24.000Z",
            "position_lat": 58.58780893497169,
            "position_long": 16.174875553697348,
            "distance": 472.83,
            "altitude": 35.200000000000045,
            "speed": 3.787
        },
        {
            "timestamp": "2015-08-26T17:26:28.000Z",
            "position_lat": 58.587937681004405,
            "position_long": 16.174829117953777,
            "distance": 487.58,
            "altitude": 36.39999999999998,
            "speed": 3.984
        },
        {
            "timestamp": "2015-08-26T17:26:33.000Z",
            "position_lat": 58.588099367916584,
            "position_long": 16.174781173467636,
            "distance": 505.84,
            "altitude": 37.799999999999955,
            "speed": 3.755
        },
        {
            "timestamp": "2015-08-26T17:26:38.000Z",
            "position_lat": 58.58823590911925,
            "position_long": 16.174715626984835,
            "distance": 521.52,
            "altitude": 37.60000000000002,
            "speed": 3.444
        },
        {
            "timestamp": "2015-08-26T17:26:44.000Z",
            "position_lat": 58.58842902816832,
            "position_long": 16.174593921750784,
            "distance": 543.98,
            "altitude": 37,
            "speed": 3.423
        },
        {
            "timestamp": "2015-08-26T17:26:45.000Z",
            "position_lat": 58.58844663016498,
            "position_long": 16.174562573432922,
            "distance": 546.61,
            "altitude": 36.799999999999955,
            "speed": 3.408
        },
        {
            "timestamp": "2015-08-26T17:26:47.000Z",
            "position_lat": 58.58843103982508,
            "position_long": 16.17449157871306,
            "distance": 551.54,
            "altitude": 36.799999999999955,
            "speed": 3.309
        },
        {
            "timestamp": "2015-08-26T17:26:50.000Z",
            "position_lat": 58.588346717879176,
            "position_long": 16.174403065815568,
            "distance": 562.42,
            "altitude": 37,
            "speed": 3.291
        },
        {
            "timestamp": "2015-08-26T17:26:54.000Z",
            "position_lat": 58.58826331794262,
            "position_long": 16.17425763979554,
            "distance": 575.81,
            "altitude": 36.39999999999998,
            "speed": 3.213
        },
        {
            "timestamp": "2015-08-26T17:26:56.000Z",
            "position_lat": 58.58826172538102,
            "position_long": 16.17416074499488,
            "distance": 581.44,
            "altitude": 36,
            "speed": 3.032
        },
        {
            "timestamp": "2015-08-26T17:26:58.000Z",
            "position_lat": 58.58823590911925,
            "position_long": 16.17405630648136,
            "distance": 588.17,
            "altitude": 35,
            "speed": 3.135
        },
        {
            "timestamp": "2015-08-26T17:27:02.000Z",
            "position_lat": 58.58820372261107,
            "position_long": 16.173839550465345,
            "distance": 600.39,
            "altitude": 34.799999999999955,
            "speed": 3.298
        },
        {
            "timestamp": "2015-08-26T17:27:06.000Z",
            "position_lat": 58.58814077451825,
            "position_long": 16.17363218218088,
            "distance": 614.41,
            "altitude": 34.39999999999998,
            "speed": 3.308
        },
        {
            "timestamp": "2015-08-26T17:27:11.000Z",
            "position_lat": 58.58808704651892,
            "position_long": 16.173349041491747,
            "distance": 631.83,
            "altitude": 33.60000000000002,
            "speed": 3.459
        },
        {
            "timestamp": "2015-08-26T17:27:16.000Z",
            "position_lat": 58.58807237818837,
            "position_long": 16.173087023198605,
            "distance": 647.18,
            "altitude": 34,
            "speed": 3.303
        },
        {
            "timestamp": "2015-08-26T17:27:21.000Z",
            "position_lat": 58.58807195909321,
            "position_long": 16.172808660194278,
            "distance": 663.34,
            "altitude": 32.200000000000045,
            "speed": 3.163
        },
        {
            "timestamp": "2015-08-26T17:27:27.000Z",
            "position_lat": 58.588053015992045,
            "position_long": 16.172511018812656,
            "distance": 681.61,
            "altitude": 31.399999999999977,
            "speed": 3.162
        },
        {
            "timestamp": "2015-08-26T17:27:32.000Z",
            "position_lat": 58.58794078230858,
            "position_long": 16.172303650528193,
            "distance": 699.28,
            "altitude": 30.399999999999977,
            "speed": 3.211
        },
        {
            "timestamp": "2015-08-26T17:27:33.000Z",
            "position_lat": 58.58792460523546,
            "position_long": 16.17225461639464,
            "distance": 702.64,
            "altitude": 30.399999999999977,
            "speed": 3.229
        },
        {
            "timestamp": "2015-08-26T17:27:36.000Z",
            "position_lat": 58.5878877248615,
            "position_long": 16.172118075191975,
            "distance": 711.8,
            "altitude": 30.600000000000023,
            "speed": 3.21
        },
        {
            "timestamp": "2015-08-26T17:27:41.000Z",
            "position_lat": 58.58782444149256,
            "position_long": 16.17189997807145,
            "distance": 726.46,
            "altitude": 30.399999999999977,
            "speed": 3.158
        },
        {
            "timestamp": "2015-08-26T17:27:45.000Z",
            "position_lat": 58.58778244815767,
            "position_long": 16.171718258410692,
            "distance": 738.1,
            "altitude": 30.600000000000023,
            "speed": 2.985
        },
        {
            "timestamp": "2015-08-26T17:27:49.000Z",
            "position_lat": 58.58771656639874,
            "position_long": 16.17152807302773,
            "distance": 751.41,
            "altitude": 30.600000000000023,
            "speed": 3.043
        },
        {
            "timestamp": "2015-08-26T17:27:50.000Z",
            "position_lat": 58.58771463856101,
            "position_long": 16.1714880913496,
            "distance": 753.71,
            "altitude": 30.600000000000023,
            "speed": 3.004
        },
        {
            "timestamp": "2015-08-26T17:27:53.000Z",
            "position_lat": 58.587698210030794,
            "position_long": 16.171332020312548,
            "distance": 763.14,
            "altitude": 30.799999999999955,
            "speed": 3.001
        },
        {
            "timestamp": "2015-08-26T17:27:55.000Z",
            "position_lat": 58.5876770876348,
            "position_long": 16.171248368918896,
            "distance": 768.55,
            "altitude": 31,
            "speed": 2.971
        },
        {
            "timestamp": "2015-08-26T17:27:57.000Z",
            "position_lat": 58.58766669407487,
            "position_long": 16.1711445171386,
            "distance": 774.7,
            "altitude": 31,
            "speed": 3.008
        },
        {
            "timestamp": "2015-08-26T17:27:58.000Z",
            "position_lat": 58.58765588141978,
            "position_long": 16.171115431934595,
            "distance": 776.77,
            "altitude": 30.799999999999955,
            "speed": 2.928
        },
        {
            "timestamp": "2015-08-26T17:28:00.000Z",
            "position_lat": 58.58766853809357,
            "position_long": 16.171029768884182,
            "distance": 781.93,
            "altitude": 30.799999999999955,
            "speed": 2.738
        },
        {
            "timestamp": "2015-08-26T17:28:04.000Z",
            "position_lat": 58.587696114555,
            "position_long": 16.170822149142623,
            "distance": 794.48,
            "altitude": 31.200000000000045,
            "speed": 2.895
        },
        {
            "timestamp": "2015-08-26T17:28:06.000Z",
            "position_lat": 58.58771136961877,
            "position_long": 16.170711340382695,
            "distance": 801.38,
            "altitude": 31.600000000000023,
            "speed": 2.933
        },
        {
            "timestamp": "2015-08-26T17:28:08.000Z",
            "position_lat": 58.58773022890091,
            "position_long": 16.170582259073853,
            "distance": 809.16,
            "altitude": 31.600000000000023,
            "speed": 3.052
        },
        {
            "timestamp": "2015-08-26T17:28:13.000Z",
            "position_lat": 58.58779150061309,
            "position_long": 16.170295514166355,
            "distance": 827.19,
            "altitude": 32,
            "speed": 3.419
        },
        {
            "timestamp": "2015-08-26T17:28:16.000Z",
            "position_lat": 58.587784795090556,
            "position_long": 16.170130893588066,
            "distance": 837.43,
            "altitude": 32,
            "speed": 3.476
        },
        {
            "timestamp": "2015-08-26T17:28:19.000Z",
            "position_lat": 58.58783123083413,
            "position_long": 16.169967195019126,
            "distance": 848.16,
            "altitude": 32.200000000000045,
            "speed": 3.555
        },
        {
            "timestamp": "2015-08-26T17:28:20.000Z",
            "position_lat": 58.58784036710858,
            "position_long": 16.169920088723302,
            "distance": 851.01,
            "altitude": 32.200000000000045,
            "speed": 3.471
        },
        {
            "timestamp": "2015-08-26T17:28:24.000Z",
            "position_lat": 58.58787531964481,
            "position_long": 16.16977390833199,
            "distance": 860.26,
            "altitude": 32.39999999999998,
            "speed": 3.095
        },
        {
            "timestamp": "2015-08-26T17:28:27.000Z",
            "position_lat": 58.58792485669255,
            "position_long": 16.169631835073233,
            "distance": 870.13,
            "altitude": 32.60000000000002,
            "speed": 3.063
        },
        {
            "timestamp": "2015-08-26T17:28:29.000Z",
            "position_lat": 58.58794128522277,
            "position_long": 16.169542567804456,
            "distance": 875.77,
            "altitude": 32,
            "speed": 2.937
        },
        {
            "timestamp": "2015-08-26T17:28:31.000Z",
            "position_lat": 58.587970370426774,
            "position_long": 16.16945774294436,
            "distance": 881.76,
            "altitude": 31.399999999999977,
            "speed": 2.851
        },
        {
            "timestamp": "2015-08-26T17:28:35.000Z",
            "position_lat": 58.58801848255098,
            "position_long": 16.16926177404821,
            "distance": 894.29,
            "altitude": 30.799999999999955,
            "speed": 3.026
        },
        {
            "timestamp": "2015-08-26T17:28:39.000Z",
            "position_lat": 58.58804362826049,
            "position_long": 16.169032528996468,
            "distance": 907.7,
            "altitude": 30.399999999999977,
            "speed": 3.141
        },
        {
            "timestamp": "2015-08-26T17:28:44.000Z",
            "position_lat": 58.58805821277201,
            "position_long": 16.168769504874945,
            "distance": 922.96,
            "altitude": 29.200000000000045,
            "speed": 3.197
        },
        {
            "timestamp": "2015-08-26T17:28:50.000Z",
            "position_lat": 58.58809852972627,
            "position_long": 16.168451327830553,
            "distance": 942.04,
            "altitude": 29,
            "speed": 3.175
        },
        {
            "timestamp": "2015-08-26T17:28:55.000Z",
            "position_lat": 58.58817379921675,
            "position_long": 16.16819073446095,
            "distance": 959.31,
            "altitude": 29.200000000000045,
            "speed": 3.282
        },
        {
            "timestamp": "2015-08-26T17:29:00.000Z",
            "position_lat": 58.58827371150255,
            "position_long": 16.167970206588507,
            "distance": 976.38,
            "altitude": 28.399999999999977,
            "speed": 3.371
        },
        {
            "timestamp": "2015-08-26T17:29:04.000Z",
            "position_lat": 58.58831905759871,
            "position_long": 16.167718581855297,
            "distance": 991.89,
            "altitude": 27.399999999999977,
            "speed": 3.552
        },
        {
            "timestamp": "2015-08-26T17:29:09.000Z",
            "position_lat": 58.588339844718575,
            "position_long": 16.167407780885696,
            "distance": 1010.14,
            "altitude": 26.200000000000045,
            "speed": 3.674
        },
        {
            "timestamp": "2015-08-26T17:29:15.000Z",
            "position_lat": 58.58829332515597,
            "position_long": 16.167066721245646,
            "distance": 1031.43,
            "altitude": 25.399999999999977,
            "speed": 3.613
        },
        {
            "timestamp": "2015-08-26T17:29:19.000Z",
            "position_lat": 58.58819198794663,
            "position_long": 16.166943004354835,
            "distance": 1045.56,
            "altitude": 25.600000000000023,
            "speed": 3.508
        },
        {
            "timestamp": "2015-08-26T17:29:24.000Z",
            "position_lat": 58.58806542120874,
            "position_long": 16.16703017614782,
            "distance": 1060.76,
            "altitude": 26.600000000000023,
            "speed": 3.335
        },
        {
            "timestamp": "2015-08-26T17:29:29.000Z",
            "position_lat": 58.587963581085205,
            "position_long": 16.167148360982537,
            "distance": 1074.14,
            "altitude": 27.799999999999955,
            "speed": 2.976
        },
        {
            "timestamp": "2015-08-26T17:29:35.000Z",
            "position_lat": 58.58782201074064,
            "position_long": 16.167199658229947,
            "distance": 1090.23,
            "altitude": 27.799999999999955,
            "speed": 2.696
        },
        {
            "timestamp": "2015-08-26T17:29:40.000Z",
            "position_lat": 58.58768178150058,
            "position_long": 16.167250452563167,
            "distance": 1106.19,
            "altitude": 28.200000000000045,
            "speed": 2.796
        },
        {
            "timestamp": "2015-08-26T17:29:42.000Z",
            "position_lat": 58.58763341791928,
            "position_long": 16.16729948669672,
            "distance": 1112.62,
            "altitude": 28.399999999999977,
            "speed": 2.907
        },
        {
            "timestamp": "2015-08-26T17:29:44.000Z",
            "position_lat": 58.5876012314111,
            "position_long": 16.167395543307066,
            "distance": 1119.4,
            "altitude": 28.399999999999977,
            "speed": 3.026
        },
        {
            "timestamp": "2015-08-26T17:29:47.000Z",
            "position_lat": 58.587594106793404,
            "position_long": 16.167552871629596,
            "distance": 1128.59,
            "altitude": 28,
            "speed": 3.139
        },
        {
            "timestamp": "2015-08-26T17:29:49.000Z",
            "position_lat": 58.58757818117738,
            "position_long": 16.167648257687688,
            "distance": 1134.5,
            "altitude": 27.799999999999955,
            "speed": 3.078
        },
        {
            "timestamp": "2015-08-26T17:29:54.000Z",
            "position_lat": 58.58758840709925,
            "position_long": 16.16791656240821,
            "distance": 1150.18,
            "altitude": 28.399999999999977,
            "speed": 3.125
        },
        {
            "timestamp": "2015-08-26T17:29:59.000Z",
            "position_lat": 58.58762327581644,
            "position_long": 16.168198697268963,
            "distance": 1167.06,
            "altitude": 29.399999999999977,
            "speed": 3.181
        },
        {
            "timestamp": "2015-08-26T17:30:03.000Z",
            "position_lat": 58.58763827942312,
            "position_long": 16.168427607044578,
            "distance": 1180.47,
            "altitude": 30.399999999999977,
            "speed": 3.368
        },
        {
            "timestamp": "2015-08-26T17:30:08.000Z",
            "position_lat": 58.58766635879874,
            "position_long": 16.168682081624866,
            "distance": 1195.6,
            "altitude": 30.799999999999955,
            "speed": 3.289
        },
        {
            "timestamp": "2015-08-26T17:30:09.000Z",
            "position_lat": 58.58768982812762,
            "position_long": 16.168717872351408,
            "distance": 1198.85,
            "altitude": 31.399999999999977,
            "speed": 3.286
        },
        {
            "timestamp": "2015-08-26T17:30:11.000Z",
            "position_lat": 58.587709441781044,
            "position_long": 16.168822646141052,
            "distance": 1205.19,
            "altitude": 31.799999999999955,
            "speed": 3.211
        },
        {
            "timestamp": "2015-08-26T17:30:15.000Z",
            "position_lat": 58.58773475512862,
            "position_long": 16.169013502076268,
            "distance": 1216.64,
            "altitude": 33,
            "speed": 3.073
        },
        {
            "timestamp": "2015-08-26T17:30:20.000Z",
            "position_lat": 58.587723188102245,
            "position_long": 16.169244591146708,
            "distance": 1230.13,
            "altitude": 34.799999999999955,
            "speed": 2.933
        },
        {
            "timestamp": "2015-08-26T17:30:26.000Z",
            "position_lat": 58.58770583756268,
            "position_long": 16.169586153700948,
            "distance": 1250.05,
            "altitude": 35.60000000000002,
            "speed": 3.001
        },
        {
            "timestamp": "2015-08-26T17:30:31.000Z",
            "position_lat": 58.5876842122525,
            "position_long": 16.169824032112956,
            "distance": 1264.47,
            "altitude": 36.200000000000045,
            "speed": 3.047
        },
        {
            "timestamp": "2015-08-26T17:30:35.000Z",
            "position_lat": 58.58767859637737,
            "position_long": 16.170007595792413,
            "distance": 1275.29,
            "altitude": 37,
            "speed": 3.032
        },
        {
            "timestamp": "2015-08-26T17:30:36.000Z",
            "position_lat": 58.587673399597406,
            "position_long": 16.17006165906787,
            "distance": 1278.49,
            "altitude": 37.200000000000045,
            "speed": 2.965
        },
        {
            "timestamp": "2015-08-26T17:30:39.000Z",
            "position_lat": 58.587657641619444,
            "position_long": 16.17020926438272,
            "distance": 1287.28,
            "altitude": 38.200000000000045,
            "speed": 2.849
        },
        {
            "timestamp": "2015-08-26T17:30:42.000Z",
            "position_lat": 58.58763802796602,
            "position_long": 16.170381512492895,
            "distance": 1297.55,
            "altitude": 37.799999999999955,
            "speed": 2.964
        },
        {
            "timestamp": "2015-08-26T17:30:44.000Z",
            "position_lat": 58.587612714618444,
            "position_long": 16.170489974319935,
            "distance": 1304.5,
            "altitude": 37.799999999999955,
            "speed": 3.055
        },
        {
            "timestamp": "2015-08-26T17:30:48.000Z",
            "position_lat": 58.58752294443548,
            "position_long": 16.170638082548976,
            "distance": 1317.8,
            "altitude": 37.799999999999955,
            "speed": 3.275
        },
        {
            "timestamp": "2015-08-26T17:30:52.000Z",
            "position_lat": 58.587400233373046,
            "position_long": 16.170726092532277,
            "distance": 1332.4,
            "altitude": 37,
            "speed": 3.511
        },
        {
            "timestamp": "2015-08-26T17:30:57.000Z",
            "position_lat": 58.5872246325016,
            "position_long": 16.17083757184446,
            "distance": 1352.92,
            "altitude": 36.200000000000045,
            "speed": 3.792
        },
        {
            "timestamp": "2015-08-26T17:30:58.000Z",
            "position_lat": 58.58718699775636,
            "position_long": 16.1708596162498,
            "distance": 1357.29,
            "altitude": 35.799999999999955,
            "speed": 3.826
        },
        {
            "timestamp": "2015-08-26T17:31:04.000Z",
            "position_lat": 58.58701064251363,
            "position_long": 16.17092759348452,
            "distance": 1377.41,
            "altitude": 34.799999999999955,
            "speed": 3.752
        },
        {
            "timestamp": "2015-08-26T17:31:05.000Z",
            "position_lat": 58.586981892585754,
            "position_long": 16.17091393098235,
            "distance": 1380.71,
            "altitude": 34.799999999999955,
            "speed": 3.671
        },
        {
            "timestamp": "2015-08-26T17:31:06.000Z",
            "position_lat": 58.58695934526622,
            "position_long": 16.170871686190367,
            "distance": 1384.2,
            "altitude": 34.39999999999998,
            "speed": 3.615
        },
        {
            "timestamp": "2015-08-26T17:31:09.000Z",
            "position_lat": 58.586915424093604,
            "position_long": 16.170720057561994,
            "distance": 1394.29,
            "altitude": 34,
            "speed": 3.435
        },
        {
            "timestamp": "2015-08-26T17:31:11.000Z",
            "position_lat": 58.5868982411921,
            "position_long": 16.170620983466506,
            "distance": 1400.36,
            "altitude": 33.39999999999998,
            "speed": 3.281
        },
        {
            "timestamp": "2015-08-26T17:31:15.000Z",
            "position_lat": 58.586877370253205,
            "position_long": 16.170437084510922,
            "distance": 1411.32,
            "altitude": 32.799999999999955,
            "speed": 3.07
        },
        {
            "timestamp": "2015-08-26T17:31:21.000Z",
            "position_lat": 58.58687116764486,
            "position_long": 16.170129217207432,
            "distance": 1429.46,
            "altitude": 31.799999999999955,
            "speed": 2.934
        },
        {
            "timestamp": "2015-08-26T17:31:25.000Z",
            "position_lat": 58.58694224618375,
            "position_long": 16.169951939955354,
            "distance": 1442.75,
            "altitude": 30.600000000000023,
            "speed": 3.053
        },
        {
            "timestamp": "2015-08-26T17:31:26.000Z",
            "position_lat": 58.5869537293911,
            "position_long": 16.16992201656103,
            "distance": 1444.91,
            "altitude": 30.399999999999977,
            "speed": 3.046
        },
        {
            "timestamp": "2015-08-26T17:31:43.000Z",
            "position_lat": 58.58697577379644,
            "position_long": 16.16989854723215,
            "distance": 1445.69,
            "altitude": 30.200000000000045,
            "speed": 0.836
        },
        {
            "timestamp": "2015-08-26T17:31:44.000Z",
            "position_lat": 58.58698273077607,
            "position_long": 16.16989661939442,
            "distance": 1446.45,
            "altitude": 30.399999999999977,
            "speed": 0.748
        },
        {
            "timestamp": "2015-08-26T17:31:47.000Z",
            "position_lat": 58.58706177212298,
            "position_long": 16.169898211956024,
            "distance": 1455.29,
            "altitude": 31.600000000000023,
            "speed": 1.893
        },
        {
            "timestamp": "2015-08-26T17:31:52.000Z",
            "position_lat": 58.58720409683883,
            "position_long": 16.16983149200678,
            "distance": 1471.58,
            "altitude": 33.200000000000045,
            "speed": 2.513
        },
        {
            "timestamp": "2015-08-26T17:31:56.000Z",
            "position_lat": 58.5872695595026,
            "position_long": 16.169712468981743,
            "distance": 1482.07,
            "altitude": 32.799999999999955,
            "speed": 2.86
        },
        {
            "timestamp": "2015-08-26T17:32:00.000Z",
            "position_lat": 58.58726838603616,
            "position_long": 16.169467214494944,
            "distance": 1496.31,
            "altitude": 32.39999999999998,
            "speed": 3.113
        },
        {
            "timestamp": "2015-08-26T17:32:04.000Z",
            "position_lat": 58.58724692836404,
            "position_long": 16.169270742684603,
            "distance": 1508.03,
            "altitude": 32.60000000000002,
            "speed": 3.042
        },
        {
            "timestamp": "2015-08-26T17:32:09.000Z",
            "position_lat": 58.5872383788228,
            "position_long": 16.16900285705924,
            "distance": 1523.6,
            "altitude": 32.39999999999998,
            "speed": 3.248
        },
        {
            "timestamp": "2015-08-26T17:32:14.000Z",
            "position_lat": 58.587220357730985,
            "position_long": 16.168733462691307,
            "distance": 1539.43,
            "altitude": 32.39999999999998,
            "speed": 3.106
        },
        {
            "timestamp": "2015-08-26T17:32:19.000Z",
            "position_lat": 58.587218932807446,
            "position_long": 16.168495835736394,
            "distance": 1553.26,
            "altitude": 33,
            "speed": 2.959
        },
        {
            "timestamp": "2015-08-26T17:32:21.000Z",
            "position_lat": 58.58722563832998,
            "position_long": 16.16845954209566,
            "distance": 1555.5,
            "altitude": 33.200000000000045,
            "speed": 2.717
        },
        {
            "timestamp": "2015-08-26T17:36:19.000Z",
            "position_lat": 58.587214574217796,
            "position_long": 16.168569093570113,
            "distance": 1556.42,
            "altitude": 42.60000000000002,
            "speed": 0.819
        },
        {
            "timestamp": "2015-08-26T17:36:20.000Z",
            "position_lat": 58.58721415512264,
            "position_long": 16.168592059984803,
            "distance": 1557.75,
            "altitude": 42.39999999999998,
            "speed": 0.888
        },
        {
            "timestamp": "2015-08-26T17:36:24.000Z",
            "position_lat": 58.58723142184317,
            "position_long": 16.16881568916142,
            "distance": 1570.89,
            "altitude": 42,
            "speed": 1.759
        },
        {
            "timestamp": "2015-08-26T17:36:29.000Z",
            "position_lat": 58.58725539408624,
            "position_long": 16.169032864272594,
            "distance": 1583.81,
            "altitude": 41.39999999999998,
            "speed": 2.461
        },
        {
            "timestamp": "2015-08-26T17:36:35.000Z",
            "position_lat": 58.58728523366153,
            "position_long": 16.16935363970697,
            "distance": 1602.84,
            "altitude": 40.39999999999998,
            "speed": 2.977
        },
        {
            "timestamp": "2015-08-26T17:36:39.000Z",
            "position_lat": 58.58730719424784,
            "position_long": 16.169528486207128,
            "distance": 1613.31,
            "altitude": 39.200000000000045,
            "speed": 2.93
        },
        {
            "timestamp": "2015-08-26T17:36:44.000Z",
            "position_lat": 58.587303925305605,
            "position_long": 16.16975630633533,
            "distance": 1626.94,
            "altitude": 37.799999999999955,
            "speed": 2.864
        },
        {
            "timestamp": "2015-08-26T17:36:48.000Z",
            "position_lat": 58.58720971271396,
            "position_long": 16.169828390702605,
            "distance": 1638.82,
            "altitude": 37.60000000000002,
            "speed": 2.768
        },
        {
            "timestamp": "2015-08-26T17:36:54.000Z",
            "position_lat": 58.587030339986086,
            "position_long": 16.169886561110616,
            "distance": 1659.16,
            "altitude": 37.200000000000045,
            "speed": 3.149
        },
        {
            "timestamp": "2015-08-26T17:36:55.000Z",
            "position_lat": 58.58700603246689,
            "position_long": 16.16988865658641,
            "distance": 1661.8,
            "altitude": 37,
            "speed": 3.151
        },
        {
            "timestamp": "2015-08-26T17:36:56.000Z",
            "position_lat": 58.586987759917974,
            "position_long": 16.16988228634,
            "distance": 1663.87,
            "altitude": 37,
            "speed": 3.151
        }
    ],
    "sessions": [
        {
            "timestamp": "2015-08-26T17:39:08.000Z",
            "start_time": "2015-08-26T17:23:58.000Z",
            "start_position_lat": 58.587176436558366,
            "start_position_long": 16.168545791879296,
            "total_elapsed_time": 778.358,
            "total_timer_time": 522.784,
            "total_distance": 1663.87,
            "nec_lat": 58.58844805508852,
            "nec_long": 16.17504872381687,
            "swc_lat": 58.58684577047825,
            "swc_long": 16.166943004354835,
            "total_calories": 102,
            "avg_speed": 3.183,
            "max_speed": 3.996,
            "total_ascent": 49,
            "total_descent": 52,
            "num_laps": 1,
            "event": 9,
            "event_type": 1,
            "sport": 1
        }
    ],
    "laps": [
        {
            "timestamp": "2015-08-26T17:39:08.000Z",
            "start_time": "2015-08-26T17:23:58.000Z",
            "start_position_lat": 58.587176436558366,
            "start_position_long": 16.168545791879296,
            "end_position_lat": 58.586987759917974,
            "end_position_long": 16.16988228634,
            "total_elapsed_time": 778.358,
            "total_timer_time": 522.784,
            "total_distance": 1663.87,
            "total_calories": 102,
            "avg_speed": 3.183,
            "max_speed": 3.996,
            "total_ascent": 49,
            "total_descent": 52,
            "event": 9,
            "event_type": 1,
            "lap_trigger": 7,
            "sport": 1
        }
    ],
    "events": [
        {
            "timestamp": 809544238
        },
        {
            "timestamp": 809544686,
            "event_type": 4
        },
        {
            "timestamp": 809544703
        },
        {
            "timestamp": 809544741,
            "event_type": 4
        },
        {
            "timestamp": 809544979
        },
        {
            "timestamp": 809545016,
            "event_type": 4
        },
        {
            "timestamp": 809545148,
            "data": 1,
            "event": 8,
            "event_type": 9,
            "event_group": 1
        }
    ],
    "_fileHeader_": {
        "headerSize": 14,
        "protocolVersion": 16,
        "profileVersion": 135,
        "dataSize": 4181,
        "protocolVersionMajor": 1,
        "protocolVersionMinor": 0,
        "profileVersionMajor": 1,
        "profileVersionMinor": 35,
        "estimatedFitFileSize": 4197,
        "dataType": ".FIT",
        "headerCRC": 0,
        "CRC": 35390,
        "verifyCRC": 35390
    },
    "_info_": [
        "Header CRC was not stored in the file",
        "Skipping undefined field. BaseType: 134, FieldDefId: 8, Reported size: 4, Glob msg: device_info",
        "Skipping undefined field. BaseType: 134, FieldDefId: 15, Reported size: 4, Glob msg: device_info",
        "Skipping undefined field. BaseType: 134, FieldDefId: 16, Reported size: 4, Glob msg: device_info",
        "Skipping undefined field. BaseType: 2, FieldDefId: 9, Reported size: 1, Glob msg: device_info",
        "Skipping undefined field. BaseType: 134, FieldDefId: 8, Reported size: 4, Glob msg: device_info",
        "Skipping undefined field. BaseType: 134, FieldDefId: 15, Reported size: 4, Glob msg: device_info",
        "Skipping undefined field. BaseType: 134, FieldDefId: 16, Reported size: 4, Glob msg: device_info",
        "Skipping undefined field. BaseType: 2, FieldDefId: 9, Reported size: 1, Glob msg: device_info",
        "Skipping undefined field. BaseType: 134, FieldDefId: 253, Reported size: 4, Glob msg: undefined",
        "Skipping undefined field. BaseType: 2, FieldDefId: 0, Reported size: 1, Glob msg: undefined",
        "Skipping undefined field. BaseType: 2, FieldDefId: 1, Reported size: 1, Glob msg: undefined",
        "Skipping undefined field. BaseType: 2, FieldDefId: 2, Reported size: 1, Glob msg: undefined",
        "Skipping undefined field. BaseType: 2, FieldDefId: 3, Reported size: 1, Glob msg: undefined",
        "Skipping undefined field. BaseType: 2, FieldDefId: 4, Reported size: 1, Glob msg: undefined",
        "Skipping undefined field. BaseType: 0, FieldDefId: 5, Reported size: 1, Glob msg: undefined",
        "Skipping undefined field. BaseType: 2, FieldDefId: 6, Reported size: 1, Glob msg: undefined",
        "Skipping undefined field. BaseType: 2, FieldDefId: 7, Reported size: 1, Glob msg: undefined",
        "Skipping undefined field. BaseType: 2, FieldDefId: 8, Reported size: 1, Glob msg: undefined",
        "Skipping undefined field. BaseType: 134, FieldDefId: 253, Reported size: 4, Glob msg: undefined",
        "Skipping undefined field. BaseType: 132, FieldDefId: 0, Reported size: 2, Glob msg: undefined",
        "Skipping undefined field. BaseType: 132, FieldDefId: 3, Reported size: 2, Glob msg: undefined",
        "Skipping undefined field. BaseType: 2, FieldDefId: 1, Reported size: 1, Glob msg: undefined",
        "Skipping undefined field. BaseType: 2, FieldDefId: 2, Reported size: 1, Glob msg: undefined",
        "Skipping undefined field. BaseType: 0, FieldDefId: 4, Reported size: 1, Glob msg: undefined",
        "Skipping undefined field. BaseType: 0, FieldDefId: 5, Reported size: 1, Glob msg: undefined",
        "Skipping undefined field. BaseType: 2, FieldDefId: 6, Reported size: 1, Glob msg: undefined",
        "Skipping undefined field. BaseType: 1, FieldDefId: 7, Reported size: 1, Glob msg: undefined",
        "Skipping undefined field. BaseType: 134, FieldDefId: 253, Reported size: 4, Glob msg: undefined",
        "Skipping undefined field. BaseType: 132, FieldDefId: 0, Reported size: 2, Glob msg: undefined",
        "Skipping undefined field. BaseType: 131, FieldDefId: 1, Reported size: 2, Glob msg: undefined",
        "Skipping undefined field. BaseType: 2, FieldDefId: 2, Reported size: 1, Glob msg: undefined",
        "Skipping undefined field. BaseType: 1, FieldDefId: 3, Reported size: 1, Glob msg: undefined",
        "Skipping undefined field. BaseType: 134, FieldDefId: 253, Reported size: 4, Glob msg: undefined",
        "Skipping undefined field. BaseType: 132, FieldDefId: 0, Reported size: 2, Glob msg: undefined",
        "Skipping undefined field. BaseType: 131, FieldDefId: 1, Reported size: 2, Glob msg: undefined",
        "Skipping undefined field. BaseType: 2, FieldDefId: 2, Reported size: 1, Glob msg: undefined",
        "Skipping undefined field. BaseType: 1, FieldDefId: 3, Reported size: 1, Glob msg: undefined",
        "Skipping undefined field. BaseType: 134, FieldDefId: 8, Reported size: 4, Glob msg: device_info",
        "Skipping undefined field. BaseType: 134, FieldDefId: 15, Reported size: 4, Glob msg: device_info",
        "Skipping undefined field. BaseType: 134, FieldDefId: 16, Reported size: 4, Glob msg: device_info",
        "Skipping undefined field. BaseType: 2, FieldDefId: 9, Reported size: 1, Glob msg: device_info",
        "Skipping undefined field. BaseType: 134, FieldDefId: 8, Reported size: 4, Glob msg: device_info",
        "Skipping undefined field. BaseType: 134, FieldDefId: 15, Reported size: 4, Glob msg: device_info",
        "Skipping undefined field. BaseType: 134, FieldDefId: 16, Reported size: 4, Glob msg: device_info",
        "Skipping undefined field. BaseType: 2, FieldDefId: 9, Reported size: 1, Glob msg: device_info",
        "Skipping undefined field. BaseType: 134, FieldDefId: 8, Reported size: 4, Glob msg: device_info",
        "Skipping undefined field. BaseType: 134, FieldDefId: 15, Reported size: 4, Glob msg: device_info",
        "Skipping undefined field. BaseType: 134, FieldDefId: 16, Reported size: 4, Glob msg: device_info",
        "Skipping undefined field. BaseType: 2, FieldDefId: 9, Reported size: 1, Glob msg: device_info",
        "Skipping undefined field. BaseType: 134, FieldDefId: 8, Reported size: 4, Glob msg: device_info",
        "Skipping undefined field. BaseType: 134, FieldDefId: 15, Reported size: 4, Glob msg: device_info",
        "Skipping undefined field. BaseType: 134, FieldDefId: 16, Reported size: 4, Glob msg: device_info",
        "Skipping undefined field. BaseType: 2, FieldDefId: 9, Reported size: 1, Glob msg: device_info",
        "Skipping undefined field. BaseType: 134, FieldDefId: 253, Reported size: 4, Glob msg: undefined",
        "Skipping undefined field. BaseType: 132, FieldDefId: 0, Reported size: 2, Glob msg: undefined",
        "Skipping undefined field. BaseType: 131, FieldDefId: 1, Reported size: 2, Glob msg: undefined",
        "Skipping undefined field. BaseType: 2, FieldDefId: 2, Reported size: 1, Glob msg: undefined",
        "Skipping undefined field. BaseType: 1, FieldDefId: 3, Reported size: 1, Glob msg: undefined",
        "Skipping undefined field. BaseType: 134, FieldDefId: 8, Reported size: 4, Glob msg: device_info",
        "Skipping undefined field. BaseType: 134, FieldDefId: 15, Reported size: 4, Glob msg: device_info",
        "Skipping undefined field. BaseType: 134, FieldDefId: 16, Reported size: 4, Glob msg: device_info",
        "Skipping undefined field. BaseType: 2, FieldDefId: 9, Reported size: 1, Glob msg: device_info",
        "Skipping undefined field. BaseType: 134, FieldDefId: 8, Reported size: 4, Glob msg: device_info",
        "Skipping undefined field. BaseType: 134, FieldDefId: 15, Reported size: 4, Glob msg: device_info",
        "Skipping undefined field. BaseType: 134, FieldDefId: 16, Reported size: 4, Glob msg: device_info",
        "Skipping undefined field. BaseType: 2, FieldDefId: 9, Reported size: 1, Glob msg: device_info",
        "Skipping undefined field. BaseType: 134, FieldDefId: 253, Reported size: 4, Glob msg: undefined",
        "Skipping undefined field. BaseType: 132, FieldDefId: 0, Reported size: 2, Glob msg: undefined",
        "Skipping undefined field. BaseType: 131, FieldDefId: 1, Reported size: 2, Glob msg: undefined",
        "Skipping undefined field. BaseType: 2, FieldDefId: 2, Reported size: 1, Glob msg: undefined",
        "Skipping undefined field. BaseType: 1, FieldDefId: 3, Reported size: 1, Glob msg: undefined",
        "Skipping undefined field. BaseType: 133, FieldDefId: 27, Reported size: 4, Glob msg: lap",
        "Skipping undefined field. BaseType: 133, FieldDefId: 28, Reported size: 4, Glob msg: lap",
        "Skipping undefined field. BaseType: 133, FieldDefId: 29, Reported size: 4, Glob msg: lap",
        "Skipping undefined field. BaseType: 133, FieldDefId: 30, Reported size: 4, Glob msg: lap",
        "Skipping undefined field. BaseType: 134, FieldDefId: 253, Reported size: 4, Glob msg: undefined",
        "Skipping undefined field. BaseType: 132, FieldDefId: 0, Reported size: 2, Glob msg: undefined",
        "Skipping undefined field. BaseType: 131, FieldDefId: 1, Reported size: 2, Glob msg: undefined",
        "Skipping undefined field. BaseType: 2, FieldDefId: 2, Reported size: 1, Glob msg: undefined",
        "Skipping undefined field. BaseType: 1, FieldDefId: 3, Reported size: 1, Glob msg: undefined"
    ]
}