{
    "activity": {
        "timestamp": "2015-08-26T16:50:17.000Z",
        "num_sessions": 1
    },
    "sessions": [
        {
            "start_time": "2015-08-26T16:50:17.000Z",
            "sport": 1
        }
    ],
    "_fileHeader_": {
        "headerSize": 12,
        "protocolVersion": 1,
        "profileVersion": 256,
        "dataSize": 0,
        "protocolVersionMajor": 0,
        "protocolVersionMinor": 1,
        "profileVersionMajor": 2,
        "profileVersionMinor": 56,
        "estimatedFitFileSize": 14,
        "dataType": ".FIT",
        "CRC": 65535,
        "verifyCRC": 32639
    },
    "_errors_": [
        "Verification of CRC gives a value of (MSBLSB=bigendian) : 7f7f that does not match CRC stored at end of file."
    ]
}