{
    "file_id": {
        "serial_number": 3895741698,
        "time_created": 809452486,
        "manufacturer": 1,
        "product": 1765,
        "type": 4
    },
    "file_creator": {
        "software_version": 520
    },
    "device_info": {
        "timestamp": 809452914,
        "device_index": 5,
        "device_type": 3
    },
    "undefined": {},
    "sport": {
        "sport": 1
    },
    "activity": {
        "timestamp": "2015-08-25T16:05:10.000Z",
        "total_timer_time": 428.176,
        "local_timestamp": "2015-08-25T18:05:10.000Z",
        "num_sessions": 1,
        "event": 26,
        "event_type": 1
    },
    "records": [
        {
            "timestamp": "2015-08-25T15:54:46.000Z",
            "position_lat": 59.307703441008925,
            "position_long": 18.105010595172644,
            "distance": 1.4,
            "altitude": 52.799999999999955,
            "speed": 1.773,
            "vertical_oscillation": 49.7,
            "heart_rate": 82,
            "cadence": 53,
            "activity_type": 6
        },
        {
            "timestamp": "2015-08-25T15:54:47.000Z",
            "position_lat": 59.30770059116185,
            "position_long": 18.10503297485411,
            "distance": 2.71,
            "altitude": 53.200000000000045,
            "speed": 1.754,
            "vertical_oscillation": 49.7,
            "heart_rate": 82,
            "cadence": 54,
            "activity_type": 6,
            "fractional_cadence": 0.5
        },
        {
            "timestamp": "2015-08-25T15:54:49.000Z",
            "position_lat": 59.30769338272512,
            "position_long": 18.105102125555277,
            "distance": 6.73,
            "altitude": 53,
            "speed": 1.726,
            "vertical_oscillation": 151.2,
            "stance_time_percent": 50,
            "stance_time": 552,
            "heart_rate": 82,
            "cadence": 57,
            "activity_type": 1
        },
        {
            "timestamp": "2015-08-25T15:54:51.000Z",
            "position_lat": 59.30767687037587,
            "position_long": 18.105199774727225,
            "distance": 12.59,
            "altitude": 52,
            "speed": 1.773,
            "vertical_oscillation": 127.7,
            "stance_time_percent": 36.5,
            "stance_time": 281,
            "heart_rate": 89,
            "cadence": 78,
            "activity_type": 1
        },
        {
            "timestamp": "2015-08-25T15:54:52.000Z",
            "position_lat": 59.3076668959111,
            "position_long": 18.10525040142238,
            "distance": 15.68,
            "altitude": 51.39999999999998,
            "speed": 1.819,
            "vertical_oscillation": 115,
            "stance_time_percent": 35.75,
            "stance_time": 275,
            "heart_rate": 90,
            "cadence": 78,
            "activity_type": 1,
            "fractional_cadence": 0.5
        },
        {
            "timestamp": "2015-08-25T15:54:53.000Z",
            "position_lat": 59.30765432305634,
            "position_long": 18.105299016460776,
            "distance": 18.78,
            "altitude": 50.60000000000002,
            "speed": 1.885,
            "vertical_oscillation": 96.5,
            "stance_time_percent": 35.75,
            "stance_time": 274,
            "heart_rate": 93,
            "cadence": 78,
            "activity_type": 1,
            "fractional_cadence": 0.5
        },
        {
            "timestamp": "2015-08-25T15:54:54.000Z",
            "position_lat": 59.30764342658222,
            "position_long": 18.105351151898503,
            "distance": 21.97,
            "altitude": 50.200000000000045,
            "speed": 1.95,
            "vertical_oscillation": 96.5,
            "stance_time_percent": 35.25,
            "stance_time": 270,
            "heart_rate": 96,
            "cadence": 78,
            "activity_type": 1,
            "fractional_cadence": 0.5
        },
        {
            "timestamp": "2015-08-25T15:54:56.000Z",
            "position_lat": 59.307625656947494,
            "position_long": 18.10545701533556,
            "distance": 28.29,
            "altitude": 49.60000000000002,
            "speed": 2.062,
            "vertical_oscillation": 98.5,
            "stance_time_percent": 35.25,
            "stance_time": 266,
            "heart_rate": 99,
            "cadence": 79,
            "activity_type": 1,
            "fractional_cadence": 0.5
        },
        {
            "timestamp": "2015-08-25T15:54:58.000Z",
            "position_lat": 59.30761266499758,
            "position_long": 18.105562962591648,
            "distance": 34.45,
            "altitude": 49.799999999999955,
            "speed": 2.174,
            "vertical_oscillation": 94.5,
            "stance_time_percent": 34.75,
            "stance_time": 262,
            "heart_rate": 102,
            "cadence": 79,
            "activity_type": 1,
            "fractional_cadence": 0.5
        },
        {
            "timestamp": "2015-08-25T15:55:00.000Z",
            "position_lat": 59.30761559866369,
            "position_long": 18.1056622043252,
            "distance": 40.12,
            "altitude": 49.60000000000002,
            "speed": 2.249,
            "vertical_oscillation": 91.7,
            "stance_time_percent": 35,
            "stance_time": 262,
            "heart_rate": 104,
            "cadence": 80,
            "activity_type": 1,
            "fractional_cadence": 0.5
        },
        {
            "timestamp": "2015-08-25T15:55:02.000Z",
            "position_lat": 59.307638984173536,
            "position_long": 18.105739317834377,
            "distance": 45.33,
            "altitude": 50.200000000000045,
            "speed": 2.277,
            "vertical_oscillation": 92.7,
            "stance_time_percent": 34.75,
            "stance_time": 261,
            "heart_rate": 105,
            "cadence": 80,
            "activity_type": 1
        },
        {
            "timestamp": "2015-08-25T15:55:05.000Z",
            "position_lat": 59.30771090090275,
            "position_long": 18.10583529062569,
            "distance": 55.04,
            "altitude": 50.39999999999998,
            "speed": 2.314,
            "vertical_oscillation": 96.5,
            "stance_time_percent": 36,
            "stance_time": 270,
            "heart_rate": 108,
            "cadence": 80,
            "activity_type": 1
        },
        {
            "timestamp": "2015-08-25T15:55:10.000Z",
            "position_lat": 59.30782598443329,
            "position_long": 18.105989350005984,
            "distance": 70.57,
            "altitude": 51.39999999999998,
            "speed": 2.566,
            "vertical_oscillation": 94.5,
            "stance_time_percent": 33.75,
            "stance_time": 254,
            "heart_rate": 111,
            "cadence": 80,
            "activity_type": 1
        },
        {
            "timestamp": "2015-08-25T15:55:11.000Z",
            "position_lat": 59.307837802916765,
            "position_long": 18.106033774092793,
            "distance": 73.4,
            "altitude": 51.60000000000002,
            "speed": 2.594,
            "vertical_oscillation": 95.5,
            "stance_time_percent": 33.75,
            "stance_time": 256,
            "heart_rate": 111,
            "cadence": 79,
            "activity_type": 1,
            "fractional_cadence": 0.5
        },
        {
            "timestamp": "2015-08-25T15:55:15.000Z",
            "position_lat": 59.307813830673695,
            "position_long": 18.106230329722166,
            "distance": 85.04,
            "altitude": 52.60000000000002,
            "speed": 2.678,
            "vertical_oscillation": 95.5,
            "stance_time_percent": 32.25,
            "stance_time": 246,
            "heart_rate": 113,
            "cadence": 78,
            "activity_type": 1,
            "fractional_cadence": 0.5
        },
        {
            "timestamp": "2015-08-25T15:55:22.000Z",
            "position_lat": 59.30774853564799,
            "position_long": 18.106584548950195,
            "distance": 106.46,
            "altitude": 53.39999999999998,
            "speed": 2.799,
            "vertical_oscillation": 93.7,
            "stance_time_percent": 36.5,
            "stance_time": 273,
            "heart_rate": 116,
            "cadence": 79,
            "activity_type": 1,
            "fractional_cadence": 0.5
        },
        {
            "timestamp": "2015-08-25T15:55:24.000Z",
            "position_lat": 59.30771827697754,
            "position_long": 18.106666188687086,
            "distance": 112.23,
            "altitude": 53.60000000000002,
            "speed": 2.827,
            "vertical_oscillation": 93.7,
            "stance_time_percent": 36,
            "stance_time": 267,
            "heart_rate": 118,
            "cadence": 79,
            "activity_type": 1,
            "fractional_cadence": 0.5
        },
        {
            "timestamp": "2015-08-25T15:55:26.000Z",
            "position_lat": 59.30767150595784,
            "position_long": 18.106691166758537,
            "distance": 117.64,
            "altitude": 53.799999999999955,
            "speed": 2.855,
            "vertical_oscillation": 92.7,
            "stance_time_percent": 35.5,
            "stance_time": 265,
            "heart_rate": 121,
            "cadence": 79,
            "activity_type": 1,
            "fractional_cadence": 0.5
        },
        {
            "timestamp": "2015-08-25T15:55:31.000Z",
            "position_lat": 59.30754200555384,
            "position_long": 18.1067069247365,
            "distance": 132.08,
            "altitude": 54.60000000000002,
            "speed": 2.883,
            "vertical_oscillation": 90.7,
            "stance_time_percent": 33.75,
            "stance_time": 254,
            "heart_rate": 124,
            "cadence": 80,
            "activity_type": 1,
            "fractional_cadence": 0.5
        },
        {
            "timestamp": "2015-08-25T15:55:38.000Z",
            "position_lat": 59.30736942216754,
            "position_long": 18.10671664774418,
            "distance": 151.09,
            "altitude": 55,
            "speed": 2.911,
            "vertical_oscillation": 94.5,
            "stance_time_percent": 34,
            "stance_time": 252,
            "heart_rate": 126,
            "cadence": 80,
            "activity_type": 1,
            "fractional_cadence": 0.5
        },
        {
            "timestamp": "2015-08-25T15:55:45.000Z",
            "position_lat": 59.307186445221305,
            "position_long": 18.106738021597266,
            "distance": 171.49,
            "altitude": 55.39999999999998,
            "speed": 2.902,
            "vertical_oscillation": 88.7,
            "stance_time_percent": 35,
            "stance_time": 262,
            "heart_rate": 128,
            "cadence": 80,
            "activity_type": 1
        },
        {
            "timestamp": "2015-08-25T15:55:52.000Z",
            "position_lat": 59.30700397118926,
            "position_long": 18.10678211040795,
            "distance": 191.96,
            "altitude": 55.60000000000002,
            "speed": 2.893,
            "vertical_oscillation": 87.7,
            "stance_time_percent": 35.5,
            "stance_time": 263,
            "heart_rate": 129,
            "cadence": 80,
            "activity_type": 1,
            "fractional_cadence": 0.5
        },
        {
            "timestamp": "2015-08-25T15:56:00.000Z",
            "position_lat": 59.30680993013084,
            "position_long": 18.106795186176896,
            "distance": 213.47,
            "altitude": 55.799999999999955,
            "speed": 2.893,
            "vertical_oscillation": 90.7,
            "stance_time_percent": 35.25,
            "stance_time": 264,
            "heart_rate": 130,
            "cadence": 80,
            "activity_type": 1,
            "fractional_cadence": 0.5
        },
        {
            "timestamp": "2015-08-25T15:56:02.000Z",
            "position_lat": 59.30675779469311,
            "position_long": 18.106803987175226,
            "distance": 219.29,
            "altitude": 56,
            "speed": 2.874,
            "vertical_oscillation": 87.7,
            "stance_time_percent": 36,
            "stance_time": 268,
            "heart_rate": 130,
            "cadence": 80,
            "activity_type": 1,
            "fractional_cadence": 0.5
        },
        {
            "timestamp": "2015-08-25T15:56:09.000Z",
            "position_lat": 59.30657775141299,
            "position_long": 18.10683600604534,
            "distance": 239.43,
            "altitude": 55.799999999999955,
            "speed": 2.846,
            "vertical_oscillation": 84.7,
            "stance_time_percent": 35,
            "stance_time": 258,
            "heart_rate": 130,
            "cadence": 81,
            "activity_type": 1
        },
        {
            "timestamp": "2015-08-25T15:56:16.000Z",
            "position_lat": 59.30639083497226,
            "position_long": 18.10676358640194,
            "distance": 260.68,
            "altitude": 56.200000000000045,
            "speed": 2.865,
            "vertical_oscillation": 94.5,
            "stance_time_percent": 35,
            "stance_time": 256,
            "heart_rate": 131,
            "cadence": 81,
            "activity_type": 1,
            "fractional_cadence": 0.5
        },
        {
            "timestamp": "2015-08-25T15:56:18.000Z",
            "position_lat": 59.306344985961914,
            "position_long": 18.106732992455363,
            "distance": 266,
            "altitude": 56.200000000000045,
            "speed": 2.874,
            "vertical_oscillation": 91.7,
            "stance_time_percent": 34,
            "stance_time": 249,
            "heart_rate": 131,
            "cadence": 81,
            "activity_type": 1,
            "fractional_cadence": 0.5
        },
        {
            "timestamp": "2015-08-25T15:56:26.000Z",
            "position_lat": 59.30634465068579,
            "position_long": 18.10635949485004,
            "distance": 287.94,
            "altitude": 56,
            "speed": 2.865,
            "vertical_oscillation": 93.7,
            "stance_time_percent": 35.25,
            "stance_time": 265,
            "heart_rate": 132,
            "cadence": 79,
            "activity_type": 1,
            "fractional_cadence": 0.5
        },
        {
            "timestamp": "2015-08-25T15:56:33.000Z",
            "position_lat": 59.306363090872765,
            "position_long": 18.105999575927854,
            "distance": 308.54,
            "altitude": 55.799999999999955,
            "speed": 2.855,
            "vertical_oscillation": 99.5,
            "stance_time_percent": 35.25,
            "stance_time": 262,
            "heart_rate": 132,
            "cadence": 81,
            "activity_type": 1
        },
        {
            "timestamp": "2015-08-25T15:56:40.000Z",
            "position_lat": 59.30643366649747,
            "position_long": 18.105661030858755,
            "distance": 329.38,
            "altitude": 55.39999999999998,
            "speed": 2.874,
            "vertical_oscillation": 95.5,
            "stance_time_percent": 36.25,
            "stance_time": 270,
            "heart_rate": 130,
            "cadence": 79,
            "activity_type": 1,
            "fractional_cadence": 0.5
        },
        {
            "timestamp": "2015-08-25T15:56:47.000Z",
            "position_lat": 59.30651002563536,
            "position_long": 18.105308152735233,
            "distance": 351.12,
            "altitude": 55.60000000000002,
            "speed": 2.902,
            "vertical_oscillation": 95.5,
            "stance_time_percent": 36.25,
            "stance_time": 274,
            "heart_rate": 130,
            "cadence": 79,
            "activity_type": 1,
            "fractional_cadence": 0.5
        },
        {
            "timestamp": "2015-08-25T15:56:53.000Z",
            "position_lat": 59.30653835646808,
            "position_long": 18.10493666678667,
            "distance": 372.51,
            "altitude": 55.60000000000002,
            "speed": 2.939,
            "vertical_oscillation": 91.7,
            "stance_time_percent": 36,
            "stance_time": 272,
            "heart_rate": 130,
            "cadence": 80,
            "activity_type": 1
        },
        {
            "timestamp": "2015-08-25T15:56:59.000Z",
            "position_lat": 59.306577164679766,
            "position_long": 18.104556212201715,
            "distance": 394.62,
            "altitude": 55.39999999999998,
            "speed": 3.088,
            "vertical_oscillation": 91.7,
            "stance_time_percent": 35.75,
            "stance_time": 267,
            "heart_rate": 131,
            "cadence": 80,
            "activity_type": 1,
            "fractional_cadence": 0.5
        },
        {
            "timestamp": "2015-08-25T15:57:06.000Z",
            "position_lat": 59.306547828018665,
            "position_long": 18.10417290776968,
            "distance": 417.22,
            "altitude": 55.200000000000045,
            "speed": 3.21,
            "vertical_oscillation": 91.7,
            "stance_time_percent": 36.5,
            "stance_time": 269,
            "heart_rate": 132,
            "cadence": 81,
            "activity_type": 1,
            "fractional_cadence": 0.5
        },
        {
            "timestamp": "2015-08-25T15:57:13.000Z",
            "position_lat": 59.30646241642535,
            "position_long": 18.103799493983388,
            "distance": 440.52,
            "altitude": 55.39999999999998,
            "speed": 3.238,
            "vertical_oscillation": 94.5,
            "stance_time_percent": 35.75,
            "stance_time": 265,
            "heart_rate": 133,
            "cadence": 81,
            "activity_type": 1
        },
        {
            "timestamp": "2015-08-25T15:57:20.000Z",
            "position_lat": 59.30638203397393,
            "position_long": 18.103469414636493,
            "distance": 461.34,
            "altitude": 55.60000000000002,
            "speed": 3.238,
            "vertical_oscillation": 92.7,
            "stance_time_percent": 35.5,
            "stance_time": 265,
            "heart_rate": 132,
            "cadence": 80,
            "activity_type": 1,
            "fractional_cadence": 0.5
        },
        {
            "timestamp": "2015-08-25T15:57:27.000Z",
            "position_lat": 59.30630123242736,
            "position_long": 18.103128103539348,
            "distance": 482.77,
            "altitude": 55.60000000000002,
            "speed": 3.182,
            "vertical_oscillation": 92.7,
            "stance_time_percent": 36.25,
            "stance_time": 269,
            "heart_rate": 131,
            "cadence": 81,
            "activity_type": 1
        },
        {
            "timestamp": "2015-08-25T15:57:34.000Z",
            "position_lat": 59.30617148056626,
            "position_long": 18.102841190993786,
            "distance": 504.56,
            "altitude": 55.39999999999998,
            "speed": 3.135,
            "vertical_oscillation": 90.7,
            "stance_time_percent": 36.25,
            "stance_time": 268,
            "heart_rate": 132,
            "cadence": 81,
            "activity_type": 1
        },
        {
            "timestamp": "2015-08-25T15:57:41.000Z",
            "position_lat": 59.30601364932954,
            "position_long": 18.102621333673596,
            "distance": 526.26,
            "altitude": 55.60000000000002,
            "speed": 3.116,
            "vertical_oscillation": 86.7,
            "stance_time_percent": 34.75,
            "stance_time": 255,
            "heart_rate": 133,
            "cadence": 81,
            "activity_type": 1,
            "fractional_cadence": 0.5
        },
        {
            "timestamp": "2015-08-25T15:57:48.000Z",
            "position_lat": 59.30583335459232,
            "position_long": 18.102549584582448,
            "distance": 546.76,
            "altitude": 56.200000000000045,
            "speed": 3.098,
            "vertical_oscillation": 97.5,
            "stance_time_percent": 35.25,
            "stance_time": 265,
            "heart_rate": 132,
            "cadence": 79,
            "activity_type": 1,
            "fractional_cadence": 0.5
        },
        {
            "timestamp": "2015-08-25T15:57:55.000Z",
            "position_lat": 59.305658005177975,
            "position_long": 18.102419329807162,
            "distance": 567.68,
            "altitude": 56.39999999999998,
            "speed": 3.07,
            "vertical_oscillation": 92.7,
            "stance_time_percent": 35.25,
            "stance_time": 266,
            "heart_rate": 132,
            "cadence": 79,
            "activity_type": 1,
            "fractional_cadence": 0.5
        },
        {
            "timestamp": "2015-08-25T15:58:03.000Z",
            "position_lat": 59.30546103045344,
            "position_long": 18.102411786094308,
            "distance": 590.07,
            "altitude": 56,
            "speed": 3.042,
            "vertical_oscillation": 93.7,
            "stance_time_percent": 36.75,
            "stance_time": 276,
            "heart_rate": 131,
            "cadence": 80,
            "activity_type": 1
        },
        {
            "timestamp": "2015-08-25T15:58:10.000Z",
            "position_lat": 59.30532147176564,
            "position_long": 18.102629212662578,
            "distance": 610.52,
            "altitude": 56.200000000000045,
            "speed": 2.995,
            "vertical_oscillation": 92.7,
            "stance_time_percent": 36.25,
            "stance_time": 273,
            "heart_rate": 132,
            "cadence": 80,
            "activity_type": 1
        },
        {
            "timestamp": "2015-08-25T15:58:17.000Z",
            "position_lat": 59.305174704641104,
            "position_long": 18.10286683961749,
            "distance": 631.76,
            "altitude": 56.60000000000002,
            "speed": 2.995,
            "vertical_oscillation": 91.7,
            "stance_time_percent": 37,
            "stance_time": 278,
            "heart_rate": 131,
            "cadence": 79,
            "activity_type": 1,
            "fractional_cadence": 0.5
        },
        {
            "timestamp": "2015-08-25T15:58:24.000Z",
            "position_lat": 59.30504512041807,
            "position_long": 18.103106478229165,
            "distance": 651.8,
            "altitude": 56.60000000000002,
            "speed": 2.986,
            "vertical_oscillation": 92.7,
            "stance_time_percent": 35.25,
            "stance_time": 261,
            "heart_rate": 131,
            "cadence": 81,
            "activity_type": 1,
            "fractional_cadence": 0.5
        },
        {
            "timestamp": "2015-08-25T15:58:31.000Z",
            "position_lat": 59.3049278575927,
            "position_long": 18.103435719385743,
            "distance": 674.61,
            "altitude": 55.799999999999955,
            "speed": 2.986,
            "vertical_oscillation": 94.5,
            "stance_time_percent": 35.25,
            "stance_time": 263,
            "heart_rate": 132,
            "cadence": 81,
            "activity_type": 1
        },
        {
            "timestamp": "2015-08-25T15:58:38.000Z",
            "position_lat": 59.30481377989054,
            "position_long": 18.10371123254299,
            "distance": 694.75,
            "altitude": 55.60000000000002,
            "speed": 3.004,
            "vertical_oscillation": 92.7,
            "stance_time_percent": 36.5,
            "stance_time": 272,
            "heart_rate": 133,
            "cadence": 80,
            "activity_type": 1
        },
        {
            "timestamp": "2015-08-25T15:58:45.000Z",
            "position_lat": 59.304714957252145,
            "position_long": 18.104032929986715,
            "distance": 716.12,
            "altitude": 55.60000000000002,
            "speed": 3.004,
            "vertical_oscillation": 94.5,
            "stance_time_percent": 36.75,
            "stance_time": 276,
            "heart_rate": 134,
            "cadence": 79,
            "activity_type": 1,
            "fractional_cadence": 0.5
        },
        {
            "timestamp": "2015-08-25T15:58:51.000Z",
            "position_lat": 59.304610937833786,
            "position_long": 18.104319842532277,
            "distance": 736.14,
            "altitude": 56,
            "speed": 3.014,
            "vertical_oscillation": 94.5,
            "stance_time_percent": 36,
            "stance_time": 272,
            "heart_rate": 134,
            "cadence": 79,
            "activity_type": 1,
            "fractional_cadence": 0.5
        },
        {
            "timestamp": "2015-08-25T15:58:58.000Z",
            "position_lat": 59.30450951680541,
            "position_long": 18.104641875252128,
            "distance": 757.7,
            "altitude": 55.799999999999955,
            "speed": 3.042,
            "vertical_oscillation": 91.7,
            "stance_time_percent": 37,
            "stance_time": 278,
            "heart_rate": 133,
            "cadence": 79,
            "activity_type": 1,
            "fractional_cadence": 0.5
        },
        {
            "timestamp": "2015-08-25T15:59:06.000Z",
            "position_lat": 59.30439904332161,
            "position_long": 18.10497723519802,
            "distance": 780.44,
            "altitude": 55.799999999999955,
            "speed": 3.051,
            "vertical_oscillation": 93.7,
            "stance_time_percent": 37.75,
            "stance_time": 283,
            "heart_rate": 132,
            "cadence": 80,
            "activity_type": 1
        },
        {
            "timestamp": "2015-08-25T15:59:13.000Z",
            "position_lat": 59.304279601201415,
            "position_long": 18.105257526040077,
            "distance": 801.23,
            "altitude": 55.60000000000002,
            "speed": 3.032,
            "vertical_oscillation": 91.7,
            "stance_time_percent": 36.25,
            "stance_time": 271,
            "heart_rate": 133,
            "cadence": 80,
            "activity_type": 1
        },
        {
            "timestamp": "2015-08-25T15:59:24.000Z",
            "position_lat": 59.30416367948055,
            "position_long": 18.10559674166143,
            "distance": 824.23,
            "altitude": 55.799999999999955,
            "speed": 2.911,
            "vertical_oscillation": 92.7,
            "stance_time_percent": 38,
            "stance_time": 281,
            "heart_rate": 134,
            "cadence": 81,
            "activity_type": 1
        },
        {
            "timestamp": "2015-08-25T15:59:30.000Z",
            "position_lat": 59.3040612526238,
            "position_long": 18.105902513489127,
            "distance": 845.06,
            "altitude": 55.60000000000002,
            "speed": 2.846,
            "vertical_oscillation": 90.7,
            "stance_time_percent": 36.25,
            "stance_time": 274,
            "heart_rate": 135,
            "cadence": 80,
            "activity_type": 1
        },
        {
            "timestamp": "2015-08-25T15:59:36.000Z",
            "position_lat": 59.30393644608557,
            "position_long": 18.1061577424407,
            "distance": 865.43,
            "altitude": 55.799999999999955,
            "speed": 2.855,
            "vertical_oscillation": 90.7,
            "stance_time_percent": 36,
            "stance_time": 269,
            "heart_rate": 136,
            "cadence": 80,
            "activity_type": 1,
            "fractional_cadence": 0.5
        },
        {
            "timestamp": "2015-08-25T15:59:43.000Z",
            "position_lat": 59.30378356017172,
            "position_long": 18.10638975352049,
            "distance": 887.72,
            "altitude": 56.39999999999998,
            "speed": 2.93,
            "vertical_oscillation": 91.7,
            "stance_time_percent": 36.25,
            "stance_time": 270,
            "heart_rate": 136,
            "cadence": 80,
            "activity_type": 1,
            "fractional_cadence": 0.5
        },
        {
            "timestamp": "2015-08-25T15:59:50.000Z",
            "position_lat": 59.30367006920278,
            "position_long": 18.106737434864044,
            "distance": 911.2,
            "altitude": 56,
            "speed": 2.986,
            "vertical_oscillation": 85.7,
            "stance_time_percent": 35.5,
            "stance_time": 264,
            "heart_rate": 136,
            "cadence": 82,
            "activity_type": 1
        },
        {
            "timestamp": "2015-08-25T15:59:56.000Z",
            "position_lat": 59.30356336757541,
            "position_long": 18.107030214741826,
            "distance": 931.68,
            "altitude": 56,
            "speed": 3.032,
            "vertical_oscillation": 90.7,
            "stance_time_percent": 35.5,
            "stance_time": 263,
            "heart_rate": 136,
            "cadence": 81,
            "activity_type": 1,
            "fractional_cadence": 0.5
        },
        {
            "timestamp": "2015-08-25T16:00:03.000Z",
            "position_lat": 59.30344040505588,
            "position_long": 18.10735191218555,
            "distance": 954.62,
            "altitude": 56,
            "speed": 3.098,
            "vertical_oscillation": 91.7,
            "stance_time_percent": 36.5,
            "stance_time": 272,
            "heart_rate": 135,
            "cadence": 80,
            "activity_type": 1,
            "fractional_cadence": 0.5
        },
        {
            "timestamp": "2015-08-25T16:00:11.000Z",
            "position_lat": 59.30334904231131,
            "position_long": 18.10770319774747,
            "distance": 977.17,
            "altitude": 56.799999999999955,
            "speed": 3.126,
            "vertical_oscillation": 89.7,
            "stance_time_percent": 37.5,
            "stance_time": 283,
            "heart_rate": 136,
            "cadence": 79,
            "activity_type": 1,
            "fractional_cadence": 0.5
        },
        {
            "timestamp": "2015-08-25T16:00:12.000Z",
            "position_lat": 59.30334032513201,
            "position_long": 18.1077482085675,
            "distance": 979.9,
            "altitude": 57,
            "speed": 3.126,
            "vertical_oscillation": 91.7,
            "stance_time_percent": 37.75,
            "stance_time": 287,
            "heart_rate": 136,
            "cadence": 79,
            "activity_type": 1,
            "fractional_cadence": 0.5
        },
        {
            "timestamp": "2015-08-25T16:00:19.000Z",
            "position_lat": 59.30323840118945,
            "position_long": 18.10807795263827,
            "distance": 1002.19,
            "altitude": 57.799999999999955,
            "speed": 3.098,
            "vertical_oscillation": 94.5,
            "stance_time_percent": 36.5,
            "stance_time": 275,
            "heart_rate": 136,
            "cadence": 80,
            "activity_type": 1
        },
        {
            "timestamp": "2015-08-25T16:00:21.000Z",
            "position_lat": 59.30320244282484,
            "position_long": 18.108158754184842,
            "distance": 1008.3,
            "altitude": 58.200000000000045,
            "speed": 3.098,
            "vertical_oscillation": 91.7,
            "stance_time_percent": 37.5,
            "stance_time": 280,
            "heart_rate": 136,
            "cadence": 80,
            "activity_type": 1
        },
        {
            "timestamp": "2015-08-25T16:00:28.000Z",
            "position_lat": 59.30308844894171,
            "position_long": 18.108458491042256,
            "distance": 1029.55,
            "altitude": 59,
            "speed": 3.098,
            "vertical_oscillation": 85.7,
            "stance_time_percent": 36.5,
            "stance_time": 273,
            "heart_rate": 139,
            "cadence": 80,
            "activity_type": 1
        },
        {
            "timestamp": "2015-08-25T16:00:30.000Z",
            "position_lat": 59.30305257439613,
            "position_long": 18.108537532389164,
            "distance": 1035.57,
            "altitude": 59.200000000000045,
            "speed": 3.098,
            "vertical_oscillation": 85.7,
            "stance_time_percent": 37.75,
            "stance_time": 282,
            "heart_rate": 140,
            "cadence": 80,
            "activity_type": 1
        },
        {
            "timestamp": "2015-08-25T16:00:36.000Z",
            "position_lat": 59.3029420170933,
            "position_long": 18.108769711107016,
            "distance": 1053.64,
            "altitude": 60.200000000000045,
            "speed": 3.079,
            "vertical_oscillation": 83.7,
            "stance_time_percent": 38.25,
            "stance_time": 281,
            "heart_rate": 141,
            "cadence": 80,
            "activity_type": 1,
            "fractional_cadence": 0.5
        },
        {
            "timestamp": "2015-08-25T16:00:43.000Z",
            "position_lat": 59.30283481255174,
            "position_long": 18.10907824896276,
            "distance": 1074.93,
            "altitude": 61,
            "speed": 3.079,
            "vertical_oscillation": 87.7,
            "stance_time_percent": 35.75,
            "stance_time": 268,
            "heart_rate": 141,
            "cadence": 80,
            "activity_type": 1
        },
        {
            "timestamp": "2015-08-25T16:00:50.000Z",
            "position_lat": 59.30266331881285,
            "position_long": 18.109165001660585,
            "distance": 1095.18,
            "altitude": 60.799999999999955,
            "speed": 3.07,
            "vertical_oscillation": 88.7,
            "stance_time_percent": 37,
            "stance_time": 277,
            "heart_rate": 140,
            "cadence": 80,
            "activity_type": 1
        },
        {
            "timestamp": "2015-08-25T16:00:58.000Z",
            "position_lat": 59.30250129662454,
            "position_long": 18.108946150168777,
            "distance": 1117.34,
            "altitude": 60.799999999999955,
            "speed": 3.023,
            "vertical_oscillation": 95.5,
            "stance_time_percent": 34.75,
            "stance_time": 265,
            "heart_rate": 141,
            "cadence": 79,
            "activity_type": 1,
            "fractional_cadence": 0.5
        },
        {
            "timestamp": "2015-08-25T16:01:04.000Z",
            "position_lat": 59.302353439852595,
            "position_long": 18.10881438665092,
            "distance": 1135.7,
            "altitude": 61.39999999999998,
            "speed": 2.995,
            "vertical_oscillation": 90.7,
            "stance_time_percent": 36.5,
            "stance_time": 277,
            "heart_rate": 141,
            "cadence": 79,
            "activity_type": 1,
            "fractional_cadence": 0.5
        },
        {
            "timestamp": "2015-08-25T16:01:12.000Z",
            "position_lat": 59.302157973870635,
            "position_long": 18.108710115775466,
            "distance": 1158.27,
            "altitude": 62.39999999999998,
            "speed": 2.986,
            "vertical_oscillation": 86.7,
            "stance_time_percent": 37.5,
            "stance_time": 286,
            "heart_rate": 142,
            "cadence": 79,
            "activity_type": 1
        },
        {
            "timestamp": "2015-08-25T16:01:15.000Z",
            "position_lat": 59.302096869796515,
            "position_long": 18.108682120218873,
            "distance": 1165.26,
            "altitude": 63.60000000000002,
            "speed": 2.976,
            "vertical_oscillation": 113.2,
            "stance_time_percent": 37.25,
            "stance_time": 300,
            "heart_rate": 142,
            "cadence": 66,
            "activity_type": 1,
            "fractional_cadence": 0.5
        },
        {
            "timestamp": "2015-08-25T16:01:18.000Z",
            "position_lat": 59.30205705575645,
            "position_long": 18.108662590384483,
            "distance": 1169.84,
            "altitude": 64.79999999999995,
            "speed": 2.958,
            "vertical_oscillation": 106.2,
            "stance_time_percent": 38.5,
            "stance_time": 342,
            "heart_rate": 143,
            "cadence": 67,
            "activity_type": 1,
            "fractional_cadence": 0.5
        },
        {
            "timestamp": "2015-08-25T16:01:21.000Z",
            "position_lat": 59.30201447568834,
            "position_long": 18.10864331200719,
            "distance": 1174.7,
            "altitude": 66,
            "speed": 1.502,
            "vertical_oscillation": 81,
            "stance_time_percent": 41,
            "stance_time": 375,
            "heart_rate": 143,
            "cadence": 65,
            "activity_type": 1
        },
        {
            "timestamp": "2015-08-25T16:01:24.000Z",
            "position_lat": 59.30196669884026,
            "position_long": 18.108631744980812,
            "distance": 1180.06,
            "altitude": 67.39999999999998,
            "speed": 1.577,
            "vertical_oscillation": 92.7,
            "stance_time_percent": 39.25,
            "stance_time": 360,
            "heart_rate": 145,
            "cadence": 67,
            "activity_type": 1
        },
        {
            "timestamp": "2015-08-25T16:01:30.000Z",
            "position_lat": 59.30185102857649,
            "position_long": 18.108724365010858,
            "distance": 1194.42,
            "altitude": 68,
            "speed": 1.689,
            "vertical_oscillation": 86.7,
            "stance_time_percent": 37.5,
            "stance_time": 292,
            "heart_rate": 148,
            "cadence": 78,
            "activity_type": 1
        },
        {
            "timestamp": "2015-08-25T16:01:37.000Z",
            "position_lat": 59.30168749764562,
            "position_long": 18.10889937914908,
            "distance": 1215.24,
            "altitude": 68.20000000000005,
            "speed": 2.948,
            "vertical_oscillation": 85.7,
            "stance_time_percent": 37.5,
            "stance_time": 280,
            "heart_rate": 147,
            "cadence": 80,
            "activity_type": 1
        },
        {
            "timestamp": "2015-08-25T16:01:44.000Z",
            "position_lat": 59.30150946602225,
            "position_long": 18.10900390148163,
            "distance": 1235.94,
            "altitude": 67.60000000000002,
            "speed": 2.995,
            "vertical_oscillation": 88.7,
            "stance_time_percent": 35.5,
            "stance_time": 267,
            "heart_rate": 146,
            "cadence": 80,
            "activity_type": 1
        },
        {
            "timestamp": "2015-08-25T16:01:49.000Z",
            "position_lat": 59.30139044299722,
            "position_long": 18.109095599502325,
            "distance": 1250.24,
            "altitude": 66.39999999999998,
            "speed": 2.986,
            "vertical_oscillation": 87.7,
            "stance_time_percent": 35,
            "stance_time": 259,
            "heart_rate": 145,
            "cadence": 82,
            "activity_type": 1,
            "fractional_cadence": 0.5
        },
        {
            "timestamp": "2015-08-25T16:01:54.000Z",
            "position_lat": 59.3013034388423,
            "position_long": 18.109204564243555,
            "distance": 1261.76,
            "altitude": 65.60000000000002,
            "speed": 2.958,
            "vertical_oscillation": 89.7,
            "stance_time_percent": 37.75,
            "stance_time": 290,
            "heart_rate": 143,
            "cadence": 79,
            "activity_type": 1
        }
    ],
    "sessions": [
        {
            "timestamp": "2015-08-25T16:05:10.000Z",
            "start_time": "2015-08-25T15:54:46.000Z",
            "start_position_lat": 59.307703441008925,
            "start_position_long": 18.105010595172644,
            "total_elapsed_time": 428.176,
            "total_timer_time": 428.176,
            "total_distance": 1261.76,
            "total_cycles": 569,
            "nec_lat": 59.30784014984965,
            "nec_long": 18.109204564243555,
            "swc_lat": 59.3013034388423,
            "swc_long": 18.102379851043224,
            "total_calories": 91,
            "avg_speed": 2.947,
            "max_speed": 3.247,
            "total_ascent": 15,
            "total_descent": 3,
            "num_laps": 2,
            "avg_vertical_oscillation": 92.4,
            "avg_stance_time_percent": 36.15,
            "avg_stance_time": 272.6,
            "event": 9,
            "event_type": 1,
            "sport": 1,
            "avg_heart_rate": 132,
            "max_heart_rate": 148,
            "avg_cadence": 79,
            "max_cadence": 84,
            "total_training_effect": 1.8,
            "avg_fractional_cadence": 0.578125,
            "max_fractional_cadence": 0.5
        }
    ],
    "laps": [
        {
            "timestamp": "2015-08-25T16:00:19.000Z",
            "start_time": "2015-08-25T15:54:46.000Z",
            "start_position_lat": 59.307703441008925,
            "start_position_long": 18.105010595172644,
            "end_position_lat": 59.30323840118945,
            "end_position_long": 18.10807795263827,
            "total_elapsed_time": 332.898,
            "total_timer_time": 332.898,
            "total_distance": 1000,
            "total_cycles": 445,
            "total_calories": 69,
            "avg_speed": 3.004,
            "max_speed": 3.247,
            "total_ascent": 5,
            "total_descent": 3,
            "avg_vertical_oscillation": 92.8,
            "avg_stance_time_percent": 35.87,
            "avg_stance_time": 268.7,
            "event": 9,
            "event_type": 1,
            "avg_heart_rate": 129,
            "max_heart_rate": 137,
            "avg_cadence": 79,
            "max_cadence": 82,
            "lap_trigger": 2,
            "sport": 1,
            "avg_fractional_cadence": 0.90625
        },
        {
            "timestamp": "2015-08-25T16:05:10.000Z",
            "start_time": "2015-08-25T16:00:20.000Z",
            "start_position_lat": 59.3032184522599,
            "start_position_long": 18.108117347583175,
            "end_position_lat": 59.3013034388423,
            "end_position_long": 18.109204564243555,
            "total_elapsed_time": 95.278,
            "total_timer_time": 95.278,
            "total_distance": 261.76,
            "total_cycles": 124,
            "message_index": 1,
            "total_calories": 22,
            "avg_speed": 2.747,
            "max_speed": 3.098,
            "total_ascent": 10,
            "avg_vertical_oscillation": 90.8,
            "avg_stance_time_percent": 37.14,
            "avg_stance_time": 286.3,
            "event": 9,
            "event_type": 1,
            "avg_heart_rate": 142,
            "max_heart_rate": 148,
            "avg_cadence": 78,
            "max_cadence": 84,
            "lap_trigger": 7,
            "sport": 1,
            "avg_fractional_cadence": 0.4296875,
            "max_fractional_cadence": 0.5
        }
    ],
    "events": [
        {
            "timestamp": 809452486
        },
        {
            "timestamp": 809452819,
            "data": 100000,
            "event": 24,
            "event_type": 3,
            "event_group": 1
        },
        {
            "timestamp": 809452846,
            "data": 410,
            "event": 39,
            "event_type": 3
        },
        {
            "timestamp": 809452913,
            "data": 468,
            "event": 38,
            "event_type": 3
        },
        {
            "timestamp": 809452913,
            "data": 48,
            "event": 37,
            "event_type": 3
        },
        {
            "timestamp": 809452914,
            "event_type": 4
        },
        {
            "timestamp": 809453034,
            "data": 82,
            "event": 21,
            "event_type": 3
        }
    ],
    "_fileHeader_": {
        "headerSize": 14,
        "protocolVersion": 16,
        "profileVersion": 1425,
        "dataSize": 5209,
        "protocolVersionMajor": 1,
        "protocolVersionMinor": 0,
        "profileVersionMajor": 14,
        "profileVersionMinor": 25,
        "estimatedFitFileSize": 5225,
        "dataType": ".FIT",
        "headerCRC": 15002,
        "verifyHeaderCRC": 15002,
        "CRC": 64667,
        "verifyCRC": 64667
    },
    "_warnings_": [
        "Field size mismatch. Global message: sport, fieldDefId: 3, defined size: 1, reported size: 24",
        "Field size mismatch. Global message: lap, fieldDefId: 57, defined size: 4, reported size: 28",
        "Field size mismatch. Global message: lap, fieldDefId: 60, defined size: 4, reported size: 32",
        "Field size mismatch. Global message: lap, fieldDefId: 57, defined size: 4, reported size: 28",
        "Field size mismatch. Global message: lap, fieldDefId: 60, defined size: 4, reported size: 32",
        "Field size mismatch. Global message: session, fieldDefId: 65, defined size: 4, reported size: 28",
        "Field size mismatch. Global message: session, fieldDefId: 68, defined size: 4, reported size: 32"
    ],
    "_info_": [
        "Skipping undefined field. BaseType: 134, FieldDefId: 8, Reported size: 4, Glob msg: device_info",
        "Skipping undefined field. BaseType: 134, FieldDefId: 15, Reported size: 4, Glob msg: device_info",
        "Skipping undefined field. BaseType: 134, FieldDefId: 16, Reported size: 4, Glob msg: device_info",
        "Skipping undefined field. BaseType: 2, FieldDefId: 9, Reported size: 1, Glob msg: device_info",
        "Skipping undefined field. BaseType: 2, FieldDefId: 23, Reported size: 1, Glob msg: device_info",
        "Skipping undefined field. BaseType: 134, FieldDefId: 8, Reported size: 4, Glob msg: device_info",
        "Skipping undefined field. BaseType: 134, FieldDefId: 15, Reported size: 4, Glob msg: device_info",
        "Skipping undefined field. BaseType: 134, FieldDefId: 16, Reported size: 4, Glob msg: device_info",
        "Skipping undefined field. BaseType: 2, FieldDefId: 9, Reported size: 1, Glob msg: device_info",
        "Skipping undefined field. BaseType: 2, FieldDefId: 23, Reported size: 1, Glob msg: device_info",
        "Skipping undefined field. BaseType: 134, FieldDefId: 8, Reported size: 4, Glob msg: device_info",
        "Skipping undefined field. BaseType: 134, FieldDefId: 15, Reported size: 4, Glob msg: device_info",
        "Skipping undefined field. BaseType: 134, FieldDefId: 16, Reported size: 4, Glob msg: device_info",
        "Skipping undefined field. BaseType: 2, FieldDefId: 9, Reported size: 1, Glob msg: device_info",
        "Skipping undefined field. BaseType: 2, FieldDefId: 23, Reported size: 1, Glob msg: device_info",
        "Skipping undefined field. BaseType: 134, FieldDefId: 8, Reported size: 4, Glob msg: device_info",
        "Skipping undefined field. BaseType: 134, FieldDefId: 15, Reported size: 4, Glob msg: device_info",
        "Skipping undefined field. BaseType: 134, FieldDefId: 16, Reported size: 4, Glob msg: device_info",
        "Skipping undefined field. BaseType: 2, FieldDefId: 9, Reported size: 1, Glob msg: device_info",
        "Skipping undefined field. BaseType: 2, FieldDefId: 23, Reported size: 1, Glob msg: device_info",
        "Skipping undefined field. BaseType: 134, FieldDefId: 8, Reported size: 4, Glob msg: device_info",
        "Skipping undefined field. BaseType: 134, FieldDefId: 15, Reported size: 4, Glob msg: device_info",
        "Skipping undefined field. BaseType: 134, FieldDefId: 16, Reported size: 4, Glob msg: device_info",
        "Skipping undefined field. BaseType: 2, FieldDefId: 9, Reported size: 1, Glob msg: device_info",
        "Skipping undefined field. BaseType: 2, FieldDefId: 23, Reported size: 1, Glob msg: device_info",
        "Skipping undefined field. BaseType: 134, FieldDefId: 8, Reported size: 4, Glob msg: device_info",
        "Skipping undefined field. BaseType: 134, FieldDefId: 15, Reported size: 4, Glob msg: device_info",
        "Skipping undefined field. BaseType: 134, FieldDefId: 16, Reported size: 4, Glob msg: device_info",
        "Skipping undefined field. BaseType: 2, FieldDefId: 9, Reported size: 1, Glob msg: device_info",
        "Skipping undefined field. BaseType: 2, FieldDefId: 23, Reported size: 1, Glob msg: device_info",
        "Skipping undefined field. BaseType: 134, FieldDefId: 253, Reported size: 4, Glob msg: undefined",
        "Skipping undefined field. BaseType: 2, FieldDefId: 0, Reported size: 1, Glob msg: undefined",
        "Skipping undefined field. BaseType: 2, FieldDefId: 1, Reported size: 1, Glob msg: undefined",
        "Skipping undefined field. BaseType: 2, FieldDefId: 2, Reported size: 1, Glob msg: undefined",
        "Skipping undefined field. BaseType: 2, FieldDefId: 3, Reported size: 1, Glob msg: undefined",
        "Skipping undefined field. BaseType: 2, FieldDefId: 4, Reported size: 1, Glob msg: undefined",
        "Skipping undefined field. BaseType: 0, FieldDefId: 5, Reported size: 1, Glob msg: undefined",
        "Skipping undefined field. BaseType: 2, FieldDefId: 6, Reported size: 1, Glob msg: undefined",
        "Skipping undefined field. BaseType: 2, FieldDefId: 14, Reported size: 1, Glob msg: undefined",
        "Skipping undefined field. BaseType: 134, FieldDefId: 253, Reported size: 4, Glob msg: undefined",
        "Skipping undefined field. BaseType: 134, FieldDefId: 1, Reported size: 4, Glob msg: undefined",
        "Skipping undefined field. BaseType: 134, FieldDefId: 2, Reported size: 4, Glob msg: undefined",
        "Skipping undefined field. BaseType: 134, FieldDefId: 3, Reported size: 4, Glob msg: undefined",
        "Skipping undefined field. BaseType: 133, FieldDefId: 4, Reported size: 4, Glob msg: undefined",
        "Skipping undefined field. BaseType: 133, FieldDefId: 5, Reported size: 4, Glob msg: undefined",
        "Skipping undefined field. BaseType: 0, FieldDefId: 0, Reported size: 1, Glob msg: undefined",
        "Skipping undefined field. BaseType: 134, FieldDefId: 253, Reported size: 4, Glob msg: undefined",
        "Skipping undefined field. BaseType: 132, FieldDefId: 0, Reported size: 2, Glob msg: undefined",
        "Skipping undefined field. BaseType: 132, FieldDefId: 3, Reported size: 2, Glob msg: undefined",
        "Skipping undefined field. BaseType: 132, FieldDefId: 8, Reported size: 2, Glob msg: undefined",
        "Skipping undefined field. BaseType: 132, FieldDefId: 9, Reported size: 2, Glob msg: undefined",
        "Skipping undefined field. BaseType: 2, FieldDefId: 1, Reported size: 1, Glob msg: undefined",
        "Skipping undefined field. BaseType: 2, FieldDefId: 2, Reported size: 1, Glob msg: undefined",
        "Skipping undefined field. BaseType: 0, FieldDefId: 4, Reported size: 1, Glob msg: undefined",
        "Skipping undefined field. BaseType: 0, FieldDefId: 5, Reported size: 1, Glob msg: undefined",
        "Skipping undefined field. BaseType: 2, FieldDefId: 6, Reported size: 1, Glob msg: undefined",
        "Skipping undefined field. BaseType: 1, FieldDefId: 7, Reported size: 1, Glob msg: undefined",
        "Skipping undefined field. BaseType: 132, FieldDefId: 4, Reported size: 2, Glob msg: sport",
        "Skipping undefined field. BaseType: 0, FieldDefId: 5, Reported size: 1, Glob msg: sport",
        "Skipping undefined field. BaseType: 0, FieldDefId: 6, Reported size: 1, Glob msg: sport",
        "Skipping undefined field. BaseType: 2, FieldDefId: 10, Reported size: 3, Glob msg: sport",
        "Skipping undefined field. BaseType: 132, FieldDefId: 61, Reported size: 2, Glob msg: record",
        "Skipping undefined field. BaseType: 131, FieldDefId: 66, Reported size: 2, Glob msg: record",
        "Skipping undefined field. BaseType: 132, FieldDefId: 61, Reported size: 2, Glob msg: record",
        "Skipping undefined field. BaseType: 131, FieldDefId: 66, Reported size: 2, Glob msg: record",
        "Skipping undefined field. BaseType: 132, FieldDefId: 61, Reported size: 2, Glob msg: record",
        "Skipping undefined field. BaseType: 131, FieldDefId: 66, Reported size: 2, Glob msg: record",
        "Skipping undefined field. BaseType: 132, FieldDefId: 61, Reported size: 2, Glob msg: record",
        "Skipping undefined field. BaseType: 131, FieldDefId: 66, Reported size: 2, Glob msg: record",
        "Skipping undefined field. BaseType: 132, FieldDefId: 61, Reported size: 2, Glob msg: record",
        "Skipping undefined field. BaseType: 131, FieldDefId: 66, Reported size: 2, Glob msg: record",
        "Skipping undefined field. BaseType: 132, FieldDefId: 61, Reported size: 2, Glob msg: record",
        "Skipping undefined field. BaseType: 131, FieldDefId: 66, Reported size: 2, Glob msg: record",
        "Skipping undefined field. BaseType: 132, FieldDefId: 61, Reported size: 2, Glob msg: record",
        "Skipping undefined field. BaseType: 131, FieldDefId: 66, Reported size: 2, Glob msg: record",
        "Skipping undefined field. BaseType: 132, FieldDefId: 61, Reported size: 2, Glob msg: record",
        "Skipping undefined field. BaseType: 131, FieldDefId: 66, Reported size: 2, Glob msg: record",
        "Skipping undefined field. BaseType: 132, FieldDefId: 61, Reported size: 2, Glob msg: record",
        "Skipping undefined field. BaseType: 131, FieldDefId: 66, Reported size: 2, Glob msg: record",
        "Skipping undefined field. BaseType: 132, FieldDefId: 61, Reported size: 2, Glob msg: record",
        "Skipping undefined field. BaseType: 131, FieldDefId: 66, Reported size: 2, Glob msg: record",
        "Skipping undefined field. BaseType: 132, FieldDefId: 61, Reported size: 2, Glob msg: record",
        "Skipping undefined field. BaseType: 131, FieldDefId: 66, Reported size: 2, Glob msg: record",
        "Skipping undefined field. BaseType: 132, FieldDefId: 61, Reported size: 2, Glob msg: record",
        "Skipping undefined field. BaseType: 131, FieldDefId: 66, Reported size: 2, Glob msg: record",
        "Skipping undefined field. BaseType: 132, FieldDefId: 61, Reported size: 2, Glob msg: record",
        "Skipping undefined field. BaseType: 131, FieldDefId: 66, Reported size: 2, Glob msg: record",
        "Skipping undefined field. BaseType: 132, FieldDefId: 61, Reported size: 2, Glob msg: record",
        "Skipping undefined field. BaseType: 131, FieldDefId: 66, Reported size: 2, Glob msg: record",
        "Skipping undefined field. BaseType: 132, FieldDefId: 61, Reported size: 2, Glob msg: record",
        "Skipping undefined field. BaseType: 131, FieldDefId: 66, Reported size: 2, Glob msg: record",
        "Skipping undefined field. BaseType: 132, FieldDefId: 61, Reported size: 2, Glob msg: record",
        "Skipping undefined field. BaseType: 131, FieldDefId: 66, Reported size: 2, Glob msg: record",
        "Skipping undefined field. BaseType: 132, FieldDefId: 61, Reported size: 2, Glob msg: record",
        "Skipping undefined field. BaseType: 131, FieldDefId: 66, Reported size: 2, Glob msg: record",
        "Skipping undefined field. BaseType: 132, FieldDefId: 61, Reported size: 2, Glob msg: record",
        "Skipping undefined field. BaseType: 131, FieldDefId: 66, Reported size: 2, Glob msg: record",
        "Skipping undefined field. BaseType: 132, FieldDefId: 61, Reported size: 2, Glob msg: record",
        "Skipping undefined field. BaseType: 131, FieldDefId: 66, Reported size: 2, Glob msg: record",
        "Skipping undefined field. BaseType: 132, FieldDefId: 61, Reported size: 2, Glob msg: record",
        "Skipping undefined field. BaseType: 131, FieldDefId: 66, Reported size: 2, Glob msg: record",
        "Skipping undefined field. BaseType: 132, FieldDefId: 61, Reported size: 2, Glob msg: record",
        "Skipping undefined field. BaseType: 131, FieldDefId: 66, Reported size: 2, Glob msg: record",
        "Skipping undefined field. BaseType: 132, FieldDefId: 61, Reported size: 2, Glob msg: record",
        "Skipping undefined field. BaseType: 131, FieldDefId: 66, Reported size: 2, Glob msg: record",
        "Skipping undefined field. BaseType: 132, FieldDefId: 61, Reported size: 2, Glob msg: record",
        "Skipping undefined field. BaseType: 131, FieldDefId: 66, Reported size: 2, Glob msg: record",
        "Skipping undefined field. BaseType: 132, FieldDefId: 61, Reported size: 2, Glob msg: record",
        "Skipping undefined field. BaseType: 131, FieldDefId: 66, Reported size: 2, Glob msg: record",
        "Skipping undefined field. BaseType: 132, FieldDefId: 61, Reported size: 2, Glob msg: record",
        "Skipping undefined field. BaseType: 131, FieldDefId: 66, Reported size: 2, Glob msg: record",
        "Skipping undefined field. BaseType: 132, FieldDefId: 61, Reported size: 2, Glob msg: record",
        "Skipping undefined field. BaseType: 131, FieldDefId: 66, Reported size: 2, Glob msg: record",
        "Skipping undefined field. BaseType: 132, FieldDefId: 61, Reported size: 2, Glob msg: record",
        "Skipping undefined field. BaseType: 131, FieldDefId: 66, Reported size: 2, Glob msg: record",
        "Skipping undefined field. BaseType: 132, FieldDefId: 61, Reported size: 2, Glob msg: record",
        "Skipping undefined field. BaseType: 131, FieldDefId: 66, Reported size: 2, Glob msg: record",
        "Skipping undefined field. BaseType: 132, FieldDefId: 61, Reported size: 2, Glob msg: record",
        "Skipping undefined field. BaseType: 131, FieldDefId: 66, Reported size: 2, Glob msg: record",
        "Skipping undefined field. BaseType: 132, FieldDefId: 61, Reported size: 2, Glob msg: record",
        "Skipping undefined field. BaseType: 131, FieldDefId: 66, Reported size: 2, Glob msg: record",
        "Skipping undefined field. BaseType: 132, FieldDefId: 61, Reported size: 2, Glob msg: record",
        "Skipping undefined field. BaseType: 131, FieldDefId: 66, Reported size: 2, Glob msg: record",
        "Skipping undefined field. BaseType: 132, FieldDefId: 61, Reported size: 2, Glob msg: record",
        "Skipping undefined field. BaseType: 131, FieldDefId: 66, Reported size: 2, Glob msg: record",
        "Skipping undefined field. BaseType: 132, FieldDefId: 61, Reported size: 2, Glob msg: record",
        "Skipping undefined field. BaseType: 131, FieldDefId: 66, Reported size: 2, Glob msg: record",
        "Skipping undefined field. BaseType: 132, FieldDefId: 61, Reported size: 2, Glob msg: record",
        "Skipping undefined field. BaseType: 131, FieldDefId: 66, Reported size: 2, Glob msg: record",
        "Skipping undefined field. BaseType: 132, FieldDefId: 61, Reported size: 2, Glob msg: record",
        "Skipping undefined field. BaseType: 131, FieldDefId: 66, Reported size: 2, Glob msg: record",
        "Skipping undefined field. BaseType: 132, FieldDefId: 61, Reported size: 2, Glob msg: record",
        "Skipping undefined field. BaseType: 131, FieldDefId: 66, Reported size: 2, Glob msg: record",
        "Skipping undefined field. BaseType: 132, FieldDefId: 61, Reported size: 2, Glob msg: record",
        "Skipping undefined field. BaseType: 131, FieldDefId: 66, Reported size: 2, Glob msg: record",
        "Skipping undefined field. BaseType: 132, FieldDefId: 61, Reported size: 2, Glob msg: record",
        "Skipping undefined field. BaseType: 131, FieldDefId: 66, Reported size: 2, Glob msg: record",
        "Skipping undefined field. BaseType: 132, FieldDefId: 61, Reported size: 2, Glob msg: record",
        "Skipping undefined field. BaseType: 131, FieldDefId: 66, Reported size: 2, Glob msg: record",
        "Skipping undefined field. BaseType: 132, FieldDefId: 61, Reported size: 2, Glob msg: record",
        "Skipping undefined field. BaseType: 131, FieldDefId: 66, Reported size: 2, Glob msg: record",
        "Skipping undefined field. BaseType: 132, FieldDefId: 61, Reported size: 2, Glob msg: record",
        "Skipping undefined field. BaseType: 131, FieldDefId: 66, Reported size: 2, Glob msg: record",
        "Skipping undefined field. BaseType: 132, FieldDefId: 61, Reported size: 2, Glob msg: record",
        "Skipping undefined field. BaseType: 131, FieldDefId: 66, Reported size: 2, Glob msg: record",
        "Skipping undefined field. BaseType: 132, FieldDefId: 61, Reported size: 2, Glob msg: record",
        "Skipping undefined field. BaseType: 131, FieldDefId: 66, Reported size: 2, Glob msg: record",
        "Skipping undefined field. BaseType: 132, FieldDefId: 61, Reported size: 2, Glob msg: record",
        "Skipping undefined field. BaseType: 131, FieldDefId: 66, Reported size: 2, Glob msg: record",
        "Skipping undefined field. BaseType: 132, FieldDefId: 61, Reported size: 2, Glob msg: record",
        "Skipping undefined field. BaseType: 131, FieldDefId: 66, Reported size: 2, Glob msg: record",
        "Skipping undefined field. BaseType: 132, FieldDefId: 61, Reported size: 2, Glob msg: record",
        "Skipping undefined field. BaseType: 131, FieldDefId: 66, Reported size: 2, Glob msg: record",
        "Skipping undefined field. BaseType: 132, FieldDefId: 61, Reported size: 2, Glob msg: record",
        "Skipping undefined field. BaseType: 131, FieldDefId: 66, Reported size: 2, Glob msg: record",
        "Skipping undefined field. BaseType: 132, FieldDefId: 61, Reported size: 2, Glob msg: record",
        "Skipping undefined field. BaseType: 131, FieldDefId: 66, Reported size: 2, Glob msg: record",
        "Skipping undefined field. BaseType: 132, FieldDefId: 61, Reported size: 2, Glob msg: record",
        "Skipping undefined field. BaseType: 131, FieldDefId: 66, Reported size: 2, Glob msg: record",
        "Skipping undefined field. BaseType: 132, FieldDefId: 61, Reported size: 2, Glob msg: record",
        "Skipping undefined field. BaseType: 131, FieldDefId: 66, Reported size: 2, Glob msg: record",
        "Skipping undefined field. BaseType: 132, FieldDefId: 61, Reported size: 2, Glob msg: record",
        "Skipping undefined field. BaseType: 131, FieldDefId: 66, Reported size: 2, Glob msg: record",
        "Skipping undefined field. BaseType: 132, FieldDefId: 61, Reported size: 2, Glob msg: record",
        "Skipping undefined field. BaseType: 131, FieldDefId: 66, Reported size: 2, Glob msg: record",
        "Skipping undefined field. BaseType: 132, FieldDefId: 61, Reported size: 2, Glob msg: record",
        "Skipping undefined field. BaseType: 131, FieldDefId: 66, Reported size: 2, Glob msg: record",
        "Skipping undefined field. BaseType: 132, FieldDefId: 61, Reported size: 2, Glob msg: record",
        "Skipping undefined field. BaseType: 131, FieldDefId: 66, Reported size: 2, Glob msg: record",
        "Skipping undefined field. BaseType: 132, FieldDefId: 61, Reported size: 2, Glob msg: record",
        "Skipping undefined field. BaseType: 131, FieldDefId: 66, Reported size: 2, Glob msg: record",
        "Skipping undefined field. BaseType: 132, FieldDefId: 61, Reported size: 2, Glob msg: record",
        "Skipping undefined field. BaseType: 131, FieldDefId: 66, Reported size: 2, Glob msg: record",
        "Skipping undefined field. BaseType: 132, FieldDefId: 61, Reported size: 2, Glob msg: record",
        "Skipping undefined field. BaseType: 131, FieldDefId: 66, Reported size: 2, Glob msg: record",
        "Skipping undefined field. BaseType: 132, FieldDefId: 61, Reported size: 2, Glob msg: record",
        "Skipping undefined field. BaseType: 131, FieldDefId: 66, Reported size: 2, Glob msg: record",
        "Skipping undefined field. BaseType: 132, FieldDefId: 61, Reported size: 2, Glob msg: record",
        "Skipping undefined field. BaseType: 131, FieldDefId: 66, Reported size: 2, Glob msg: record",
        "Skipping undefined field. BaseType: 132, FieldDefId: 61, Reported size: 2, Glob msg: record",
        "Skipping undefined field. BaseType: 131, FieldDefId: 66, Reported size: 2, Glob msg: record",
        "Skipping undefined field. BaseType: 132, FieldDefId: 61, Reported size: 2, Glob msg: record",
        "Skipping undefined field. BaseType: 131, FieldDefId: 66, Reported size: 2, Glob msg: record",
        "Skipping undefined field. BaseType: 132, FieldDefId: 61, Reported size: 2, Glob msg: record",
        "Skipping undefined field. BaseType: 131, FieldDefId: 66, Reported size: 2, Glob msg: record",
        "Skipping undefined field. BaseType: 133, FieldDefId: 27, Reported size: 4, Glob msg: lap",
        "Skipping undefined field. BaseType: 133, FieldDefId: 28, Reported size: 4, Glob msg: lap",
        "Skipping undefined field. BaseType: 133, FieldDefId: 29, Reported size: 4, Glob msg: lap",
        "Skipping undefined field. BaseType: 133, FieldDefId: 30, Reported size: 4, Glob msg: lap",
        "Skipping undefined field. BaseType: 134, FieldDefId: 70, Reported size: 4, Glob msg: lap",
        "Skipping undefined field. BaseType: 134, FieldDefId: 98, Reported size: 4, Glob msg: lap",
        "Skipping undefined field. BaseType: 2, FieldDefId: 102, Reported size: 4, Glob msg: lap",
        "Skipping undefined field. BaseType: 2, FieldDefId: 103, Reported size: 4, Glob msg: lap",
        "Skipping undefined field. BaseType: 2, FieldDefId: 104, Reported size: 4, Glob msg: lap",
        "Skipping undefined field. BaseType: 2, FieldDefId: 105, Reported size: 4, Glob msg: lap",
        "Skipping undefined field. BaseType: 132, FieldDefId: 106, Reported size: 4, Glob msg: lap",
        "Skipping undefined field. BaseType: 132, FieldDefId: 107, Reported size: 4, Glob msg: lap",
        "Skipping undefined field. BaseType: 132, FieldDefId: 73, Reported size: 2, Glob msg: lap",
        "Skipping undefined field. BaseType: 132, FieldDefId: 90, Reported size: 2, Glob msg: lap",
        "Skipping undefined field. BaseType: 132, FieldDefId: 96, Reported size: 2, Glob msg: lap",
        "Skipping undefined field. BaseType: 132, FieldDefId: 97, Reported size: 2, Glob msg: lap",
        "Skipping undefined field. BaseType: 132, FieldDefId: 99, Reported size: 2, Glob msg: lap",
        "Skipping undefined field. BaseType: 0, FieldDefId: 72, Reported size: 1, Glob msg: lap",
        "Skipping undefined field. BaseType: 1, FieldDefId: 100, Reported size: 1, Glob msg: lap",
        "Skipping undefined field. BaseType: 1, FieldDefId: 101, Reported size: 1, Glob msg: lap",
        "Skipping undefined field. BaseType: 2, FieldDefId: 108, Reported size: 2, Glob msg: lap",
        "Skipping undefined field. BaseType: 2, FieldDefId: 109, Reported size: 2, Glob msg: lap",
        "Skipping undefined field. BaseType: 132, FieldDefId: 61, Reported size: 2, Glob msg: record",
        "Skipping undefined field. BaseType: 131, FieldDefId: 66, Reported size: 2, Glob msg: record",
        "Skipping undefined field. BaseType: 132, FieldDefId: 61, Reported size: 2, Glob msg: record",
        "Skipping undefined field. BaseType: 131, FieldDefId: 66, Reported size: 2, Glob msg: record",
        "Skipping undefined field. BaseType: 132, FieldDefId: 61, Reported size: 2, Glob msg: record",
        "Skipping undefined field. BaseType: 131, FieldDefId: 66, Reported size: 2, Glob msg: record",
        "Skipping undefined field. BaseType: 132, FieldDefId: 61, Reported size: 2, Glob msg: record",
        "Skipping undefined field. BaseType: 131, FieldDefId: 66, Reported size: 2, Glob msg: record",
        "Skipping undefined field. BaseType: 132, FieldDefId: 61, Reported size: 2, Glob msg: record",
        "Skipping undefined field. BaseType: 131, FieldDefId: 66, Reported size: 2, Glob msg: record",
        "Skipping undefined field. BaseType: 132, FieldDefId: 61, Reported size: 2, Glob msg: record",
        "Skipping undefined field. BaseType: 131, FieldDefId: 66, Reported size: 2, Glob msg: record",
        "Skipping undefined field. BaseType: 132, FieldDefId: 61, Reported size: 2, Glob msg: record",
        "Skipping undefined field. BaseType: 131, FieldDefId: 66, Reported size: 2, Glob msg: record",
        "Skipping undefined field. BaseType: 132, FieldDefId: 61, Reported size: 2, Glob msg: record",
        "Skipping undefined field. BaseType: 131, FieldDefId: 66, Reported size: 2, Glob msg: record",
        "Skipping undefined field. BaseType: 132, FieldDefId: 61, Reported size: 2, Glob msg: record",
        "Skipping undefined field. BaseType: 131, FieldDefId: 66, Reported size: 2, Glob msg: record",
        "Skipping undefined field. BaseType: 132, FieldDefId: 61, Reported size: 2, Glob msg: record",
        "Skipping undefined field. BaseType: 131, FieldDefId: 66, Reported size: 2, Glob msg: record",
        "Skipping undefined field. BaseType: 132, FieldDefId: 61, Reported size: 2, Glob msg: record",
        "Skipping undefined field. BaseType: 131, FieldDefId: 66, Reported size: 2, Glob msg: record",
        "Skipping undefined field. BaseType: 132, FieldDefId: 61, Reported size: 2, Glob msg: record",
        "Skipping undefined field. BaseType: 131, FieldDefId: 66, Reported size: 2, Glob msg: record",
        "Skipping undefined field. BaseType: 132, FieldDefId: 61, Reported size: 2, Glob msg: record",
        "Skipping undefined field. BaseType: 131, FieldDefId: 66, Reported size: 2, Glob msg: record",
        "Skipping undefined field. BaseType: 132, FieldDefId: 61, Reported size: 2, Glob msg: record",
        "Skipping undefined field. BaseType: 131, FieldDefId: 66, Reported size: 2, Glob msg: record",
        "Skipping undefined field. BaseType: 132, FieldDefId: 61, Reported size: 2, Glob msg: record",
        "Skipping undefined field. BaseType: 131, FieldDefId: 66, Reported size: 2, Glob msg: record",
        "Skipping undefined field. BaseType: 132, FieldDefId: 61, Reported size: 2, Glob msg: record",
        "Skipping undefined field. BaseType: 131, FieldDefId: 66, Reported size: 2, Glob msg: record",
        "Skipping undefined field. BaseType: 132, FieldDefId: 61, Reported size: 2, Glob msg: record",
        "Skipping undefined field. BaseType: 131, FieldDefId: 66, Reported size: 2, Glob msg: record",
        "Skipping undefined field. BaseType: 134, FieldDefId: 253, Reported size: 4, Glob msg: undefined",
        "Skipping undefined field. BaseType: 133, FieldDefId: 2, Reported size: 4, Glob msg: undefined",
        "Skipping undefined field. BaseType: 133, FieldDefId: 3, Reported size: 4, Glob msg: undefined",
        "Skipping undefined field. BaseType: 133, FieldDefId: 5, Reported size: 4, Glob msg: undefined",
        "Skipping undefined field. BaseType: 133, FieldDefId: 6, Reported size: 4, Glob msg: undefined",
        "Skipping undefined field. BaseType: 133, FieldDefId: 7, Reported size: 4, Glob msg: undefined",
        "Skipping undefined field. BaseType: 132, FieldDefId: 9, Reported size: 2, Glob msg: undefined",
        "Skipping undefined field. BaseType: 132, FieldDefId: 10, Reported size: 2, Glob msg: undefined",
        "Skipping undefined field. BaseType: 2, FieldDefId: 0, Reported size: 1, Glob msg: undefined",
        "Skipping undefined field. BaseType: 2, FieldDefId: 1, Reported size: 1, Glob msg: undefined",
        "Skipping undefined field. BaseType: 2, FieldDefId: 4, Reported size: 1, Glob msg: undefined",
        "Skipping undefined field. BaseType: 2, FieldDefId: 8, Reported size: 1, Glob msg: undefined",
        "Skipping undefined field. BaseType: 0, FieldDefId: 11, Reported size: 1, Glob msg: undefined",
        "Skipping undefined field. BaseType: 0, FieldDefId: 12, Reported size: 1, Glob msg: undefined",
        "Skipping undefined field. BaseType: 132, FieldDefId: 61, Reported size: 2, Glob msg: record",
        "Skipping undefined field. BaseType: 131, FieldDefId: 66, Reported size: 2, Glob msg: record",
        "Skipping undefined field. BaseType: 134, FieldDefId: 8, Reported size: 4, Glob msg: device_info",
        "Skipping undefined field. BaseType: 134, FieldDefId: 15, Reported size: 4, Glob msg: device_info",
        "Skipping undefined field. BaseType: 134, FieldDefId: 16, Reported size: 4, Glob msg: device_info",
        "Skipping undefined field. BaseType: 2, FieldDefId: 9, Reported size: 1, Glob msg: device_info",
        "Skipping undefined field. BaseType: 2, FieldDefId: 23, Reported size: 1, Glob msg: device_info",
        "Skipping undefined field. BaseType: 134, FieldDefId: 8, Reported size: 4, Glob msg: device_info",
        "Skipping undefined field. BaseType: 134, FieldDefId: 15, Reported size: 4, Glob msg: device_info",
        "Skipping undefined field. BaseType: 134, FieldDefId: 16, Reported size: 4, Glob msg: device_info",
        "Skipping undefined field. BaseType: 2, FieldDefId: 9, Reported size: 1, Glob msg: device_info",
        "Skipping undefined field. BaseType: 2, FieldDefId: 23, Reported size: 1, Glob msg: device_info",
        "Skipping undefined field. BaseType: 134, FieldDefId: 8, Reported size: 4, Glob msg: device_info",
        "Skipping undefined field. BaseType: 134, FieldDefId: 15, Reported size: 4, Glob msg: device_info",
        "Skipping undefined field. BaseType: 134, FieldDefId: 16, Reported size: 4, Glob msg: device_info",
        "Skipping undefined field. BaseType: 2, FieldDefId: 9, Reported size: 1, Glob msg: device_info",
        "Skipping undefined field. BaseType: 2, FieldDefId: 23, Reported size: 1, Glob msg: device_info",
        "Skipping undefined field. BaseType: 134, FieldDefId: 8, Reported size: 4, Glob msg: device_info",
        "Skipping undefined field. BaseType: 134, FieldDefId: 15, Reported size: 4, Glob msg: device_info",
        "Skipping undefined field. BaseType: 134, FieldDefId: 16, Reported size: 4, Glob msg: device_info",
        "Skipping undefined field. BaseType: 2, FieldDefId: 9, Reported size: 1, Glob msg: device_info",
        "Skipping undefined field. BaseType: 2, FieldDefId: 23, Reported size: 1, Glob msg: device_info",
        "Skipping undefined field. BaseType: 134, FieldDefId: 8, Reported size: 4, Glob msg: device_info",
        "Skipping undefined field. BaseType: 134, FieldDefId: 15, Reported size: 4, Glob msg: device_info",
        "Skipping undefined field. BaseType: 134, FieldDefId: 16, Reported size: 4, Glob msg: device_info",
        "Skipping undefined field. BaseType: 2, FieldDefId: 9, Reported size: 1, Glob msg: device_info",
        "Skipping undefined field. BaseType: 2, FieldDefId: 23, Reported size: 1, Glob msg: device_info",
        "Skipping undefined field. BaseType: 134, FieldDefId: 8, Reported size: 4, Glob msg: device_info",
        "Skipping undefined field. BaseType: 134, FieldDefId: 15, Reported size: 4, Glob msg: device_info",
        "Skipping undefined field. BaseType: 134, FieldDefId: 16, Reported size: 4, Glob msg: device_info",
        "Skipping undefined field. BaseType: 2, FieldDefId: 9, Reported size: 1, Glob msg: device_info",
        "Skipping undefined field. BaseType: 2, FieldDefId: 23, Reported size: 1, Glob msg: device_info",
        "Skipping undefined field. BaseType: 133, FieldDefId: 27, Reported size: 4, Glob msg: lap",
        "Skipping undefined field. BaseType: 133, FieldDefId: 28, Reported size: 4, Glob msg: lap",
        "Skipping undefined field. BaseType: 133, FieldDefId: 29, Reported size: 4, Glob msg: lap",
        "Skipping undefined field. BaseType: 133, FieldDefId: 30, Reported size: 4, Glob msg: lap",
        "Skipping undefined field. BaseType: 134, FieldDefId: 70, Reported size: 4, Glob msg: lap",
        "Skipping undefined field. BaseType: 134, FieldDefId: 98, Reported size: 4, Glob msg: lap",
        "Skipping undefined field. BaseType: 2, FieldDefId: 102, Reported size: 4, Glob msg: lap",
        "Skipping undefined field. BaseType: 2, FieldDefId: 103, Reported size: 4, Glob msg: lap",
        "Skipping undefined field. BaseType: 2, FieldDefId: 104, Reported size: 4, Glob msg: lap",
        "Skipping undefined field. BaseType: 2, FieldDefId: 105, Reported size: 4, Glob msg: lap",
        "Skipping undefined field. BaseType: 132, FieldDefId: 106, Reported size: 4, Glob msg: lap",
        "Skipping undefined field. BaseType: 132, FieldDefId: 107, Reported size: 4, Glob msg: lap",
        "Skipping undefined field. BaseType: 132, FieldDefId: 73, Reported size: 2, Glob msg: lap",
        "Skipping undefined field. BaseType: 132, FieldDefId: 90, Reported size: 2, Glob msg: lap",
        "Skipping undefined field. BaseType: 132, FieldDefId: 96, Reported size: 2, Glob msg: lap",
        "Skipping undefined field. BaseType: 132, FieldDefId: 97, Reported size: 2, Glob msg: lap",
        "Skipping undefined field. BaseType: 132, FieldDefId: 99, Reported size: 2, Glob msg: lap",
        "Skipping undefined field. BaseType: 0, FieldDefId: 72, Reported size: 1, Glob msg: lap",
        "Skipping undefined field. BaseType: 1, FieldDefId: 100, Reported size: 1, Glob msg: lap",
        "Skipping undefined field. BaseType: 1, FieldDefId: 101, Reported size: 1, Glob msg: lap",
        "Skipping undefined field. BaseType: 2, FieldDefId: 108, Reported size: 2, Glob msg: lap",
        "Skipping undefined field. BaseType: 2, FieldDefId: 109, Reported size: 2, Glob msg: lap",
        "Skipping undefined field. BaseType: 134, FieldDefId: 78, Reported size: 4, Glob msg: session",
        "Skipping undefined field. BaseType: 7, FieldDefId: 110, Reported size: 16, Glob msg: session",
        "Skipping undefined field. BaseType: 134, FieldDefId: 112, Reported size: 4, Glob msg: session",
        "Skipping undefined field. BaseType: 2, FieldDefId: 116, Reported size: 4, Glob msg: session",
        "Skipping undefined field. BaseType: 2, FieldDefId: 117, Reported size: 4, Glob msg: session",
        "Skipping undefined field. BaseType: 2, FieldDefId: 118, Reported size: 4, Glob msg: session",
        "Skipping undefined field. BaseType: 2, FieldDefId: 119, Reported size: 4, Glob msg: session",
        "Skipping undefined field. BaseType: 132, FieldDefId: 120, Reported size: 4, Glob msg: session",
        "Skipping undefined field. BaseType: 132, FieldDefId: 121, Reported size: 4, Glob msg: session",
        "Skipping undefined field. BaseType: 132, FieldDefId: 33, Reported size: 2, Glob msg: session",
        "Skipping undefined field. BaseType: 132, FieldDefId: 45, Reported size: 2, Glob msg: session",
        "Skipping undefined field. BaseType: 132, FieldDefId: 79, Reported size: 2, Glob msg: session",
        "Skipping undefined field. BaseType: 132, FieldDefId: 80, Reported size: 2, Glob msg: session",
        "Skipping undefined field. BaseType: 132, FieldDefId: 107, Reported size: 2, Glob msg: session",
        "Skipping undefined field. BaseType: 132, FieldDefId: 108, Reported size: 2, Glob msg: session",
        "Skipping undefined field. BaseType: 132, FieldDefId: 113, Reported size: 2, Glob msg: session",
        "Skipping undefined field. BaseType: 0, FieldDefId: 81, Reported size: 1, Glob msg: session",
        "Skipping undefined field. BaseType: 2, FieldDefId: 109, Reported size: 1, Glob msg: session",
        "Skipping undefined field. BaseType: 1, FieldDefId: 114, Reported size: 1, Glob msg: session",
        "Skipping undefined field. BaseType: 1, FieldDefId: 115, Reported size: 1, Glob msg: session",
        "Skipping undefined field. BaseType: 2, FieldDefId: 122, Reported size: 2, Glob msg: session",
        "Skipping undefined field. BaseType: 2, FieldDefId: 123, Reported size: 2, Glob msg: session",
        "Skipping undefined field. BaseType: 134, FieldDefId: 253, Reported size: 4, Glob msg: undefined",
        "Skipping undefined field. BaseType: 134, FieldDefId: 2, Reported size: 4, Glob msg: undefined",
        "Skipping undefined field. BaseType: 134, FieldDefId: 3, Reported size: 4, Glob msg: undefined",
        "Skipping undefined field. BaseType: 134, FieldDefId: 4, Reported size: 4, Glob msg: undefined",
        "Skipping undefined field. BaseType: 132, FieldDefId: 0, Reported size: 2, Glob msg: undefined",
        "Skipping undefined field. BaseType: 0, FieldDefId: 1, Reported size: 1, Glob msg: undefined",
        "Skipping undefined field. BaseType: 0, FieldDefId: 5, Reported size: 1, Glob msg: undefined"
    ]
}