{
    "file_id": {
        "serial_number": 3854542148,
        "time_created": 809451198,
        "manufacturer": 1,
        "product": 1446,
        "type": 4
    },
    "file_creator": {
        "software_version": 450
    },
    "device_info": {
        "timestamp": 809451647,
        "manufacturer": 1,
        "product": 1080,
        "software_version": 200.51,
        "device_index": 1,
        "device_type": 12
    },
    "undefined": {},
    "activity": {
        "timestamp": "2015-08-25T15:40:56.000Z",
        "total_timer_time": 449.875,
        "num_sessions": 1,
        "event": 26,
        "event_type": 1
    },
    "records": [
        {
            "timestamp": "2015-08-25T15:33:17.000Z",
            "position_lat": 56.189597407355905,
            "position_long": 15.59613011777401,
            "distance": 1.4,
            "altitude": 11.199999999999989,
            "speed": 1.065
        },
        {
            "timestamp": "2015-08-25T15:33:22.000Z",
            "position_lat": 56.189706875011325,
            "position_long": 15.596195664256811,
            "distance": 14.26,
            "altitude": 11,
            "speed": 1.788
        },
        {
            "timestamp": "2015-08-25T15:33:29.000Z",
            "position_lat": 56.18985992856324,
            "position_long": 15.596286691725254,
            "distance": 32.29,
            "altitude": 10.800000000000011,
            "speed": 2.561
        },
        {
            "timestamp": "2015-08-25T15:33:31.000Z",
            "position_lat": 56.18989781476557,
            "position_long": 15.596282333135605,
            "distance": 36.79,
            "altitude": 10.800000000000011,
            "speed": 2.549
        },
        {
            "timestamp": "2015-08-25T15:33:34.000Z",
            "position_lat": 56.189958499744534,
            "position_long": 15.596237825229764,
            "distance": 44.12,
            "altitude": 10.600000000000023,
            "speed": 2.458
        },
        {
            "timestamp": "2015-08-25T15:33:35.000Z",
            "position_lat": 56.18997987359762,
            "position_long": 15.59621804393828,
            "distance": 46.8,
            "altitude": 10.600000000000023,
            "speed": 2.458
        },
        {
            "timestamp": "2015-08-25T15:33:36.000Z",
            "position_lat": 56.18998607620597,
            "position_long": 15.596192982047796,
            "distance": 48.41,
            "altitude": 10.600000000000023,
            "speed": 2.313
        },
        {
            "timestamp": "2015-08-25T15:33:39.000Z",
            "position_lat": 56.19000233709812,
            "position_long": 15.596114359796047,
            "distance": 53.68,
            "altitude": 10.399999999999977,
            "speed": 2.085
        },
        {
            "timestamp": "2015-08-25T15:33:40.000Z",
            "position_lat": 56.1900120601058,
            "position_long": 15.596087705343962,
            "distance": 55.66,
            "altitude": 10.399999999999977,
            "speed": 2.085
        },
        {
            "timestamp": "2015-08-25T15:33:41.000Z",
            "position_lat": 56.19003360159695,
            "position_long": 15.596079239621758,
            "distance": 58.11,
            "altitude": 10.399999999999977,
            "speed": 2.097
        },
        {
            "timestamp": "2015-08-25T15:33:43.000Z",
            "position_lat": 56.190044078975916,
            "position_long": 15.596110001206398,
            "distance": 60.28,
            "altitude": 10.199999999999989,
            "speed": 1.951
        },
        {
            "timestamp": "2015-08-25T15:33:45.000Z",
            "position_lat": 56.190062602981925,
            "position_long": 15.596139756962657,
            "distance": 63.02,
            "altitude": 10.199999999999989,
            "speed": 1.848
        },
        {
            "timestamp": "2015-08-25T15:33:46.000Z",
            "position_lat": 56.190063608810306,
            "position_long": 15.596162974834442,
            "distance": 64.37,
            "altitude": 10.199999999999989,
            "speed": 1.773
        },
        {
            "timestamp": "2015-08-25T15:33:47.000Z",
            "position_lat": 56.19007500819862,
            "position_long": 15.596208237111568,
            "distance": 67.41,
            "altitude": 10.199999999999989,
            "speed": 1.722
        },
        {
            "timestamp": "2015-08-25T15:33:50.000Z",
            "position_lat": 56.190094370394945,
            "position_long": 15.596313932910562,
            "distance": 74.34,
            "altitude": 10,
            "speed": 1.796
        },
        {
            "timestamp": "2015-08-25T15:33:53.000Z",
            "position_lat": 56.190100237727165,
            "position_long": 15.596452401950955,
            "distance": 83.09,
            "altitude": 10,
            "speed": 2.071
        },
        {
            "timestamp": "2015-08-25T15:33:58.000Z",
            "position_lat": 56.19007358327508,
            "position_long": 15.596672762185335,
            "distance": 97.46,
            "altitude": 9.800000000000011,
            "speed": 2.682
        },
        {
            "timestamp": "2015-08-25T15:33:59.000Z",
            "position_lat": 56.19005983695388,
            "position_long": 15.596715928986669,
            "distance": 100.52,
            "altitude": 9.800000000000011,
            "speed": 2.743
        },
        {
            "timestamp": "2015-08-25T15:34:05.000Z",
            "position_lat": 56.19003318250179,
            "position_long": 15.597025724127889,
            "distance": 120.08,
            "altitude": 9.800000000000011,
            "speed": 3.06
        },
        {
            "timestamp": "2015-08-25T15:34:11.000Z",
            "position_lat": 56.19000376202166,
            "position_long": 15.597305092960596,
            "distance": 137.75,
            "altitude": 9.800000000000011,
            "speed": 3.095
        },
        {
            "timestamp": "2015-08-25T15:34:18.000Z",
            "position_lat": 56.18996956385672,
            "position_long": 15.597639698535204,
            "distance": 158.91,
            "altitude": 9.800000000000011,
            "speed": 2.977
        },
        {
            "timestamp": "2015-08-25T15:34:24.000Z",
            "position_lat": 56.18995305150747,
            "position_long": 15.597900291904807,
            "distance": 175.27,
            "altitude": 9.800000000000011,
            "speed": 2.867
        },
        {
            "timestamp": "2015-08-25T15:34:32.000Z",
            "position_lat": 56.189951207488775,
            "position_long": 15.598254259675741,
            "distance": 197.33,
            "altitude": 10.199999999999989,
            "speed": 2.753
        },
        {
            "timestamp": "2015-08-25T15:34:36.000Z",
            "position_lat": 56.189999068155885,
            "position_long": 15.598395075649023,
            "distance": 208.03,
            "altitude": 10.199999999999989,
            "speed": 2.722
        },
        {
            "timestamp": "2015-08-25T15:34:37.000Z",
            "position_lat": 56.190018597990274,
            "position_long": 15.598417958244681,
            "distance": 210.63,
            "altitude": 10.399999999999977,
            "speed": 2.707
        },
        {
            "timestamp": "2015-08-25T15:34:44.000Z",
            "position_lat": 56.19016301818192,
            "position_long": 15.598485935479403,
            "distance": 227.53,
            "altitude": 10.399999999999977,
            "speed": 2.497
        },
        {
            "timestamp": "2015-08-25T15:34:52.000Z",
            "position_lat": 56.190342139452696,
            "position_long": 15.598540920764208,
            "distance": 247.95,
            "altitude": 10.600000000000023,
            "speed": 2.458
        },
        {
            "timestamp": "2015-08-25T15:34:59.000Z",
            "position_lat": 56.190490163862705,
            "position_long": 15.598604204133153,
            "distance": 264.97,
            "altitude": 10.800000000000011,
            "speed": 2.497
        },
        {
            "timestamp": "2015-08-25T15:35:02.000Z",
            "position_lat": 56.19054280221462,
            "position_long": 15.598556846380234,
            "distance": 271.43,
            "altitude": 11,
            "speed": 2.4
        },
        {
            "timestamp": "2015-08-25T15:35:04.000Z",
            "position_lat": 56.1905630864203,
            "position_long": 15.598526420071721,
            "distance": 274.36,
            "altitude": 11.199999999999989,
            "speed": 2.23
        },
        {
            "timestamp": "2015-08-25T15:35:05.000Z",
            "position_lat": 56.19058068841696,
            "position_long": 15.598524492233992,
            "distance": 276.33,
            "altitude": 11.199999999999989,
            "speed": 2.163
        },
        {
            "timestamp": "2015-08-25T15:35:08.000Z",
            "position_lat": 56.190622095018625,
            "position_long": 15.598549721762538,
            "distance": 281.25,
            "altitude": 11.399999999999977,
            "speed": 1.934
        },
        {
            "timestamp": "2015-08-25T15:35:09.000Z",
            "position_lat": 56.19063927792013,
            "position_long": 15.598559277132154,
            "distance": 283.25,
            "altitude": 11.399999999999977,
            "speed": 1.934
        },
        {
            "timestamp": "2015-08-25T15:35:10.000Z",
            "position_lat": 56.190656796097755,
            "position_long": 15.598538909107447,
            "distance": 285.45,
            "altitude": 11.600000000000023,
            "speed": 1.908
        },
        {
            "timestamp": "2015-08-25T15:35:13.000Z",
            "position_lat": 56.19071228429675,
            "position_long": 15.598483253270388,
            "distance": 292.38,
            "altitude": 11.800000000000011,
            "speed": 1.895
        },
        {
            "timestamp": "2015-08-25T15:35:16.000Z",
            "position_lat": 56.190774980932474,
            "position_long": 15.59845995157957,
            "distance": 299.61,
            "altitude": 11.800000000000011,
            "speed": 2.088
        },
        {
            "timestamp": "2015-08-25T15:35:19.000Z",
            "position_lat": 56.19082720018923,
            "position_long": 15.598473865538836,
            "distance": 305.5,
            "altitude": 12,
            "speed": 2.185
        },
        {
            "timestamp": "2015-08-25T15:35:25.000Z",
            "position_lat": 56.190952844917774,
            "position_long": 15.598517786711454,
            "distance": 319.76,
            "altitude": 12.200000000000045,
            "speed": 2.301
        },
        {
            "timestamp": "2015-08-25T15:35:31.000Z",
            "position_lat": 56.1910739634186,
            "position_long": 15.598576879128814,
            "distance": 333.75,
            "altitude": 12.399999999999977,
            "speed": 2.351
        },
        {
            "timestamp": "2015-08-25T15:35:37.000Z",
            "position_lat": 56.19121209718287,
            "position_long": 15.59864653274417,
            "distance": 349.73,
            "altitude": 12.600000000000023,
            "speed": 2.487
        },
        {
            "timestamp": "2015-08-25T15:35:41.000Z",
            "position_lat": 56.191297424957156,
            "position_long": 15.598698584362864,
            "distance": 359.7,
            "altitude": 12.799999999999955,
            "speed": 2.614
        },
        {
            "timestamp": "2015-08-25T15:35:47.000Z",
            "position_lat": 56.191442431882024,
            "position_long": 15.598760275170207,
            "distance": 376.3,
            "altitude": 13,
            "speed": 2.644
        },
        {
            "timestamp": "2015-08-25T15:35:53.000Z",
            "position_lat": 56.19158593006432,
            "position_long": 15.598813584074378,
            "distance": 392.7,
            "altitude": 13.200000000000045,
            "speed": 2.752
        },
        {
            "timestamp": "2015-08-25T15:35:57.000Z",
            "position_lat": 56.19165323674679,
            "position_long": 15.598743930459023,
            "distance": 401.66,
            "altitude": 13,
            "speed": 2.596
        },
        {
            "timestamp": "2015-08-25T15:36:03.000Z",
            "position_lat": 56.19172364473343,
            "position_long": 15.598576879128814,
            "distance": 414.58,
            "altitude": 13,
            "speed": 2.266
        },
        {
            "timestamp": "2015-08-25T15:36:08.000Z",
            "position_lat": 56.191803105175495,
            "position_long": 15.598439583554864,
            "distance": 426.95,
            "altitude": 13,
            "speed": 2.33
        },
        {
            "timestamp": "2015-08-25T15:36:11.000Z",
            "position_lat": 56.19186689145863,
            "position_long": 15.59838023968041,
            "distance": 434.78,
            "altitude": 12.799999999999955,
            "speed": 2.436
        },
        {
            "timestamp": "2015-08-25T15:36:13.000Z",
            "position_lat": 56.191912489011884,
            "position_long": 15.598346292972565,
            "distance": 440.27,
            "altitude": 12.799999999999955,
            "speed": 2.525
        },
        {
            "timestamp": "2015-08-25T15:36:15.000Z",
            "position_lat": 56.19195247069001,
            "position_long": 15.598307903856039,
            "distance": 445.31,
            "altitude": 12.799999999999955,
            "speed": 2.581
        },
        {
            "timestamp": "2015-08-25T15:36:18.000Z",
            "position_lat": 56.19203704409301,
            "position_long": 15.598253589123487,
            "distance": 455.2,
            "altitude": 12.799999999999955,
            "speed": 2.747
        },
        {
            "timestamp": "2015-08-25T15:36:24.000Z",
            "position_lat": 56.19219630025327,
            "position_long": 15.598147809505463,
            "distance": 473.76,
            "altitude": 13,
            "speed": 3.048
        },
        {
            "timestamp": "2015-08-25T15:36:26.000Z",
            "position_lat": 56.192239467054605,
            "position_long": 15.598145546391606,
            "distance": 478.5,
            "altitude": 13,
            "speed": 2.982
        },
        {
            "timestamp": "2015-08-25T15:36:28.000Z",
            "position_lat": 56.19228020310402,
            "position_long": 15.598142864182591,
            "distance": 482.99,
            "altitude": 13,
            "speed": 2.89
        },
        {
            "timestamp": "2015-08-25T15:36:32.000Z",
            "position_lat": 56.19238564744592,
            "position_long": 15.598179996013641,
            "distance": 494.92,
            "altitude": 13,
            "speed": 2.833
        },
        {
            "timestamp": "2015-08-25T15:36:37.000Z",
            "position_lat": 56.19253224693239,
            "position_long": 15.598178235813975,
            "distance": 511.11,
            "altitude": 13,
            "speed": 2.921
        },
        {
            "timestamp": "2015-08-25T15:36:43.000Z",
            "position_lat": 56.19267934933305,
            "position_long": 15.598165579140186,
            "distance": 527.49,
            "altitude": 13,
            "speed": 2.976
        },
        {
            "timestamp": "2015-08-25T15:36:48.000Z",
            "position_lat": 56.19280859827995,
            "position_long": 15.59815350919962,
            "distance": 541.9,
            "altitude": 12.799999999999955,
            "speed": 2.86
        },
        {
            "timestamp": "2015-08-25T15:36:52.000Z",
            "position_lat": 56.19292460381985,
            "position_long": 15.598182007670403,
            "distance": 554.95,
            "altitude": 12.799999999999955,
            "speed": 2.935
        },
        {
            "timestamp": "2015-08-25T15:36:58.000Z",
            "position_lat": 56.193077489733696,
            "position_long": 15.59826247394085,
            "distance": 572.58,
            "altitude": 12.799999999999955,
            "speed": 3.084
        },
        {
            "timestamp": "2015-08-25T15:37:03.000Z",
            "position_lat": 56.19319600984454,
            "position_long": 15.598372528329492,
            "distance": 587.15,
            "altitude": 12.799999999999955,
            "speed": 3.018
        },
        {
            "timestamp": "2015-08-25T15:37:07.000Z",
            "position_lat": 56.19329692795873,
            "position_long": 15.59849658049643,
            "distance": 600.61,
            "altitude": 12.799999999999955,
            "speed": 3.112
        },
        {
            "timestamp": "2015-08-25T15:37:12.000Z",
            "position_lat": 56.19339826516807,
            "position_long": 15.598651058971882,
            "distance": 615.36,
            "altitude": 12.799999999999955,
            "speed": 3.197
        },
        {
            "timestamp": "2015-08-25T15:37:13.000Z",
            "position_lat": 56.19342131540179,
            "position_long": 15.598681066185236,
            "distance": 618.52,
            "altitude": 12.799999999999955,
            "speed": 3.17
        },
        {
            "timestamp": "2015-08-25T15:37:16.000Z",
            "position_lat": 56.193473199382424,
            "position_long": 15.598790366202593,
            "distance": 627.28,
            "altitude": 12.799999999999955,
            "speed": 3.087
        },
        {
            "timestamp": "2015-08-25T15:37:20.000Z",
            "position_lat": 56.19357151910663,
            "position_long": 15.598928164690733,
            "distance": 641.14,
            "altitude": 12.799999999999955,
            "speed": 3.162
        },
        {
            "timestamp": "2015-08-25T15:37:24.000Z",
            "position_lat": 56.193638909608126,
            "position_long": 15.599063280969858,
            "distance": 652.35,
            "altitude": 13,
            "speed": 3.106
        },
        {
            "timestamp": "2015-08-25T15:37:29.000Z",
            "position_lat": 56.19373588822782,
            "position_long": 15.599172664806247,
            "distance": 665.15,
            "altitude": 12.799999999999955,
            "speed": 2.851
        },
        {
            "timestamp": "2015-08-25T15:37:34.000Z",
            "position_lat": 56.193863209336996,
            "position_long": 15.599241480231285,
            "distance": 679.9,
            "altitude": 12.799999999999955,
            "speed": 2.718
        },
        {
            "timestamp": "2015-08-25T15:37:38.000Z",
            "position_lat": 56.193948620930314,
            "position_long": 15.599290011450648,
            "distance": 689.92,
            "altitude": 12.799999999999955,
            "speed": 2.714
        },
        {
            "timestamp": "2015-08-25T15:37:40.000Z",
            "position_lat": 56.19399078190327,
            "position_long": 15.599285988137126,
            "distance": 694.62,
            "altitude": 12.799999999999955,
            "speed": 2.675
        },
        {
            "timestamp": "2015-08-25T15:37:43.000Z",
            "position_lat": 56.19404861703515,
            "position_long": 15.599258663132787,
            "distance": 701.28,
            "altitude": 12.799999999999955,
            "speed": 2.482
        },
        {
            "timestamp": "2015-08-25T15:37:48.000Z",
            "position_lat": 56.19415909051895,
            "position_long": 15.599184315651655,
            "distance": 714.45,
            "altitude": 12.799999999999955,
            "speed": 2.442
        },
        {
            "timestamp": "2015-08-25T15:37:52.000Z",
            "position_lat": 56.19424047879875,
            "position_long": 15.599116757512093,
            "distance": 724.47,
            "altitude": 12.799999999999955,
            "speed": 2.477
        },
        {
            "timestamp": "2015-08-25T15:37:57.000Z",
            "position_lat": 56.19436117820442,
            "position_long": 15.599042410030961,
            "distance": 738.71,
            "altitude": 12.600000000000023,
            "speed": 2.677
        },
        {
            "timestamp": "2015-08-25T15:38:04.000Z",
            "position_lat": 56.194536443799734,
            "position_long": 15.598933110013604,
            "distance": 759.39,
            "altitude": 12.600000000000023,
            "speed": 2.908
        },
        {
            "timestamp": "2015-08-25T15:38:09.000Z",
            "position_lat": 56.1946436483413,
            "position_long": 15.59882783330977,
            "distance": 773.09,
            "altitude": 12.399999999999977,
            "speed": 2.868
        },
        {
            "timestamp": "2015-08-25T15:38:14.000Z",
            "position_lat": 56.19473023340106,
            "position_long": 15.59870520606637,
            "distance": 785.49,
            "altitude": 12.399999999999977,
            "speed": 2.679
        },
        {
            "timestamp": "2015-08-25T15:38:18.000Z",
            "position_lat": 56.19478706270456,
            "position_long": 15.598571430891752,
            "distance": 796.04,
            "altitude": 12.200000000000045,
            "speed": 2.569
        },
        {
            "timestamp": "2015-08-25T15:38:20.000Z",
            "position_lat": 56.194808101281524,
            "position_long": 15.598512003198266,
            "distance": 800.41,
            "altitude": 12.200000000000045,
            "speed": 2.519
        },
        {
            "timestamp": "2015-08-25T15:38:22.000Z",
            "position_lat": 56.19483777321875,
            "position_long": 15.598438493907452,
            "distance": 806.04,
            "altitude": 12.200000000000045,
            "speed": 2.502
        },
        {
            "timestamp": "2015-08-25T15:38:28.000Z",
            "position_lat": 56.19491379708052,
            "position_long": 15.598201705142856,
            "distance": 823,
            "altitude": 12.200000000000045,
            "speed": 2.699
        },
        {
            "timestamp": "2015-08-25T15:38:33.000Z",
            "position_lat": 56.19495243765414,
            "position_long": 15.598001712933183,
            "distance": 836.22,
            "altitude": 12,
            "speed": 2.768
        },
        {
            "timestamp": "2015-08-25T15:38:37.000Z",
            "position_lat": 56.19497557170689,
            "position_long": 15.59786081314087,
            "distance": 845.36,
            "altitude": 12,
            "speed": 2.548
        },
        {
            "timestamp": "2015-08-25T15:38:39.000Z",
            "position_lat": 56.19499024003744,
            "position_long": 15.597797278314829,
            "distance": 849.63,
            "altitude": 12,
            "speed": 2.478
        },
        {
            "timestamp": "2015-08-25T15:38:41.000Z",
            "position_lat": 56.195005578920245,
            "position_long": 15.597722008824348,
            "distance": 854.62,
            "altitude": 12,
            "speed": 2.387
        },
        {
            "timestamp": "2015-08-25T15:38:43.000Z",
            "position_lat": 56.195023180916905,
            "position_long": 15.597648080438375,
            "distance": 859.61,
            "altitude": 12,
            "speed": 2.383
        },
        {
            "timestamp": "2015-08-25T15:38:46.000Z",
            "position_lat": 56.19505897164345,
            "position_long": 15.597512545064092,
            "distance": 868.96,
            "altitude": 12,
            "speed": 2.49
        },
        {
            "timestamp": "2015-08-25T15:38:52.000Z",
            "position_lat": 56.195159973576665,
            "position_long": 15.597323449328542,
            "distance": 885.26,
            "altitude": 12,
            "speed": 2.773
        },
        {
            "timestamp": "2015-08-25T15:38:58.000Z",
            "position_lat": 56.195267010480165,
            "position_long": 15.597144579514861,
            "distance": 901.53,
            "altitude": 11.800000000000011,
            "speed": 2.724
        },
        {
            "timestamp": "2015-08-25T15:39:01.000Z",
            "position_lat": 56.195316882804036,
            "position_long": 15.597074255347252,
            "distance": 908.62,
            "altitude": 11.800000000000011,
            "speed": 2.633
        },
        {
            "timestamp": "2015-08-25T15:39:02.000Z",
            "position_lat": 56.19534043595195,
            "position_long": 15.59705606661737,
            "distance": 911.47,
            "altitude": 11.800000000000011,
            "speed": 2.634
        },
        {
            "timestamp": "2015-08-25T15:39:07.000Z",
            "position_lat": 56.1954275239259,
            "position_long": 15.59697836637497,
            "distance": 922.27,
            "altitude": 11.600000000000023,
            "speed": 2.383
        },
        {
            "timestamp": "2015-08-25T15:39:12.000Z",
            "position_lat": 56.19555124081671,
            "position_long": 15.596909299492836,
            "distance": 936.74,
            "altitude": 11.600000000000023,
            "speed": 2.534
        },
        {
            "timestamp": "2015-08-25T15:39:15.000Z",
            "position_lat": 56.195615362375975,
            "position_long": 15.596941150724888,
            "distance": 944.2,
            "altitude": 11.399999999999977,
            "speed": 2.562
        },
        {
            "timestamp": "2015-08-25T15:39:16.000Z",
            "position_lat": 56.19563673622906,
            "position_long": 15.596971493214369,
            "distance": 947.22,
            "altitude": 11.399999999999977,
            "speed": 2.611
        },
        {
            "timestamp": "2015-08-25T15:39:20.000Z",
            "position_lat": 56.19572508148849,
            "position_long": 15.597091605886817,
            "distance": 959.49,
            "altitude": 11.199999999999989,
            "speed": 2.887
        },
        {
            "timestamp": "2015-08-25T15:39:23.000Z",
            "position_lat": 56.19579683057964,
            "position_long": 15.597182214260101,
            "distance": 969.5,
            "altitude": 11,
            "speed": 2.975
        },
        {
            "timestamp": "2015-08-25T15:39:27.000Z",
            "position_lat": 56.19587754830718,
            "position_long": 15.597305595874786,
            "distance": 981.28,
            "altitude": 11,
            "speed": 3.075
        },
        {
            "timestamp": "2015-08-25T15:39:31.000Z",
            "position_lat": 56.195946196094155,
            "position_long": 15.597445406019688,
            "distance": 993.09,
            "altitude": 10.800000000000011,
            "speed": 3.056
        },
        {
            "timestamp": "2015-08-25T15:39:34.000Z",
            "position_lat": 56.19598349556327,
            "position_long": 15.597585048526525,
            "distance": 1002.69,
            "altitude": 10.800000000000011,
            "speed": 2.979
        },
        {
            "timestamp": "2015-08-25T15:39:37.000Z",
            "position_lat": 56.19601836428046,
            "position_long": 15.59770449064672,
            "distance": 1011.11,
            "altitude": 10.600000000000023,
            "speed": 2.989
        },
        {
            "timestamp": "2015-08-25T15:39:39.000Z",
            "position_lat": 56.19603764265776,
            "position_long": 15.597780849784613,
            "distance": 1016.31,
            "altitude": 10.600000000000023,
            "speed": 2.937
        },
        {
            "timestamp": "2015-08-25T15:39:41.000Z",
            "position_lat": 56.19606211781502,
            "position_long": 15.5978471506387,
            "distance": 1021.3,
            "altitude": 10.600000000000023,
            "speed": 2.82
        },
        {
            "timestamp": "2015-08-25T15:39:42.000Z",
            "position_lat": 56.19607930071652,
            "position_long": 15.597877074033022,
            "distance": 1023.96,
            "altitude": 10.600000000000023,
            "speed": 2.803
        },
        {
            "timestamp": "2015-08-25T15:39:45.000Z",
            "position_lat": 56.196125987917185,
            "position_long": 15.597969610244036,
            "distance": 1031.74,
            "altitude": 10.399999999999977,
            "speed": 2.754
        },
        {
            "timestamp": "2015-08-25T15:39:48.000Z",
            "position_lat": 56.19617502205074,
            "position_long": 15.598041778430343,
            "distance": 1039.07,
            "altitude": 10.399999999999977,
            "speed": 2.559
        },
        {
            "timestamp": "2015-08-25T15:39:49.000Z",
            "position_lat": 56.19619991630316,
            "position_long": 15.598052255809307,
            "distance": 1041.91,
            "altitude": 10.399999999999977,
            "speed": 2.552
        },
        {
            "timestamp": "2015-08-25T15:39:52.000Z",
            "position_lat": 56.19627082720399,
            "position_long": 15.59803674928844,
            "distance": 1049.89,
            "altitude": 10.199999999999989,
            "speed": 2.57
        },
        {
            "timestamp": "2015-08-25T15:39:56.000Z",
            "position_lat": 56.19633578695357,
            "position_long": 15.597934573888779,
            "distance": 1059.71,
            "altitude": 10.199999999999989,
            "speed": 2.538
        },
        {
            "timestamp": "2015-08-25T15:40:00.000Z",
            "position_lat": 56.19636218994856,
            "position_long": 15.597805827856064,
            "distance": 1068.42,
            "altitude": 10.199999999999989,
            "speed": 2.461
        },
        {
            "timestamp": "2015-08-25T15:40:05.000Z",
            "position_lat": 56.19633478112519,
            "position_long": 15.597644224762917,
            "distance": 1079.03,
            "altitude": 10,
            "speed": 2.241
        },
        {
            "timestamp": "2015-08-25T15:40:07.000Z",
            "position_lat": 56.19632279500365,
            "position_long": 15.59757063165307,
            "distance": 1083.79,
            "altitude": 10.199999999999989,
            "speed": 2.197
        },
        {
            "timestamp": "2015-08-25T15:40:10.000Z",
            "position_lat": 56.19631349109113,
            "position_long": 15.597462672740221,
            "distance": 1090.58,
            "altitude": 10.199999999999989,
            "speed": 2.202
        },
        {
            "timestamp": "2015-08-25T15:40:16.000Z",
            "position_lat": 56.196252051740885,
            "position_long": 15.59727843850851,
            "distance": 1104.14,
            "altitude": 10.399999999999977,
            "speed": 2.275
        },
        {
            "timestamp": "2015-08-25T15:40:20.000Z",
            "position_lat": 56.196187594905496,
            "position_long": 15.597189338877797,
            "distance": 1113.25,
            "altitude": 10.399999999999977,
            "speed": 2.276
        },
        {
            "timestamp": "2015-08-25T15:40:25.000Z",
            "position_lat": 56.196089359000325,
            "position_long": 15.597083056345582,
            "distance": 1126.04,
            "altitude": 10.600000000000023,
            "speed": 2.395
        },
        {
            "timestamp": "2015-08-25T15:40:31.000Z",
            "position_lat": 56.19597586803138,
            "position_long": 15.596962189301848,
            "distance": 1140.75,
            "altitude": 10.800000000000011,
            "speed": 2.453
        },
        {
            "timestamp": "2015-08-25T15:40:36.000Z",
            "position_lat": 56.19588232599199,
            "position_long": 15.596842747181654,
            "distance": 1153.55,
            "altitude": 11,
            "speed": 2.53
        },
        {
            "timestamp": "2015-08-25T15:40:43.000Z",
            "position_lat": 56.19572910480201,
            "position_long": 15.596616854891181,
            "distance": 1175.64,
            "altitude": 10.800000000000011,
            "speed": 2.885
        },
        {
            "timestamp": "2015-08-25T15:40:47.000Z",
            "position_lat": 56.19565048255026,
            "position_long": 15.596505962312222,
            "distance": 1186.79,
            "altitude": 10.800000000000011,
            "speed": 3.021
        }
    ],
    "sessions": [
        {
            "timestamp": "2015-08-25T15:40:56.000Z",
            "start_time": "2015-08-25T15:33:17.000Z",
            "start_position_lat": 56.189597407355905,
            "start_position_long": 15.59613011777401,
            "total_elapsed_time": 450.777,
            "total_timer_time": 449.875,
            "total_distance": 1186.79,
            "nec_lat": 56.19636218994856,
            "nec_long": 15.599290011450648,
            "swc_lat": 56.189597407355905,
            "swc_long": 15.596079239621758,
            "total_calories": 117,
            "avg_speed": 2.638,
            "max_speed": 3.233,
            "total_ascent": 5,
            "total_descent": 5,
            "num_laps": 2,
            "event": 9,
            "event_type": 1,
            "sport": 1
        }
    ],
    "laps": [
        {
            "timestamp": "2015-08-25T15:39:34.000Z",
            "start_time": "2015-08-25T15:33:17.000Z",
            "start_position_lat": 56.189597407355905,
            "start_position_long": 15.59613011777401,
            "end_position_lat": 56.19598349556327,
            "end_position_long": 15.597585048526525,
            "total_elapsed_time": 377.336,
            "total_timer_time": 376.434,
            "total_distance": 1000,
            "total_calories": 98,
            "avg_speed": 2.657,
            "max_speed": 3.233,
            "total_ascent": 4,
            "total_descent": 4,
            "event": 9,
            "event_type": 1,
            "lap_trigger": 2,
            "sport": 1
        },
        {
            "timestamp": "2015-08-25T15:40:56.000Z",
            "start_time": "2015-08-25T15:39:35.000Z",
            "start_position_lat": 56.19599288329482,
            "start_position_long": 15.597626203671098,
            "end_position_lat": 56.19565048255026,
            "end_position_long": 15.596505962312222,
            "total_elapsed_time": 73.441,
            "total_timer_time": 73.441,
            "total_distance": 186.79,
            "message_index": 1,
            "total_calories": 19,
            "avg_speed": 2.543,
            "max_speed": 3.059,
            "total_ascent": 1,
            "total_descent": 1,
            "event": 9,
            "event_type": 1,
            "lap_trigger": 7,
            "sport": 1
        }
    ],
    "events": [
        {
            "timestamp": 809451197
        },
        {
            "timestamp": 809451647,
            "event_type": 4
        },
        {
            "timestamp": 809451656,
            "data": 1,
            "event": 8,
            "event_type": 9,
            "event_group": 1
        }
    ],
    "_fileHeader_": {
        "headerSize": 14,
        "protocolVersion": 16,
        "profileVersion": 131,
        "dataSize": 3465,
        "protocolVersionMajor": 1,
        "protocolVersionMinor": 0,
        "profileVersionMajor": 1,
        "profileVersionMinor": 31,
        "estimatedFitFileSize": 3481,
        "dataType": ".FIT",
        "headerCRC": 0,
        "CRC": 47188,
        "verifyCRC": 47188
    },
    "_info_": [
        "Header CRC was not stored in the file",
        "Skipping undefined field. BaseType: 134, FieldDefId: 8, Reported size: 4, Glob msg: device_info",
        "Skipping undefined field. BaseType: 134, FieldDefId: 15, Reported size: 4, Glob msg: device_info",
        "Skipping undefined field. BaseType: 134, FieldDefId: 16, Reported size: 4, Glob msg: device_info",
        "Skipping undefined field. BaseType: 2, FieldDefId: 9, Reported size: 1, Glob msg: device_info",
        "Skipping undefined field. BaseType: 134, FieldDefId: 8, Reported size: 4, Glob msg: device_info",
        "Skipping undefined field. BaseType: 134, FieldDefId: 15, Reported size: 4, Glob msg: device_info",
        "Skipping undefined field. BaseType: 134, FieldDefId: 16, Reported size: 4, Glob msg: device_info",
        "Skipping undefined field. BaseType: 2, FieldDefId: 9, Reported size: 1, Glob msg: device_info",
        "Skipping undefined field. BaseType: 134, FieldDefId: 253, Reported size: 4, Glob msg: undefined",
        "Skipping undefined field. BaseType: 2, FieldDefId: 0, Reported size: 1, Glob msg: undefined",
        "Skipping undefined field. BaseType: 2, FieldDefId: 1, Reported size: 1, Glob msg: undefined",
        "Skipping undefined field. BaseType: 2, FieldDefId: 2, Reported size: 1, Glob msg: undefined",
        "Skipping undefined field. BaseType: 2, FieldDefId: 3, Reported size: 1, Glob msg: undefined",
        "Skipping undefined field. BaseType: 2, FieldDefId: 4, Reported size: 1, Glob msg: undefined",
        "Skipping undefined field. BaseType: 0, FieldDefId: 5, Reported size: 1, Glob msg: undefined",
        "Skipping undefined field. BaseType: 2, FieldDefId: 6, Reported size: 1, Glob msg: undefined",
        "Skipping undefined field. BaseType: 2, FieldDefId: 7, Reported size: 1, Glob msg: undefined",
        "Skipping undefined field. BaseType: 2, FieldDefId: 8, Reported size: 1, Glob msg: undefined",
        "Skipping undefined field. BaseType: 134, FieldDefId: 253, Reported size: 4, Glob msg: undefined",
        "Skipping undefined field. BaseType: 132, FieldDefId: 0, Reported size: 2, Glob msg: undefined",
        "Skipping undefined field. BaseType: 132, FieldDefId: 3, Reported size: 2, Glob msg: undefined",
        "Skipping undefined field. BaseType: 2, FieldDefId: 1, Reported size: 1, Glob msg: undefined",
        "Skipping undefined field. BaseType: 2, FieldDefId: 2, Reported size: 1, Glob msg: undefined",
        "Skipping undefined field. BaseType: 0, FieldDefId: 4, Reported size: 1, Glob msg: undefined",
        "Skipping undefined field. BaseType: 0, FieldDefId: 5, Reported size: 1, Glob msg: undefined",
        "Skipping undefined field. BaseType: 2, FieldDefId: 6, Reported size: 1, Glob msg: undefined",
        "Skipping undefined field. BaseType: 1, FieldDefId: 7, Reported size: 1, Glob msg: undefined",
        "Skipping undefined field. BaseType: 133, FieldDefId: 27, Reported size: 4, Glob msg: lap",
        "Skipping undefined field. BaseType: 133, FieldDefId: 28, Reported size: 4, Glob msg: lap",
        "Skipping undefined field. BaseType: 133, FieldDefId: 29, Reported size: 4, Glob msg: lap",
        "Skipping undefined field. BaseType: 133, FieldDefId: 30, Reported size: 4, Glob msg: lap",
        "Skipping undefined field. BaseType: 134, FieldDefId: 8, Reported size: 4, Glob msg: device_info",
        "Skipping undefined field. BaseType: 134, FieldDefId: 15, Reported size: 4, Glob msg: device_info",
        "Skipping undefined field. BaseType: 134, FieldDefId: 16, Reported size: 4, Glob msg: device_info",
        "Skipping undefined field. BaseType: 2, FieldDefId: 9, Reported size: 1, Glob msg: device_info",
        "Skipping undefined field. BaseType: 134, FieldDefId: 8, Reported size: 4, Glob msg: device_info",
        "Skipping undefined field. BaseType: 134, FieldDefId: 15, Reported size: 4, Glob msg: device_info",
        "Skipping undefined field. BaseType: 134, FieldDefId: 16, Reported size: 4, Glob msg: device_info",
        "Skipping undefined field. BaseType: 2, FieldDefId: 9, Reported size: 1, Glob msg: device_info",
        "Skipping undefined field. BaseType: 133, FieldDefId: 27, Reported size: 4, Glob msg: lap",
        "Skipping undefined field. BaseType: 133, FieldDefId: 28, Reported size: 4, Glob msg: lap",
        "Skipping undefined field. BaseType: 133, FieldDefId: 29, Reported size: 4, Glob msg: lap",
        "Skipping undefined field. BaseType: 133, FieldDefId: 30, Reported size: 4, Glob msg: lap"
    ]
}