{
    "file_id": {
        "serial_number": 3842635015,
        "time_created": 809629322,
        "manufacturer": 1,
        "product": 1328,
        "type": 4
    },
    "file_creator": {
        "software_version": 320
    },
    "device_info": {
        "timestamp": 809630118,
        "manufacturer": 1,
        "product": 1080,
        "software_version": 200.51,
        "device_index": 2,
        "device_type": 12
    },
    "undefined": {},
    "activity": {
        "timestamp": "2015-08-27T17:15:22.000Z",
        "total_timer_time": 797.826,
        "local_timestamp": "2015-08-27T19:15:22.000Z",
        "num_sessions": 1,
        "event": 26,
        "event_type": 1
    },
    "records": [
        {
            "timestamp": "2015-08-27T17:02:00.000Z",
            "position_lat": 59.36198984272778,
            "position_long": 18.07450574822724,
            "distance": 1.74,
            "altitude": 9.199999999999989,
            "speed": 1.339
        },
        {
            "timestamp": "2015-08-27T17:02:05.000Z",
            "position_lat": 59.36193611472845,
            "position_long": 18.07466601021588,
            "distance": 12.99,
            "altitude": 9.199999999999989,
            "speed": 1.722
        },
        {
            "timestamp": "2015-08-27T17:02:10.000Z",
            "position_lat": 59.361866377294064,
            "position_long": 18.074897853657603,
            "distance": 28.29,
            "altitude": 8.399999999999977,
            "speed": 2.319
        },
        {
            "timestamp": "2015-08-27T17:02:12.000Z",
            "position_lat": 59.36183880083263,
            "position_long": 18.074982846155763,
            "distance": 34.02,
            "altitude": 8.199999999999989,
            "speed": 2.594
        },
        {
            "timestamp": "2015-08-27T17:02:19.000Z",
            "position_lat": 59.36172346584499,
            "position_long": 18.075287947431207,
            "distance": 55.62,
            "altitude": 8,
            "speed": 3.061
        },
        {
            "timestamp": "2015-08-27T17:02:26.000Z",
            "position_lat": 59.36161693185568,
            "position_long": 18.075582990422845,
            "distance": 76.2,
            "altitude": 8.399999999999977,
            "speed": 2.985
        },
        {
            "timestamp": "2015-08-27T17:02:28.000Z",
            "position_lat": 59.361586505547166,
            "position_long": 18.075665552169085,
            "distance": 82.01,
            "altitude": 11,
            "speed": 2.977
        },
        {
            "timestamp": "2015-08-27T17:02:32.000Z",
            "position_lat": 59.36151249334216,
            "position_long": 18.075835201889277,
            "distance": 94.81,
            "altitude": 10.600000000000023,
            "speed": 2.946
        },
        {
            "timestamp": "2015-08-27T17:02:34.000Z",
            "position_lat": 59.3615001719445,
            "position_long": 18.075918601825833,
            "distance": 99.82,
            "altitude": 10.399999999999977,
            "speed": 2.975
        },
        {
            "timestamp": "2015-08-27T17:02:35.000Z",
            "position_lat": 59.36149179004133,
            "position_long": 18.07594575919211,
            "distance": 101.62,
            "altitude": 7.399999999999977,
            "speed": 2.927
        },
        {
            "timestamp": "2015-08-27T17:02:36.000Z",
            "position_lat": 59.361495142802596,
            "position_long": 18.075965624302626,
            "distance": 102.68,
            "altitude": 7.600000000000023,
            "speed": 2.805
        },
        {
            "timestamp": "2015-08-27T17:02:39.000Z",
            "position_lat": 59.36147821135819,
            "position_long": 18.076084898784757,
            "distance": 109.86,
            "altitude": 8.399999999999977,
            "speed": 2.602
        },
        {
            "timestamp": "2015-08-27T17:02:40.000Z",
            "position_lat": 59.3614621181041,
            "position_long": 18.076146254315972,
            "distance": 113.79,
            "altitude": 8.800000000000011,
            "speed": 2.57
        },
        {
            "timestamp": "2015-08-27T17:02:41.000Z",
            "position_lat": 59.361468236893415,
            "position_long": 18.07617257349193,
            "distance": 115.25,
            "altitude": 8.199999999999989,
            "speed": 2.539
        },
        {
            "timestamp": "2015-08-27T17:02:44.000Z",
            "position_lat": 59.361436385661364,
            "position_long": 18.07633275166154,
            "distance": 125.17,
            "altitude": 8.800000000000011,
            "speed": 2.487
        },
        {
            "timestamp": "2015-08-27T17:02:49.000Z",
            "position_lat": 59.361382573843,
            "position_long": 18.076569959521294,
            "distance": 140.03,
            "altitude": 8,
            "speed": 2.79
        },
        {
            "timestamp": "2015-08-27T17:02:54.000Z",
            "position_lat": 59.36133856885135,
            "position_long": 18.076821668073535,
            "distance": 155.21,
            "altitude": 7.600000000000023,
            "speed": 3.036
        },
        {
            "timestamp": "2015-08-27T17:02:59.000Z",
            "position_lat": 59.36130026355386,
            "position_long": 18.077025348320603,
            "distance": 167.57,
            "altitude": 8.199999999999989,
            "speed": 2.903
        },
        {
            "timestamp": "2015-08-27T17:03:03.000Z",
            "position_lat": 59.36127562075853,
            "position_long": 18.077253168448806,
            "distance": 180.89,
            "altitude": 7.399999999999977,
            "speed": 2.954
        },
        {
            "timestamp": "2015-08-27T17:03:09.000Z",
            "position_lat": 59.361267825588584,
            "position_long": 18.077557431533933,
            "distance": 198.34,
            "altitude": 7.600000000000023,
            "speed": 2.862
        },
        {
            "timestamp": "2015-08-27T17:03:14.000Z",
            "position_lat": 59.361280649900436,
            "position_long": 18.077824227511883,
            "distance": 213.68,
            "altitude": 8,
            "speed": 2.934
        },
        {
            "timestamp": "2015-08-27T17:03:18.000Z",
            "position_lat": 59.36130034737289,
            "position_long": 18.078035786747932,
            "distance": 226.37,
            "altitude": 8.199999999999989,
            "speed": 3.03
        },
        {
            "timestamp": "2015-08-27T17:03:19.000Z",
            "position_lat": 59.36129732988775,
            "position_long": 18.07808314450085,
            "distance": 229.07,
            "altitude": 8.199999999999989,
            "speed": 3.045
        },
        {
            "timestamp": "2015-08-27T17:03:22.000Z",
            "position_lat": 59.36131007038057,
            "position_long": 18.07823209092021,
            "distance": 237.66,
            "altitude": 8.600000000000023,
            "speed": 3.003
        },
        {
            "timestamp": "2015-08-27T17:03:26.000Z",
            "position_lat": 59.361297748982906,
            "position_long": 18.07846326380968,
            "distance": 250.95,
            "altitude": 9,
            "speed": 3.082
        },
        {
            "timestamp": "2015-08-27T17:03:31.000Z",
            "position_lat": 59.36128525994718,
            "position_long": 18.07875688187778,
            "distance": 267.82,
            "altitude": 9,
            "speed": 3.162
        },
        {
            "timestamp": "2015-08-27T17:03:37.000Z",
            "position_lat": 59.361268328502774,
            "position_long": 18.079056283459067,
            "distance": 285.03,
            "altitude": 8,
            "speed": 3.093
        },
        {
            "timestamp": "2015-08-27T17:03:43.000Z",
            "position_lat": 59.361208146438,
            "position_long": 18.07938921265304,
            "distance": 305.17,
            "altitude": 8,
            "speed": 3.116
        },
        {
            "timestamp": "2015-08-27T17:03:50.000Z",
            "position_lat": 59.36113514006138,
            "position_long": 18.079722728580236,
            "distance": 325.87,
            "altitude": 7.600000000000023,
            "speed": 3.279
        },
        {
            "timestamp": "2015-08-27T17:03:51.000Z",
            "position_lat": 59.361128183081746,
            "position_long": 18.07976245880127,
            "distance": 328.26,
            "altitude": 7.600000000000023,
            "speed": 3.247
        },
        {
            "timestamp": "2015-08-27T17:03:52.000Z",
            "position_lat": 59.36111267656088,
            "position_long": 18.079808056354523,
            "distance": 331.37,
            "altitude": 7.600000000000023,
            "speed": 3.206
        },
        {
            "timestamp": "2015-08-27T17:03:57.000Z",
            "position_lat": 59.36104394495487,
            "position_long": 18.07999011129141,
            "distance": 344.25,
            "altitude": 7.800000000000011,
            "speed": 3.014
        },
        {
            "timestamp": "2015-08-27T17:04:02.000Z",
            "position_lat": 59.36097839847207,
            "position_long": 18.08014995418489,
            "distance": 356,
            "altitude": 8.399999999999977,
            "speed": 2.615
        },
        {
            "timestamp": "2015-08-27T17:04:03.000Z",
            "position_lat": 59.36097588390112,
            "position_long": 18.080174261704087,
            "distance": 357.41,
            "altitude": 8.399999999999977,
            "speed": 2.52
        },
        {
            "timestamp": "2015-08-27T17:04:06.000Z",
            "position_lat": 59.36090648174286,
            "position_long": 18.080244921147823,
            "distance": 366.12,
            "altitude": 8,
            "speed": 2.339
        },
        {
            "timestamp": "2015-08-27T17:04:09.000Z",
            "position_lat": 59.360833056271076,
            "position_long": 18.08030535466969,
            "distance": 375.01,
            "altitude": 7.600000000000023,
            "speed": 2.465
        },
        {
            "timestamp": "2015-08-27T17:04:14.000Z",
            "position_lat": 59.36071210540831,
            "position_long": 18.08036981150508,
            "distance": 388.86,
            "altitude": 7,
            "speed": 2.643
        },
        {
            "timestamp": "2015-08-27T17:04:20.000Z",
            "position_lat": 59.36054580844939,
            "position_long": 18.080457989126444,
            "distance": 408.08,
            "altitude": 7.800000000000011,
            "speed": 3.014
        },
        {
            "timestamp": "2015-08-27T17:04:25.000Z",
            "position_lat": 59.36041253618896,
            "position_long": 18.080509202554822,
            "distance": 423.31,
            "altitude": 7.199999999999989,
            "speed": 3.101
        },
        {
            "timestamp": "2015-08-27T17:04:30.000Z",
            "position_lat": 59.36030105687678,
            "position_long": 18.08053200133145,
            "distance": 435.8,
            "altitude": 6.600000000000023,
            "speed": 2.889
        },
        {
            "timestamp": "2015-08-27T17:04:34.000Z",
            "position_lat": 59.36020382679999,
            "position_long": 18.08057709597051,
            "distance": 447.17,
            "altitude": 7.199999999999989,
            "speed": 2.782
        },
        {
            "timestamp": "2015-08-27T17:04:38.000Z",
            "position_lat": 59.36012822203338,
            "position_long": 18.080649934709072,
            "distance": 456.6,
            "altitude": 7.800000000000011,
            "speed": 2.592
        },
        {
            "timestamp": "2015-08-27T17:04:42.000Z",
            "position_lat": 59.36006234027445,
            "position_long": 18.080740459263325,
            "distance": 465.59,
            "altitude": 7,
            "speed": 2.534
        },
        {
            "timestamp": "2015-08-27T17:04:46.000Z",
            "position_lat": 59.35998799279332,
            "position_long": 18.08086878620088,
            "distance": 476.76,
            "altitude": 6.800000000000011,
            "speed": 2.531
        },
        {
            "timestamp": "2015-08-27T17:04:49.000Z",
            "position_lat": 59.35995513573289,
            "position_long": 18.080955455079675,
            "distance": 483.07,
            "altitude": 6.800000000000011,
            "speed": 2.455
        },
        {
            "timestamp": "2015-08-27T17:04:50.000Z",
            "position_lat": 59.35993317514658,
            "position_long": 18.081003231927752,
            "distance": 486.72,
            "altitude": 6.800000000000011,
            "speed": 2.44
        },
        {
            "timestamp": "2015-08-27T17:04:55.000Z",
            "position_lat": 59.35989319346845,
            "position_long": 18.081179838627577,
            "distance": 497.87,
            "altitude": 6.600000000000023,
            "speed": 2.43
        },
        {
            "timestamp": "2015-08-27T17:04:57.000Z",
            "position_lat": 59.35988640412688,
            "position_long": 18.081247145310044,
            "distance": 501.91,
            "altitude": 7,
            "speed": 2.287
        },
        {
            "timestamp": "2015-08-27T17:04:59.000Z",
            "position_lat": 59.359849356114864,
            "position_long": 18.08134412392974,
            "distance": 508.85,
            "altitude": 7.199999999999989,
            "speed": 2.405
        },
        {
            "timestamp": "2015-08-27T17:05:02.000Z",
            "position_lat": 59.35983938165009,
            "position_long": 18.08144479058683,
            "distance": 514.75,
            "altitude": 7.800000000000011,
            "speed": 2.386
        },
        {
            "timestamp": "2015-08-27T17:05:05.000Z",
            "position_lat": 59.35980141162872,
            "position_long": 18.081579906865954,
            "distance": 523.43,
            "altitude": 8.199999999999989,
            "speed": 2.424
        },
        {
            "timestamp": "2015-08-27T17:05:08.000Z",
            "position_lat": 59.359756987541914,
            "position_long": 18.081716699525714,
            "distance": 532.52,
            "altitude": 8.800000000000011,
            "speed": 2.649
        },
        {
            "timestamp": "2015-08-27T17:05:11.000Z",
            "position_lat": 59.35972211882472,
            "position_long": 18.081867657601833,
            "distance": 541.9,
            "altitude": 9.199999999999989,
            "speed": 2.777
        },
        {
            "timestamp": "2015-08-27T17:05:15.000Z",
            "position_lat": 59.35966059565544,
            "position_long": 18.08206245303154,
            "distance": 554.94,
            "altitude": 8.600000000000023,
            "speed": 3.09
        },
        {
            "timestamp": "2015-08-27T17:05:21.000Z",
            "position_lat": 59.35960443690419,
            "position_long": 18.082304522395134,
            "distance": 570.15,
            "altitude": 8.800000000000011,
            "speed": 2.851
        },
        {
            "timestamp": "2015-08-27T17:05:27.000Z",
            "position_lat": 59.359536124393344,
            "position_long": 18.08256972581148,
            "distance": 587.13,
            "altitude": 9.199999999999989,
            "speed": 2.718
        },
        {
            "timestamp": "2015-08-27T17:05:29.000Z",
            "position_lat": 59.359511313959956,
            "position_long": 18.082653461024165,
            "distance": 592.63,
            "altitude": 9.800000000000011,
            "speed": 2.702
        },
        {
            "timestamp": "2015-08-27T17:05:33.000Z",
            "position_lat": 59.35947007499635,
            "position_long": 18.08280274271965,
            "distance": 602.33,
            "altitude": 10.600000000000023,
            "speed": 2.715
        },
        {
            "timestamp": "2015-08-27T17:05:38.000Z",
            "position_lat": 59.35940293595195,
            "position_long": 18.082994101569057,
            "distance": 615.53,
            "altitude": 10.199999999999989,
            "speed": 2.627
        },
        {
            "timestamp": "2015-08-27T17:05:42.000Z",
            "position_lat": 59.35936002060771,
            "position_long": 18.083155872300267,
            "distance": 625.86,
            "altitude": 10.399999999999977,
            "speed": 2.589
        },
        {
            "timestamp": "2015-08-27T17:05:48.000Z",
            "position_lat": 59.35927351936698,
            "position_long": 18.083392409607768,
            "distance": 642.39,
            "altitude": 10.199999999999989,
            "speed": 2.674
        },
        {
            "timestamp": "2015-08-27T17:05:53.000Z",
            "position_lat": 59.359179474413395,
            "position_long": 18.08359181508422,
            "distance": 657.83,
            "altitude": 11,
            "speed": 2.774
        },
        {
            "timestamp": "2015-08-27T17:05:55.000Z",
            "position_lat": 59.35913999564946,
            "position_long": 18.083664821460843,
            "distance": 663.88,
            "altitude": 10.800000000000011,
            "speed": 2.926
        },
        {
            "timestamp": "2015-08-27T17:05:59.000Z",
            "position_lat": 59.35906891711056,
            "position_long": 18.083794405683875,
            "distance": 674.69,
            "altitude": 10,
            "speed": 3.031
        },
        {
            "timestamp": "2015-08-27T17:06:02.000Z",
            "position_lat": 59.35900722630322,
            "position_long": 18.083908148109913,
            "distance": 684.14,
            "altitude": 9.600000000000023,
            "speed": 2.95
        },
        {
            "timestamp": "2015-08-27T17:06:07.000Z",
            "position_lat": 59.358913684263825,
            "position_long": 18.08407704345882,
            "distance": 698.31,
            "altitude": 9.399999999999977,
            "speed": 2.88
        },
        {
            "timestamp": "2015-08-27T17:06:14.000Z",
            "position_lat": 59.35878301039338,
            "position_long": 18.084373511373997,
            "distance": 720.62,
            "altitude": 9.800000000000011,
            "speed": 3.035
        },
        {
            "timestamp": "2015-08-27T17:06:21.000Z",
            "position_lat": 59.35863398015499,
            "position_long": 18.08463603258133,
            "distance": 743.01,
            "altitude": 9,
            "speed": 3.173
        },
        {
            "timestamp": "2015-08-27T17:06:22.000Z",
            "position_lat": 59.358607828617096,
            "position_long": 18.08466838672757,
            "distance": 746.46,
            "altitude": 9,
            "speed": 3.198
        },
        {
            "timestamp": "2015-08-27T17:06:28.000Z",
            "position_lat": 59.35845318250358,
            "position_long": 18.08478414081037,
            "distance": 764.93,
            "altitude": 9.199999999999989,
            "speed": 3.16
        },
        {
            "timestamp": "2015-08-27T17:06:34.000Z",
            "position_lat": 59.358295602723956,
            "position_long": 18.08485991321504,
            "distance": 783.04,
            "altitude": 8.800000000000011,
            "speed": 3.054
        },
        {
            "timestamp": "2015-08-27T17:06:40.000Z",
            "position_lat": 59.35813592746854,
            "position_long": 18.084913305938244,
            "distance": 801.11,
            "altitude": 8.399999999999977,
            "speed": 3.015
        },
        {
            "timestamp": "2015-08-27T17:06:47.000Z",
            "position_lat": 59.3579719774425,
            "position_long": 18.085006093606353,
            "distance": 820.26,
            "altitude": 8.600000000000023,
            "speed": 2.891
        },
        {
            "timestamp": "2015-08-27T17:06:50.000Z",
            "position_lat": 59.35791523195803,
            "position_long": 18.08507088571787,
            "distance": 827.57,
            "altitude": 7.800000000000011,
            "speed": 2.749
        },
        {
            "timestamp": "2015-08-27T17:06:52.000Z",
            "position_lat": 59.35786007903516,
            "position_long": 18.08511053211987,
            "distance": 834.28,
            "altitude": 7.399999999999977,
            "speed": 2.74
        },
        {
            "timestamp": "2015-08-27T17:06:53.000Z",
            "position_lat": 59.35784440487623,
            "position_long": 18.08510516770184,
            "distance": 836.04,
            "altitude": 7.399999999999977,
            "speed": 2.748
        },
        {
            "timestamp": "2015-08-27T17:06:57.000Z",
            "position_lat": 59.35774616897106,
            "position_long": 18.08502495288849,
            "distance": 848.07,
            "altitude": 7.600000000000023,
            "speed": 2.732
        },
        {
            "timestamp": "2015-08-27T17:07:02.000Z",
            "position_lat": 59.357666708528996,
            "position_long": 18.08491598814726,
            "distance": 858.89,
            "altitude": 8,
            "speed": 2.587
        },
        {
            "timestamp": "2015-08-27T17:07:06.000Z",
            "position_lat": 59.35758884064853,
            "position_long": 18.08484910055995,
            "distance": 869.12,
            "altitude": 7.800000000000011,
            "speed": 2.445
        },
        {
            "timestamp": "2015-08-27T17:07:10.000Z",
            "position_lat": 59.35751046985388,
            "position_long": 18.084750529378653,
            "distance": 879.58,
            "altitude": 7.199999999999989,
            "speed": 2.379
        },
        {
            "timestamp": "2015-08-27T17:07:15.000Z",
            "position_lat": 59.35740888118744,
            "position_long": 18.084598816931248,
            "distance": 893.86,
            "altitude": 7.199999999999989,
            "speed": 2.688
        },
        {
            "timestamp": "2015-08-27T17:07:18.000Z",
            "position_lat": 59.357349118217826,
            "position_long": 18.084503011777997,
            "distance": 902.55,
            "altitude": 7.399999999999977,
            "speed": 2.804
        },
        {
            "timestamp": "2015-08-27T17:07:19.000Z",
            "position_lat": 59.35732883401215,
            "position_long": 18.084473172202706,
            "distance": 905.37,
            "altitude": 7.600000000000023,
            "speed": 2.804
        },
        {
            "timestamp": "2015-08-27T17:07:24.000Z",
            "position_lat": 59.35724325478077,
            "position_long": 18.084270246326923,
            "distance": 920.35,
            "altitude": 8.199999999999989,
            "speed": 2.883
        },
        {
            "timestamp": "2015-08-27T17:07:29.000Z",
            "position_lat": 59.35715138912201,
            "position_long": 18.0841142591089,
            "distance": 933.86,
            "altitude": 8,
            "speed": 2.842
        },
        {
            "timestamp": "2015-08-27T17:07:33.000Z",
            "position_lat": 59.35708936303854,
            "position_long": 18.083937233313918,
            "distance": 946.1,
            "altitude": 7.800000000000011,
            "speed": 2.929
        },
        {
            "timestamp": "2015-08-27T17:07:39.000Z",
            "position_lat": 59.35700822621584,
            "position_long": 18.08363288640976,
            "distance": 965.76,
            "altitude": 8.399999999999977,
            "speed": 3.07
        },
        {
            "timestamp": "2015-08-27T17:07:44.000Z",
            "position_lat": 59.3569394107908,
            "position_long": 18.083392744883895,
            "distance": 981.48,
            "altitude": 7.800000000000011,
            "speed": 3.229
        },
        {
            "timestamp": "2015-08-27T17:07:48.000Z",
            "position_lat": 59.356876127421856,
            "position_long": 18.083228208124638,
            "distance": 993.24,
            "altitude": 7.199999999999989,
            "speed": 3.252
        },
        {
            "timestamp": "2015-08-27T17:07:49.000Z",
            "position_lat": 59.35684905387461,
            "position_long": 18.083236841484904,
            "distance": 996.29,
            "altitude": 7.399999999999977,
            "speed": 3.172
        },
        {
            "timestamp": "2015-08-27T17:07:51.000Z",
            "position_lat": 59.35680454596877,
            "position_long": 18.083279840648174,
            "distance": 1001.81,
            "altitude": 7.199999999999989,
            "speed": 2.993
        },
        {
            "timestamp": "2015-08-27T17:07:56.000Z",
            "position_lat": 59.35672491788864,
            "position_long": 18.083429289981723,
            "distance": 1014.17,
            "altitude": 7,
            "speed": 2.705
        },
        {
            "timestamp": "2015-08-27T17:08:00.000Z",
            "position_lat": 59.356691809371114,
            "position_long": 18.083590976893902,
            "distance": 1024.11,
            "altitude": 6.800000000000011,
            "speed": 2.505
        },
        {
            "timestamp": "2015-08-27T17:08:06.000Z",
            "position_lat": 59.35659650713205,
            "position_long": 18.083841428160667,
            "distance": 1042.05,
            "altitude": 7,
            "speed": 2.654
        },
        {
            "timestamp": "2015-08-27T17:08:08.000Z",
            "position_lat": 59.35654294677079,
            "position_long": 18.083925833925605,
            "distance": 1049.72,
            "altitude": 6.800000000000011,
            "speed": 2.918
        },
        {
            "timestamp": "2015-08-27T17:08:10.000Z",
            "position_lat": 59.35649760067463,
            "position_long": 18.083980986848474,
            "distance": 1055.7,
            "altitude": 6.800000000000011,
            "speed": 3.032
        },
        {
            "timestamp": "2015-08-27T17:08:15.000Z",
            "position_lat": 59.35642107389867,
            "position_long": 18.08411233127117,
            "distance": 1067.08,
            "altitude": 7.199999999999989,
            "speed": 2.986
        },
        {
            "timestamp": "2015-08-27T17:08:20.000Z",
            "position_lat": 59.35631638392806,
            "position_long": 18.084286088123918,
            "distance": 1082.42,
            "altitude": 7.199999999999989,
            "speed": 2.777
        },
        {
            "timestamp": "2015-08-27T17:08:25.000Z",
            "position_lat": 59.3562485743314,
            "position_long": 18.084440482780337,
            "distance": 1094.02,
            "altitude": 7.600000000000023,
            "speed": 2.681
        },
        {
            "timestamp": "2015-08-27T17:08:28.000Z",
            "position_lat": 59.35620113275945,
            "position_long": 18.084535030648112,
            "distance": 1101.62,
            "altitude": 7.800000000000011,
            "speed": 2.625
        },
        {
            "timestamp": "2015-08-27T17:08:29.000Z",
            "position_lat": 59.35617967508733,
            "position_long": 18.08456956408918,
            "distance": 1104.71,
            "altitude": 8,
            "speed": 2.637
        },
        {
            "timestamp": "2015-08-27T17:08:34.000Z",
            "position_lat": 59.35609241947532,
            "position_long": 18.084652964025736,
            "distance": 1115.44,
            "altitude": 8.399999999999977,
            "speed": 2.42
        },
        {
            "timestamp": "2015-08-27T17:08:38.000Z",
            "position_lat": 59.355981359258294,
            "position_long": 18.084724796935916,
            "distance": 1128.47,
            "altitude": 8.399999999999977,
            "speed": 2.637
        },
        {
            "timestamp": "2015-08-27T17:08:44.000Z",
            "position_lat": 59.355778684839606,
            "position_long": 18.084788247942924,
            "distance": 1151.38,
            "altitude": 8.399999999999977,
            "speed": 3.326
        },
        {
            "timestamp": "2015-08-27T17:08:47.000Z",
            "position_lat": 59.35569394379854,
            "position_long": 18.084797048941255,
            "distance": 1160.85,
            "altitude": 9,
            "speed": 3.493
        },
        {
            "timestamp": "2015-08-27T17:08:49.000Z",
            "position_lat": 59.35563074424863,
            "position_long": 18.084799395874143,
            "distance": 1167.88,
            "altitude": 9,
            "speed": 3.588
        },
        {
            "timestamp": "2015-08-27T17:08:52.000Z",
            "position_lat": 59.35555597767234,
            "position_long": 18.08483057655394,
            "distance": 1176.38,
            "altitude": 9.600000000000023,
            "speed": 3.386
        },
        {
            "timestamp": "2015-08-27T17:08:54.000Z",
            "position_lat": 59.35551390051842,
            "position_long": 18.084882209077477,
            "distance": 1181.91,
            "altitude": 9.600000000000023,
            "speed": 3.21
        },
        {
            "timestamp": "2015-08-27T17:08:59.000Z",
            "position_lat": 59.35544609092176,
            "position_long": 18.085017912089825,
            "distance": 1192.8,
            "altitude": 9.800000000000011,
            "speed": 2.689
        },
        {
            "timestamp": "2015-08-27T17:09:01.000Z",
            "position_lat": 59.35541616752744,
            "position_long": 18.085076920688152,
            "distance": 1197.51,
            "altitude": 10,
            "speed": 2.474
        },
        {
            "timestamp": "2015-08-27T17:09:06.000Z",
            "position_lat": 59.355347100645304,
            "position_long": 18.085233075544238,
            "distance": 1209.29,
            "altitude": 10.800000000000011,
            "speed": 2.262
        },
        {
            "timestamp": "2015-08-27T17:09:08.000Z",
            "position_lat": 59.35532203875482,
            "position_long": 18.085287306457758,
            "distance": 1213.44,
            "altitude": 11,
            "speed": 2.242
        },
        {
            "timestamp": "2015-08-27T17:09:13.000Z",
            "position_lat": 59.35525699518621,
            "position_long": 18.085390822961926,
            "distance": 1222.94,
            "altitude": 11.800000000000011,
            "speed": 2.191
        },
        {
            "timestamp": "2015-08-27T17:09:15.000Z",
            "position_lat": 59.35521902516484,
            "position_long": 18.085419153794646,
            "distance": 1227.46,
            "altitude": 12.200000000000045,
            "speed": 2.102
        },
        {
            "timestamp": "2015-08-27T17:09:18.000Z",
            "position_lat": 59.35514224693179,
            "position_long": 18.0854594707489,
            "distance": 1236.32,
            "altitude": 12.399999999999977,
            "speed": 2.191
        },
        {
            "timestamp": "2015-08-27T17:09:21.000Z",
            "position_lat": 59.355070078745484,
            "position_long": 18.085483442991972,
            "distance": 1244.55,
            "altitude": 13,
            "speed": 2.349
        },
        {
            "timestamp": "2015-08-27T17:09:22.000Z",
            "position_lat": 59.355043675750494,
            "position_long": 18.08548587374389,
            "distance": 1247.5,
            "altitude": 13.200000000000045,
            "speed": 2.457
        },
        {
            "timestamp": "2015-08-27T17:09:25.000Z",
            "position_lat": 59.35497745871544,
            "position_long": 18.08545553125441,
            "distance": 1255.07,
            "altitude": 14.399999999999977,
            "speed": 2.628
        },
        {
            "timestamp": "2015-08-27T17:09:31.000Z",
            "position_lat": 59.3548359721899,
            "position_long": 18.08539149351418,
            "distance": 1271.28,
            "altitude": 14.799999999999955,
            "speed": 2.716
        },
        {
            "timestamp": "2015-08-27T17:09:36.000Z",
            "position_lat": 59.354719715192914,
            "position_long": 18.085342878475785,
            "distance": 1284.68,
            "altitude": 15.200000000000045,
            "speed": 2.656
        },
        {
            "timestamp": "2015-08-27T17:09:37.000Z",
            "position_lat": 59.354702197015285,
            "position_long": 18.085329299792647,
            "distance": 1286.76,
            "altitude": 15.600000000000023,
            "speed": 2.654
        },
        {
            "timestamp": "2015-08-27T17:09:41.000Z",
            "position_lat": 59.35461058281362,
            "position_long": 18.08530541136861,
            "distance": 1297.2,
            "altitude": 16.399999999999977,
            "speed": 2.6
        },
        {
            "timestamp": "2015-08-27T17:09:43.000Z",
            "position_lat": 59.35456758365035,
            "position_long": 18.08530298061669,
            "distance": 1301.98,
            "altitude": 16.600000000000023,
            "speed": 2.58
        },
        {
            "timestamp": "2015-08-27T17:09:45.000Z",
            "position_lat": 59.3545182980597,
            "position_long": 18.085306836292148,
            "distance": 1307.61,
            "altitude": 16.399999999999977,
            "speed": 2.557
        },
        {
            "timestamp": "2015-08-27T17:09:50.000Z",
            "position_lat": 59.35439558699727,
            "position_long": 18.08536073192954,
            "distance": 1321.62,
            "altitude": 16.200000000000045,
            "speed": 2.657
        },
        {
            "timestamp": "2015-08-27T17:09:55.000Z",
            "position_lat": 59.35425971634686,
            "position_long": 18.085407754406333,
            "distance": 1337.08,
            "altitude": 15.799999999999955,
            "speed": 2.936
        },
        {
            "timestamp": "2015-08-27T17:09:56.000Z",
            "position_lat": 59.35423926450312,
            "position_long": 18.085404066368937,
            "distance": 1339.36,
            "altitude": 15.399999999999977,
            "speed": 2.896
        },
        {
            "timestamp": "2015-08-27T17:10:00.000Z",
            "position_lat": 59.35415209271014,
            "position_long": 18.085420913994312,
            "distance": 1349.19,
            "altitude": 14.799999999999955,
            "speed": 2.841
        },
        {
            "timestamp": "2015-08-27T17:10:03.000Z",
            "position_lat": 59.354101717472076,
            "position_long": 18.085426865145564,
            "distance": 1354.82,
            "altitude": 14.799999999999955,
            "speed": 2.579
        },
        {
            "timestamp": "2015-08-27T17:10:04.000Z",
            "position_lat": 59.35408042743802,
            "position_long": 18.085440695285797,
            "distance": 1357.31,
            "altitude": 15,
            "speed": 2.498
        },
        {
            "timestamp": "2015-08-27T17:10:07.000Z",
            "position_lat": 59.35400507412851,
            "position_long": 18.08547598309815,
            "distance": 1366.14,
            "altitude": 15.200000000000045,
            "speed": 2.401
        },
        {
            "timestamp": "2015-08-27T17:10:09.000Z",
            "position_lat": 59.35397523455322,
            "position_long": 18.085455195978284,
            "distance": 1369.57,
            "altitude": 15.200000000000045,
            "speed": 2.288
        },
        {
            "timestamp": "2015-08-27T17:10:12.000Z",
            "position_lat": 59.353893008083105,
            "position_long": 18.08547648601234,
            "distance": 1378.62,
            "altitude": 15.600000000000023,
            "speed": 2.395
        },
        {
            "timestamp": "2015-08-27T17:10:14.000Z",
            "position_lat": 59.35383693315089,
            "position_long": 18.085491824895144,
            "distance": 1384.9,
            "altitude": 16.200000000000045,
            "speed": 2.669
        },
        {
            "timestamp": "2015-08-27T17:10:19.000Z",
            "position_lat": 59.353697123005986,
            "position_long": 18.085519652813673,
            "distance": 1400.54,
            "altitude": 16.200000000000045,
            "speed": 2.877
        },
        {
            "timestamp": "2015-08-27T17:10:24.000Z",
            "position_lat": 59.353547003120184,
            "position_long": 18.085506409406662,
            "distance": 1417.44,
            "altitude": 16,
            "speed": 3.212
        },
        {
            "timestamp": "2015-08-27T17:10:28.000Z",
            "position_lat": 59.353429740294814,
            "position_long": 18.085481012240052,
            "distance": 1430.76,
            "altitude": 16.200000000000045,
            "speed": 3.282
        },
        {
            "timestamp": "2015-08-27T17:10:29.000Z",
            "position_lat": 59.353404846042395,
            "position_long": 18.08547548018396,
            "distance": 1433.51,
            "altitude": 16.200000000000045,
            "speed": 3.281
        },
        {
            "timestamp": "2015-08-27T17:10:31.000Z",
            "position_lat": 59.353333096951246,
            "position_long": 18.085487969219685,
            "distance": 1441.52,
            "altitude": 16.600000000000023,
            "speed": 3.361
        },
        {
            "timestamp": "2015-08-27T17:10:33.000Z",
            "position_lat": 59.353256821632385,
            "position_long": 18.085488388314843,
            "distance": 1450.01,
            "altitude": 16.799999999999955,
            "speed": 3.603
        },
        {
            "timestamp": "2015-08-27T17:10:36.000Z",
            "position_lat": 59.35317602008581,
            "position_long": 18.08544287458062,
            "distance": 1459.44,
            "altitude": 17.600000000000023,
            "speed": 3.517
        },
        {
            "timestamp": "2015-08-27T17:10:38.000Z",
            "position_lat": 59.353123381733894,
            "position_long": 18.0854026414454,
            "distance": 1465.74,
            "altitude": 17.399999999999977,
            "speed": 3.513
        },
        {
            "timestamp": "2015-08-27T17:10:41.000Z",
            "position_lat": 59.35305557213724,
            "position_long": 18.085343884304166,
            "distance": 1474.02,
            "altitude": 16.399999999999977,
            "speed": 3.4
        },
        {
            "timestamp": "2015-08-27T17:10:44.000Z",
            "position_lat": 59.352971417829394,
            "position_long": 18.085269117727876,
            "distance": 1484.34,
            "altitude": 16.399999999999977,
            "speed": 3.372
        },
        {
            "timestamp": "2015-08-27T17:10:50.000Z",
            "position_lat": 59.35283445753157,
            "position_long": 18.085095612332225,
            "distance": 1502.66,
            "altitude": 16.399999999999977,
            "speed": 3.083
        },
        {
            "timestamp": "2015-08-27T17:10:55.000Z",
            "position_lat": 59.35275910422206,
            "position_long": 18.084860667586327,
            "distance": 1518.62,
            "altitude": 15.799999999999955,
            "speed": 3.14
        },
        {
            "timestamp": "2015-08-27T17:10:58.000Z",
            "position_lat": 59.352709483355284,
            "position_long": 18.084751702845097,
            "distance": 1526.93,
            "altitude": 15.399999999999977,
            "speed": 3.063
        },
        {
            "timestamp": "2015-08-27T17:11:00.000Z",
            "position_lat": 59.352668076753616,
            "position_long": 18.084687162190676,
            "distance": 1532.82,
            "altitude": 15.600000000000023,
            "speed": 3.038
        },
        {
            "timestamp": "2015-08-27T17:11:06.000Z",
            "position_lat": 59.35251971706748,
            "position_long": 18.084591943770647,
            "distance": 1550.21,
            "altitude": 16.200000000000045,
            "speed": 2.883
        },
        {
            "timestamp": "2015-08-27T17:11:12.000Z",
            "position_lat": 59.35236817225814,
            "position_long": 18.084527235478163,
            "distance": 1567.48,
            "altitude": 16.200000000000045,
            "speed": 2.896
        },
        {
            "timestamp": "2015-08-27T17:11:17.000Z",
            "position_lat": 59.35225375927985,
            "position_long": 18.084458839148283,
            "distance": 1580.89,
            "altitude": 16,
            "speed": 2.844
        },
        {
            "timestamp": "2015-08-27T17:11:23.000Z",
            "position_lat": 59.352106573060155,
            "position_long": 18.08438155800104,
            "distance": 1597.99,
            "altitude": 15.600000000000023,
            "speed": 2.79
        },
        {
            "timestamp": "2015-08-27T17:11:29.000Z",
            "position_lat": 59.35195645317435,
            "position_long": 18.08432288467884,
            "distance": 1615.07,
            "altitude": 16.200000000000045,
            "speed": 2.834
        },
        {
            "timestamp": "2015-08-27T17:11:31.000Z",
            "position_lat": 59.35190297663212,
            "position_long": 18.084313245490193,
            "distance": 1621.04,
            "altitude": 16.399999999999977,
            "speed": 2.87
        },
        {
            "timestamp": "2015-08-27T17:11:34.000Z",
            "position_lat": 59.35181898996234,
            "position_long": 18.084286507219076,
            "distance": 1630.52,
            "altitude": 16.600000000000023,
            "speed": 2.954
        },
        {
            "timestamp": "2015-08-27T17:11:38.000Z",
            "position_lat": 59.351735254749656,
            "position_long": 18.084241999313235,
            "distance": 1640.23,
            "altitude": 17.399999999999977,
            "speed": 2.899
        },
        {
            "timestamp": "2015-08-27T17:11:40.000Z",
            "position_lat": 59.3516811914742,
            "position_long": 18.084221798926592,
            "distance": 1646.33,
            "altitude": 17.799999999999955,
            "speed": 2.861
        },
        {
            "timestamp": "2015-08-27T17:11:44.000Z",
            "position_lat": 59.3516000546515,
            "position_long": 18.084156839177012,
            "distance": 1656.62,
            "altitude": 18.399999999999977,
            "speed": 2.713
        },
        {
            "timestamp": "2015-08-27T17:11:45.000Z",
            "position_lat": 59.351582285016775,
            "position_long": 18.08414309285581,
            "distance": 1658.67,
            "altitude": 18.399999999999977,
            "speed": 2.623
        },
        {
            "timestamp": "2015-08-27T17:11:49.000Z",
            "position_lat": 59.35149746015668,
            "position_long": 18.084098836407065,
            "distance": 1668.77,
            "altitude": 18.600000000000023,
            "speed": 2.451
        },
        {
            "timestamp": "2015-08-27T17:11:50.000Z",
            "position_lat": 59.35148044489324,
            "position_long": 18.08408441953361,
            "distance": 1670.83,
            "altitude": 18.799999999999955,
            "speed": 2.483
        },
        {
            "timestamp": "2015-08-27T17:11:54.000Z",
            "position_lat": 59.35140182264149,
            "position_long": 18.084032032638788,
            "distance": 1680.06,
            "altitude": 19.600000000000023,
            "speed": 2.369
        },
        {
            "timestamp": "2015-08-27T17:11:55.000Z",
            "position_lat": 59.35138111934066,
            "position_long": 18.084016190841794,
            "distance": 1682.51,
            "altitude": 19.799999999999955,
            "speed": 2.358
        },
        {
            "timestamp": "2015-08-27T17:11:56.000Z",
            "position_lat": 59.35137005522847,
            "position_long": 18.083987273275852,
            "distance": 1684.57,
            "altitude": 20.200000000000045,
            "speed": 2.325
        },
        {
            "timestamp": "2015-08-27T17:11:58.000Z",
            "position_lat": 59.35131439939141,
            "position_long": 18.083989787846804,
            "distance": 1690.64,
            "altitude": 20.399999999999977,
            "speed": 2.439
        },
        {
            "timestamp": "2015-08-27T17:11:59.000Z",
            "position_lat": 59.351294450461864,
            "position_long": 18.083975119516253,
            "distance": 1693,
            "altitude": 20.600000000000023,
            "speed": 2.483
        },
        {
            "timestamp": "2015-08-27T17:12:02.000Z",
            "position_lat": 59.35122136026621,
            "position_long": 18.083935556933284,
            "distance": 1701.8,
            "altitude": 21,
            "speed": 2.529
        },
        {
            "timestamp": "2015-08-27T17:12:06.000Z",
            "position_lat": 59.351124381646514,
            "position_long": 18.083923822268844,
            "distance": 1712.49,
            "altitude": 21.399999999999977,
            "speed": 2.639
        },
        {
            "timestamp": "2015-08-27T17:12:07.000Z",
            "position_lat": 59.35109202750027,
            "position_long": 18.083920050412416,
            "distance": 1716.08,
            "altitude": 21.600000000000023,
            "speed": 2.7
        },
        {
            "timestamp": "2015-08-27T17:12:10.000Z",
            "position_lat": 59.351038886234164,
            "position_long": 18.083861963823438,
            "distance": 1722.79,
            "altitude": 21.799999999999955,
            "speed": 2.682
        },
        {
            "timestamp": "2015-08-27T17:12:12.000Z",
            "position_lat": 59.350992534309626,
            "position_long": 18.083839416503906,
            "distance": 1728.02,
            "altitude": 22.200000000000045,
            "speed": 2.644
        },
        {
            "timestamp": "2015-08-27T17:12:15.000Z",
            "position_lat": 59.35092765837908,
            "position_long": 18.08379122056067,
            "distance": 1735.87,
            "altitude": 22.799999999999955,
            "speed": 2.623
        },
        {
            "timestamp": "2015-08-27T17:12:21.000Z",
            "position_lat": 59.350792206823826,
            "position_long": 18.083688290789723,
            "distance": 1752.03,
            "altitude": 23.399999999999977,
            "speed": 2.604
        },
        {
            "timestamp": "2015-08-27T17:12:27.000Z",
            "position_lat": 59.35067921876907,
            "position_long": 18.08352786116302,
            "distance": 1767.66,
            "altitude": 23.600000000000023,
            "speed": 2.664
        },
        {
            "timestamp": "2015-08-27T17:12:31.000Z",
            "position_lat": 59.35061325319111,
            "position_long": 18.083395678550005,
            "distance": 1778.33,
            "altitude": 23.799999999999955,
            "speed": 2.62
        },
        {
            "timestamp": "2015-08-27T17:12:32.000Z",
            "position_lat": 59.35059590265155,
            "position_long": 18.083359971642494,
            "distance": 1781.12,
            "altitude": 24,
            "speed": 2.637
        },
        {
            "timestamp": "2015-08-27T17:12:34.000Z",
            "position_lat": 59.3505725171417,
            "position_long": 18.083268273621798,
            "distance": 1787.1,
            "altitude": 24.200000000000045,
            "speed": 2.639
        },
        {
            "timestamp": "2015-08-27T17:12:37.000Z",
            "position_lat": 59.35052717104554,
            "position_long": 18.083176407963037,
            "distance": 1794.3,
            "altitude": 24.200000000000045,
            "speed": 2.637
        },
        {
            "timestamp": "2015-08-27T17:12:42.000Z",
            "position_lat": 59.35044159181416,
            "position_long": 18.083024695515633,
            "distance": 1807.1,
            "altitude": 24.200000000000045,
            "speed": 2.633
        },
        {
            "timestamp": "2015-08-27T17:12:47.000Z",
            "position_lat": 59.35036959126592,
            "position_long": 18.082845574244857,
            "distance": 1820.16,
            "altitude": 24.399999999999977,
            "speed": 2.609
        },
        {
            "timestamp": "2015-08-27T17:12:54.000Z",
            "position_lat": 59.35027537867427,
            "position_long": 18.08252957649529,
            "distance": 1841.09,
            "altitude": 24.600000000000023,
            "speed": 2.788
        },
        {
            "timestamp": "2015-08-27T17:12:57.000Z",
            "position_lat": 59.35023447498679,
            "position_long": 18.082418516278267,
            "distance": 1848.92,
            "altitude": 24.799999999999955,
            "speed": 2.819
        },
        {
            "timestamp": "2015-08-27T17:12:59.000Z",
            "position_lat": 59.35019080527127,
            "position_long": 18.082346599549055,
            "distance": 1855.23,
            "altitude": 25,
            "speed": 2.839
        },
        {
            "timestamp": "2015-08-27T17:13:04.000Z",
            "position_lat": 59.35011553578079,
            "position_long": 18.08214551769197,
            "distance": 1869.53,
            "altitude": 25.399999999999977,
            "speed": 2.938
        },
        {
            "timestamp": "2015-08-27T17:13:08.000Z",
            "position_lat": 59.35005216859281,
            "position_long": 18.08199749328196,
            "distance": 1880.64,
            "altitude": 25.399999999999977,
            "speed": 2.859
        },
        {
            "timestamp": "2015-08-27T17:13:14.000Z",
            "position_lat": 59.34995695017278,
            "position_long": 18.08176388964057,
            "distance": 1897.75,
            "altitude": 25.399999999999977,
            "speed": 2.817
        },
        {
            "timestamp": "2015-08-27T17:13:22.000Z",
            "position_lat": 59.34983717277646,
            "position_long": 18.081455351784825,
            "distance": 1919.82,
            "altitude": 25.600000000000023,
            "speed": 2.808
        },
        {
            "timestamp": "2015-08-27T17:13:28.000Z",
            "position_lat": 59.34974321164191,
            "position_long": 18.081251922994852,
            "distance": 1935.47,
            "altitude": 25.600000000000023,
            "speed": 2.692
        },
        {
            "timestamp": "2015-08-27T17:13:31.000Z",
            "position_lat": 59.34969887137413,
            "position_long": 18.081153267994523,
            "distance": 1943.03,
            "altitude": 26,
            "speed": 2.633
        },
        {
            "timestamp": "2015-08-27T17:13:33.000Z",
            "position_lat": 59.3496726360172,
            "position_long": 18.08108855970204,
            "distance": 1947.74,
            "altitude": 26,
            "speed": 2.598
        },
        {
            "timestamp": "2015-08-27T17:13:38.000Z",
            "position_lat": 59.34959443286061,
            "position_long": 18.080897955223918,
            "distance": 1961.67,
            "altitude": 26,
            "speed": 2.66
        },
        {
            "timestamp": "2015-08-27T17:13:43.000Z",
            "position_lat": 59.34951027855277,
            "position_long": 18.080716151744127,
            "distance": 1975.63,
            "altitude": 25.799999999999955,
            "speed": 2.738
        },
        {
            "timestamp": "2015-08-27T17:13:49.000Z",
            "position_lat": 59.349416736513376,
            "position_long": 18.080467293038964,
            "distance": 1993.23,
            "altitude": 25.799999999999955,
            "speed": 2.848
        },
        {
            "timestamp": "2015-08-27T17:13:52.000Z",
            "position_lat": 59.349363427609205,
            "position_long": 18.080362183973193,
            "distance": 2001.67,
            "altitude": 26,
            "speed": 2.861
        },
        {
            "timestamp": "2015-08-27T17:13:55.000Z",
            "position_lat": 59.3492946960032,
            "position_long": 18.080274257808924,
            "distance": 2010.85,
            "altitude": 25.799999999999955,
            "speed": 2.922
        },
        {
            "timestamp": "2015-08-27T17:14:00.000Z",
            "position_lat": 59.34920819476247,
            "position_long": 18.080154648050666,
            "distance": 2023.11,
            "altitude": 26.200000000000045,
            "speed": 2.752
        },
        {
            "timestamp": "2015-08-27T17:14:04.000Z",
            "position_lat": 59.34914181008935,
            "position_long": 18.08006496168673,
            "distance": 2032.75,
            "altitude": 26.600000000000023,
            "speed": 2.56
        },
        {
            "timestamp": "2015-08-27T17:14:07.000Z",
            "position_lat": 59.34906905516982,
            "position_long": 18.080034451559186,
            "distance": 2041.09,
            "altitude": 26.799999999999955,
            "speed": 2.461
        },
        {
            "timestamp": "2015-08-27T17:14:08.000Z",
            "position_lat": 59.34905572794378,
            "position_long": 18.08001894503832,
            "distance": 2042.82,
            "altitude": 27,
            "speed": 2.428
        },
        {
            "timestamp": "2015-08-27T17:14:11.000Z",
            "position_lat": 59.34899529442191,
            "position_long": 18.079931186512113,
            "distance": 2051.2,
            "altitude": 27.600000000000023,
            "speed": 2.448
        },
        {
            "timestamp": "2015-08-27T17:14:13.000Z",
            "position_lat": 59.348962185904384,
            "position_long": 18.079871591180563,
            "distance": 2056.21,
            "altitude": 28,
            "speed": 2.524
        },
        {
            "timestamp": "2015-08-27T17:14:16.000Z",
            "position_lat": 59.34891298413277,
            "position_long": 18.07978978380561,
            "distance": 2063.48,
            "altitude": 28.399999999999977,
            "speed": 2.547
        },
        {
            "timestamp": "2015-08-27T17:14:21.000Z",
            "position_lat": 59.34881508350372,
            "position_long": 18.07965014129877,
            "distance": 2077.04,
            "altitude": 28.600000000000023,
            "speed": 2.587
        },
        {
            "timestamp": "2015-08-27T17:14:24.000Z",
            "position_lat": 59.348766803741455,
            "position_long": 18.079515360295773,
            "distance": 2086.59,
            "altitude": 29,
            "speed": 2.694
        },
        {
            "timestamp": "2015-08-27T17:14:27.000Z",
            "position_lat": 59.348717937245965,
            "position_long": 18.07938485406339,
            "distance": 2095.76,
            "altitude": 29.200000000000045,
            "speed": 2.855
        },
        {
            "timestamp": "2015-08-27T17:14:34.000Z",
            "position_lat": 59.34858282096684,
            "position_long": 18.079156866297126,
            "distance": 2115.57,
            "altitude": 28.799999999999955,
            "speed": 2.973
        },
        {
            "timestamp": "2015-08-27T17:14:39.000Z",
            "position_lat": 59.34846832416952,
            "position_long": 18.078977409750223,
            "distance": 2132.11,
            "altitude": 28.200000000000045,
            "speed": 3.049
        },
        {
            "timestamp": "2015-08-27T17:14:40.000Z",
            "position_lat": 59.34844644740224,
            "position_long": 18.078953102231026,
            "distance": 2134.86,
            "altitude": 28.200000000000045,
            "speed": 3.021
        },
        {
            "timestamp": "2015-08-27T17:14:46.000Z",
            "position_lat": 59.34829859063029,
            "position_long": 18.07887313887477,
            "distance": 2152,
            "altitude": 30,
            "speed": 2.999
        },
        {
            "timestamp": "2015-08-27T17:14:51.000Z",
            "position_lat": 59.34816439636052,
            "position_long": 18.07873534038663,
            "distance": 2168.9,
            "altitude": 29.200000000000045,
            "speed": 3.05
        },
        {
            "timestamp": "2015-08-27T17:14:52.000Z",
            "position_lat": 59.348138915374875,
            "position_long": 18.078692005947232,
            "distance": 2172.66,
            "altitude": 29,
            "speed": 3.102
        },
        {
            "timestamp": "2015-08-27T17:14:55.000Z",
            "position_lat": 59.3480721116066,
            "position_long": 18.07864054106176,
            "distance": 2180.76,
            "altitude": 28.799999999999955,
            "speed": 3.139
        },
        {
            "timestamp": "2015-08-27T17:15:00.000Z",
            "position_lat": 59.3479682598263,
            "position_long": 18.07851020246744,
            "distance": 2194.57,
            "altitude": 28.399999999999977,
            "speed": 2.953
        },
        {
            "timestamp": "2015-08-27T17:15:04.000Z",
            "position_lat": 59.34789206832647,
            "position_long": 18.07842663489282,
            "distance": 2204.94,
            "altitude": 28.600000000000023,
            "speed": 2.714
        },
        {
            "timestamp": "2015-08-27T17:15:05.000Z",
            "position_lat": 59.347882345318794,
            "position_long": 18.07839922606945,
            "distance": 2206.75,
            "altitude": 28.600000000000023,
            "speed": 2.643
        },
        {
            "timestamp": "2015-08-27T17:15:10.000Z",
            "position_lat": 59.34777555987239,
            "position_long": 18.078272743150592,
            "distance": 2220.73,
            "altitude": 28.600000000000023,
            "speed": 2.556
        },
        {
            "timestamp": "2015-08-27T17:15:13.000Z",
            "position_lat": 59.34771101921797,
            "position_long": 18.07823804207146,
            "distance": 2228.17,
            "altitude": 28.799999999999955,
            "speed": 2.552
        },
        {
            "timestamp": "2015-08-27T17:15:15.000Z",
            "position_lat": 59.34766123071313,
            "position_long": 18.07823544368148,
            "distance": 2233.72,
            "altitude": 28.799999999999955,
            "speed": 2.552
        },
        {
            "timestamp": "2015-08-27T17:15:17.000Z",
            "position_lat": 59.3476386833936,
            "position_long": 18.078258242458105,
            "distance": 2236.63,
            "altitude": 28.600000000000023,
            "speed": 2.52
        },
        {
            "timestamp": "2015-08-27T17:15:18.000Z",
            "position_lat": 59.34762988239527,
            "position_long": 18.078282549977303,
            "distance": 2238.32,
            "altitude": 28.600000000000023,
            "speed": 2.417
        }
    ],
    "sessions": [
        {
            "timestamp": "2015-08-27T17:15:22.000Z",
            "start_time": "2015-08-27T17:02:00.000Z",
            "start_position_lat": 59.36198984272778,
            "start_position_long": 18.07450574822724,
            "total_elapsed_time": 799.012,
            "total_timer_time": 797.826,
            "total_distance": 2238.32,
            "nec_lat": 59.36198984272778,
            "nec_long": 18.08553130365908,
            "swc_lat": 59.34762988239527,
            "swc_long": 18.07450574822724,
            "total_calories": 198,
            "avg_speed": 2.806,
            "max_speed": 3.611,
            "total_ascent": 23,
            "total_descent": 2,
            "num_laps": 3,
            "event": 9,
            "event_type": 1,
            "sport": 1
        }
    ],
    "laps": [
        {
            "timestamp": "2015-08-27T17:07:51.000Z",
            "start_time": "2015-08-27T17:02:00.000Z",
            "start_position_lat": 59.36198984272778,
            "start_position_long": 18.07450574822724,
            "end_position_lat": 59.35680454596877,
            "end_position_long": 18.083279840648174,
            "total_elapsed_time": 351.301,
            "total_timer_time": 350.697,
            "total_distance": 1000,
            "total_calories": 87,
            "avg_speed": 2.851,
            "max_speed": 3.289,
            "total_ascent": 2,
            "total_descent": 2,
            "event": 9,
            "event_type": 1,
            "lap_trigger": 2,
            "sport": 1
        },
        {
            "timestamp": "2015-08-27T17:13:52.000Z",
            "start_time": "2015-08-27T17:07:52.000Z",
            "start_position_lat": 59.356789290905,
            "start_position_long": 18.08331144042313,
            "end_position_lat": 59.349363427609205,
            "end_position_long": 18.080362183973193,
            "total_elapsed_time": 361.605,
            "total_timer_time": 361.023,
            "total_distance": 1000,
            "message_index": 1,
            "total_calories": 90,
            "avg_speed": 2.77,
            "max_speed": 3.611,
            "total_ascent": 17,
            "event": 9,
            "event_type": 1,
            "lap_trigger": 2,
            "sport": 1
        },
        {
            "timestamp": "2015-08-27T17:15:22.000Z",
            "start_time": "2015-08-27T17:13:53.000Z",
            "start_position_lat": 59.34934473596513,
            "start_position_long": 18.08032982982695,
            "end_position_lat": 59.34762988239527,
            "end_position_long": 18.078282549977303,
            "total_elapsed_time": 86.106,
            "total_timer_time": 86.106,
            "total_distance": 238.32,
            "message_index": 2,
            "total_calories": 21,
            "avg_speed": 2.768,
            "max_speed": 3.177,
            "total_ascent": 4,
            "event": 9,
            "event_type": 1,
            "lap_trigger": 7,
            "sport": 1
        }
    ],
    "events": [
        {
            "timestamp": 809629320
        },
        {
            "timestamp": 809630118,
            "event_type": 4
        },
        {
            "timestamp": 809630122,
            "data": 1,
            "event": 8,
            "event_type": 9,
            "event_group": 1
        }
    ],
    "_fileHeader_": {
        "headerSize": 14,
        "protocolVersion": 16,
        "profileVersion": 200,
        "dataSize": 6004,
        "protocolVersionMajor": 1,
        "protocolVersionMinor": 0,
        "profileVersionMajor": 2,
        "profileVersionMinor": 0,
        "estimatedFitFileSize": 6020,
        "dataType": ".FIT",
        "headerCRC": 0,
        "CRC": 20174,
        "verifyCRC": 20174
    },
    "_info_": [
        "Header CRC was not stored in the file",
        "Skipping undefined field. BaseType: 134, FieldDefId: 8, Reported size: 4, Glob msg: device_info",
        "Skipping undefined field. BaseType: 134, FieldDefId: 15, Reported size: 4, Glob msg: device_info",
        "Skipping undefined field. BaseType: 134, FieldDefId: 16, Reported size: 4, Glob msg: device_info",
        "Skipping undefined field. BaseType: 2, FieldDefId: 9, Reported size: 1, Glob msg: device_info",
        "Skipping undefined field. BaseType: 134, FieldDefId: 8, Reported size: 4, Glob msg: device_info",
        "Skipping undefined field. BaseType: 134, FieldDefId: 15, Reported size: 4, Glob msg: device_info",
        "Skipping undefined field. BaseType: 134, FieldDefId: 16, Reported size: 4, Glob msg: device_info",
        "Skipping undefined field. BaseType: 2, FieldDefId: 9, Reported size: 1, Glob msg: device_info",
        "Skipping undefined field. BaseType: 134, FieldDefId: 8, Reported size: 4, Glob msg: device_info",
        "Skipping undefined field. BaseType: 134, FieldDefId: 15, Reported size: 4, Glob msg: device_info",
        "Skipping undefined field. BaseType: 134, FieldDefId: 16, Reported size: 4, Glob msg: device_info",
        "Skipping undefined field. BaseType: 2, FieldDefId: 9, Reported size: 1, Glob msg: device_info",
        "Skipping undefined field. BaseType: 134, FieldDefId: 253, Reported size: 4, Glob msg: undefined",
        "Skipping undefined field. BaseType: 2, FieldDefId: 0, Reported size: 1, Glob msg: undefined",
        "Skipping undefined field. BaseType: 2, FieldDefId: 1, Reported size: 1, Glob msg: undefined",
        "Skipping undefined field. BaseType: 2, FieldDefId: 2, Reported size: 1, Glob msg: undefined",
        "Skipping undefined field. BaseType: 2, FieldDefId: 3, Reported size: 1, Glob msg: undefined",
        "Skipping undefined field. BaseType: 2, FieldDefId: 4, Reported size: 1, Glob msg: undefined",
        "Skipping undefined field. BaseType: 0, FieldDefId: 5, Reported size: 1, Glob msg: undefined",
        "Skipping undefined field. BaseType: 2, FieldDefId: 6, Reported size: 1, Glob msg: undefined",
        "Skipping undefined field. BaseType: 2, FieldDefId: 7, Reported size: 1, Glob msg: undefined",
        "Skipping undefined field. BaseType: 2, FieldDefId: 8, Reported size: 1, Glob msg: undefined",
        "Skipping undefined field. BaseType: 134, FieldDefId: 253, Reported size: 4, Glob msg: undefined",
        "Skipping undefined field. BaseType: 132, FieldDefId: 0, Reported size: 2, Glob msg: undefined",
        "Skipping undefined field. BaseType: 132, FieldDefId: 3, Reported size: 2, Glob msg: undefined",
        "Skipping undefined field. BaseType: 2, FieldDefId: 1, Reported size: 1, Glob msg: undefined",
        "Skipping undefined field. BaseType: 2, FieldDefId: 2, Reported size: 1, Glob msg: undefined",
        "Skipping undefined field. BaseType: 0, FieldDefId: 4, Reported size: 1, Glob msg: undefined",
        "Skipping undefined field. BaseType: 0, FieldDefId: 5, Reported size: 1, Glob msg: undefined",
        "Skipping undefined field. BaseType: 2, FieldDefId: 6, Reported size: 1, Glob msg: undefined",
        "Skipping undefined field. BaseType: 1, FieldDefId: 7, Reported size: 1, Glob msg: undefined",
        "Skipping undefined field. BaseType: 134, FieldDefId: 253, Reported size: 4, Glob msg: undefined",
        "Skipping undefined field. BaseType: 132, FieldDefId: 0, Reported size: 2, Glob msg: undefined",
        "Skipping undefined field. BaseType: 131, FieldDefId: 1, Reported size: 2, Glob msg: undefined",
        "Skipping undefined field. BaseType: 2, FieldDefId: 2, Reported size: 1, Glob msg: undefined",
        "Skipping undefined field. BaseType: 1, FieldDefId: 3, Reported size: 1, Glob msg: undefined",
        "Skipping undefined field. BaseType: 134, FieldDefId: 253, Reported size: 4, Glob msg: undefined",
        "Skipping undefined field. BaseType: 2, FieldDefId: 0, Reported size: 1, Glob msg: undefined",
        "Skipping undefined field. BaseType: 2, FieldDefId: 1, Reported size: 1, Glob msg: undefined",
        "Skipping undefined field. BaseType: 2, FieldDefId: 2, Reported size: 1, Glob msg: undefined",
        "Skipping undefined field. BaseType: 2, FieldDefId: 3, Reported size: 1, Glob msg: undefined",
        "Skipping undefined field. BaseType: 2, FieldDefId: 4, Reported size: 1, Glob msg: undefined",
        "Skipping undefined field. BaseType: 0, FieldDefId: 5, Reported size: 1, Glob msg: undefined",
        "Skipping undefined field. BaseType: 2, FieldDefId: 6, Reported size: 1, Glob msg: undefined",
        "Skipping undefined field. BaseType: 2, FieldDefId: 7, Reported size: 1, Glob msg: undefined",
        "Skipping undefined field. BaseType: 2, FieldDefId: 8, Reported size: 1, Glob msg: undefined",
        "Skipping undefined field. BaseType: 134, FieldDefId: 253, Reported size: 4, Glob msg: undefined",
        "Skipping undefined field. BaseType: 2, FieldDefId: 0, Reported size: 1, Glob msg: undefined",
        "Skipping undefined field. BaseType: 2, FieldDefId: 1, Reported size: 1, Glob msg: undefined",
        "Skipping undefined field. BaseType: 2, FieldDefId: 2, Reported size: 1, Glob msg: undefined",
        "Skipping undefined field. BaseType: 2, FieldDefId: 3, Reported size: 1, Glob msg: undefined",
        "Skipping undefined field. BaseType: 2, FieldDefId: 4, Reported size: 1, Glob msg: undefined",
        "Skipping undefined field. BaseType: 0, FieldDefId: 5, Reported size: 1, Glob msg: undefined",
        "Skipping undefined field. BaseType: 2, FieldDefId: 6, Reported size: 1, Glob msg: undefined",
        "Skipping undefined field. BaseType: 2, FieldDefId: 7, Reported size: 1, Glob msg: undefined",
        "Skipping undefined field. BaseType: 2, FieldDefId: 8, Reported size: 1, Glob msg: undefined",
        "Skipping undefined field. BaseType: 134, FieldDefId: 253, Reported size: 4, Glob msg: undefined",
        "Skipping undefined field. BaseType: 132, FieldDefId: 0, Reported size: 2, Glob msg: undefined",
        "Skipping undefined field. BaseType: 131, FieldDefId: 1, Reported size: 2, Glob msg: undefined",
        "Skipping undefined field. BaseType: 2, FieldDefId: 2, Reported size: 1, Glob msg: undefined",
        "Skipping undefined field. BaseType: 1, FieldDefId: 3, Reported size: 1, Glob msg: undefined",
        "Skipping undefined field. BaseType: 133, FieldDefId: 27, Reported size: 4, Glob msg: lap",
        "Skipping undefined field. BaseType: 133, FieldDefId: 28, Reported size: 4, Glob msg: lap",
        "Skipping undefined field. BaseType: 133, FieldDefId: 29, Reported size: 4, Glob msg: lap",
        "Skipping undefined field. BaseType: 133, FieldDefId: 30, Reported size: 4, Glob msg: lap",
        "Skipping undefined field. BaseType: 134, FieldDefId: 253, Reported size: 4, Glob msg: undefined",
        "Skipping undefined field. BaseType: 132, FieldDefId: 0, Reported size: 2, Glob msg: undefined",
        "Skipping undefined field. BaseType: 131, FieldDefId: 1, Reported size: 2, Glob msg: undefined",
        "Skipping undefined field. BaseType: 2, FieldDefId: 2, Reported size: 1, Glob msg: undefined",
        "Skipping undefined field. BaseType: 1, FieldDefId: 3, Reported size: 1, Glob msg: undefined",
        "Skipping undefined field. BaseType: 133, FieldDefId: 27, Reported size: 4, Glob msg: lap",
        "Skipping undefined field. BaseType: 133, FieldDefId: 28, Reported size: 4, Glob msg: lap",
        "Skipping undefined field. BaseType: 133, FieldDefId: 29, Reported size: 4, Glob msg: lap",
        "Skipping undefined field. BaseType: 133, FieldDefId: 30, Reported size: 4, Glob msg: lap",
        "Skipping undefined field. BaseType: 134, FieldDefId: 8, Reported size: 4, Glob msg: device_info",
        "Skipping undefined field. BaseType: 134, FieldDefId: 15, Reported size: 4, Glob msg: device_info",
        "Skipping undefined field. BaseType: 134, FieldDefId: 16, Reported size: 4, Glob msg: device_info",
        "Skipping undefined field. BaseType: 2, FieldDefId: 9, Reported size: 1, Glob msg: device_info",
        "Skipping undefined field. BaseType: 134, FieldDefId: 8, Reported size: 4, Glob msg: device_info",
        "Skipping undefined field. BaseType: 134, FieldDefId: 15, Reported size: 4, Glob msg: device_info",
        "Skipping undefined field. BaseType: 134, FieldDefId: 16, Reported size: 4, Glob msg: device_info",
        "Skipping undefined field. BaseType: 2, FieldDefId: 9, Reported size: 1, Glob msg: device_info",
        "Skipping undefined field. BaseType: 134, FieldDefId: 8, Reported size: 4, Glob msg: device_info",
        "Skipping undefined field. BaseType: 134, FieldDefId: 15, Reported size: 4, Glob msg: device_info",
        "Skipping undefined field. BaseType: 134, FieldDefId: 16, Reported size: 4, Glob msg: device_info",
        "Skipping undefined field. BaseType: 2, FieldDefId: 9, Reported size: 1, Glob msg: device_info",
        "Skipping undefined field. BaseType: 133, FieldDefId: 27, Reported size: 4, Glob msg: lap",
        "Skipping undefined field. BaseType: 133, FieldDefId: 28, Reported size: 4, Glob msg: lap",
        "Skipping undefined field. BaseType: 133, FieldDefId: 29, Reported size: 4, Glob msg: lap",
        "Skipping undefined field. BaseType: 133, FieldDefId: 30, Reported size: 4, Glob msg: lap",
        "Skipping undefined field. BaseType: 133, FieldDefId: 38, Reported size: 4, Glob msg: session",
        "Skipping undefined field. BaseType: 133, FieldDefId: 39, Reported size: 4, Glob msg: session",
        "Skipping undefined field. BaseType: 132, FieldDefId: 33, Reported size: 2, Glob msg: session",
        "Skipping undefined field. BaseType: 132, FieldDefId: 45, Reported size: 2, Glob msg: session",
        "Skipping undefined field. BaseType: 134, FieldDefId: 253, Reported size: 4, Glob msg: undefined",
        "Skipping undefined field. BaseType: 132, FieldDefId: 0, Reported size: 2, Glob msg: undefined",
        "Skipping undefined field. BaseType: 131, FieldDefId: 1, Reported size: 2, Glob msg: undefined",
        "Skipping undefined field. BaseType: 2, FieldDefId: 2, Reported size: 1, Glob msg: undefined",
        "Skipping undefined field. BaseType: 1, FieldDefId: 3, Reported size: 1, Glob msg: undefined"
    ]
}