{
    "file_id": {
        "serial_number": 3815643554,
        "time_created": 809629823,
        "manufacturer": 1,
        "product": 1018,
        "type": 4
    },
    "file_creator": {
        "software_version": 450
    },
    "device_info": {
        "timestamp": 809630238,
        "manufacturer": 1,
        "product": 617,
        "software_version": 2.1,
        "device_index": 1,
        "device_type": 12
    },
    "undefined": {},
    "activity": {
        "timestamp": "2015-08-27T17:17:32.000Z",
        "total_timer_time": 418.75,
        "num_sessions": 1,
        "event": 26,
        "event_type": 1
    },
    "records": [
        {
            "timestamp": "2015-08-27T17:10:20.000Z",
            "position_lat": 60.455752685666084,
            "position_long": 15.548633141443133,
            "distance": 0.85,
            "altitude": 132.79999999999995,
            "speed": 1.776
        },
        {
            "timestamp": "2015-08-27T17:10:21.000Z",
            "position_lat": 60.45573843643069,
            "position_long": 15.548658203333616,
            "distance": 2.94,
            "altitude": 132.79999999999995,
            "speed": 1.831
        },
        {
            "timestamp": "2015-08-27T17:10:24.000Z",
            "position_lat": 60.45565931126475,
            "position_long": 15.548681085929275,
            "distance": 11.89,
            "altitude": 132.60000000000002,
            "speed": 2.089
        },
        {
            "timestamp": "2015-08-27T17:10:26.000Z",
            "position_lat": 60.45559720136225,
            "position_long": 15.54867161437869,
            "distance": 18.81,
            "altitude": 132.60000000000002,
            "speed": 2.196
        },
        {
            "timestamp": "2015-08-27T17:10:30.000Z",
            "position_lat": 60.45547675341368,
            "position_long": 15.548635069280863,
            "distance": 32.38,
            "altitude": 132.39999999999998,
            "speed": 2.781
        },
        {
            "timestamp": "2015-08-27T17:10:35.000Z",
            "position_lat": 60.45532797463238,
            "position_long": 15.548571366816759,
            "distance": 49.32,
            "altitude": 132.20000000000005,
            "speed": 3.381
        },
        {
            "timestamp": "2015-08-27T17:10:41.000Z",
            "position_lat": 60.4551699757576,
            "position_long": 15.548449493944645,
            "distance": 68.16,
            "altitude": 132,
            "speed": 3.246
        },
        {
            "timestamp": "2015-08-27T17:10:46.000Z",
            "position_lat": 60.45503720641136,
            "position_long": 15.548355700448155,
            "distance": 83.81,
            "altitude": 131.79999999999995,
            "speed": 3.172
        },
        {
            "timestamp": "2015-08-27T17:10:51.000Z",
            "position_lat": 60.4549038503319,
            "position_long": 15.548287304118276,
            "distance": 99.13,
            "altitude": 131.60000000000002,
            "speed": 3.106
        },
        {
            "timestamp": "2015-08-27T17:10:56.000Z",
            "position_lat": 60.45477284118533,
            "position_long": 15.548242712393403,
            "distance": 113.99,
            "altitude": 131.60000000000002,
            "speed": 3.015
        },
        {
            "timestamp": "2015-08-27T17:11:02.000Z",
            "position_lat": 60.45460453256965,
            "position_long": 15.548185966908932,
            "distance": 133.08,
            "altitude": 131.60000000000002,
            "speed": 3.116
        },
        {
            "timestamp": "2015-08-27T17:11:08.000Z",
            "position_lat": 60.45442876406014,
            "position_long": 15.548105584457517,
            "distance": 153.26,
            "altitude": 131.79999999999995,
            "speed": 3.241
        },
        {
            "timestamp": "2015-08-27T17:11:14.000Z",
            "position_lat": 60.45426028780639,
            "position_long": 15.54805688560009,
            "distance": 172.31,
            "altitude": 132.20000000000005,
            "speed": 3.267
        },
        {
            "timestamp": "2015-08-27T17:11:20.000Z",
            "position_lat": 60.45411167666316,
            "position_long": 15.547933420166373,
            "distance": 190.04,
            "altitude": 132.20000000000005,
            "speed": 3.115
        },
        {
            "timestamp": "2015-08-27T17:11:25.000Z",
            "position_lat": 60.454012686386704,
            "position_long": 15.547932414337993,
            "distance": 201.52,
            "altitude": 132.20000000000005,
            "speed": 2.709
        },
        {
            "timestamp": "2015-08-27T17:11:26.000Z",
            "position_lat": 60.45398846268654,
            "position_long": 15.547910537570715,
            "distance": 204.48,
            "altitude": 132.20000000000005,
            "speed": 2.689
        },
        {
            "timestamp": "2015-08-27T17:11:29.000Z",
            "position_lat": 60.45391612686217,
            "position_long": 15.547826467081904,
            "distance": 213.69,
            "altitude": 132.20000000000005,
            "speed": 2.68
        },
        {
            "timestamp": "2015-08-27T17:11:35.000Z",
            "position_lat": 60.453772796317935,
            "position_long": 15.547694116830826,
            "distance": 231.22,
            "altitude": 132.20000000000005,
            "speed": 2.887
        },
        {
            "timestamp": "2015-08-27T17:11:41.000Z",
            "position_lat": 60.4536262806505,
            "position_long": 15.547556653618813,
            "distance": 249.21,
            "altitude": 132,
            "speed": 2.991
        },
        {
            "timestamp": "2015-08-27T17:11:46.000Z",
            "position_lat": 60.45351991429925,
            "position_long": 15.54741776548326,
            "distance": 263.34,
            "altitude": 132,
            "speed": 3.031
        },
        {
            "timestamp": "2015-08-27T17:11:51.000Z",
            "position_lat": 60.45341975055635,
            "position_long": 15.547282649204135,
            "distance": 276.81,
            "altitude": 131.79999999999995,
            "speed": 2.803
        },
        {
            "timestamp": "2015-08-27T17:11:57.000Z",
            "position_lat": 60.453272899612784,
            "position_long": 15.547115849331021,
            "distance": 295.55,
            "altitude": 131.79999999999995,
            "speed": 2.825
        },
        {
            "timestamp": "2015-08-27T17:12:03.000Z",
            "position_lat": 60.453131161630154,
            "position_long": 15.54692231118679,
            "distance": 314.78,
            "altitude": 132,
            "speed": 3.138
        },
        {
            "timestamp": "2015-08-27T17:12:08.000Z",
            "position_lat": 60.453021777793765,
            "position_long": 15.546756517142057,
            "distance": 330.04,
            "altitude": 131.79999999999995,
            "speed": 3.143
        },
        {
            "timestamp": "2015-08-27T17:12:14.000Z",
            "position_lat": 60.45290166512132,
            "position_long": 15.546541102230549,
            "distance": 347.94,
            "altitude": 131.79999999999995,
            "speed": 3.068
        },
        {
            "timestamp": "2015-08-27T17:12:20.000Z",
            "position_lat": 60.45279244892299,
            "position_long": 15.54628168232739,
            "distance": 366.75,
            "altitude": 132,
            "speed": 3.065
        },
        {
            "timestamp": "2015-08-27T17:12:27.000Z",
            "position_lat": 60.452682729810476,
            "position_long": 15.54595772176981,
            "distance": 388.39,
            "altitude": 132,
            "speed": 3.102
        },
        {
            "timestamp": "2015-08-27T17:12:31.000Z",
            "position_lat": 60.45264056883752,
            "position_long": 15.545783126726747,
            "distance": 399.31,
            "altitude": 132,
            "speed": 2.96
        },
        {
            "timestamp": "2015-08-27T17:12:37.000Z",
            "position_lat": 60.45257108286023,
            "position_long": 15.545511050149798,
            "distance": 416.14,
            "altitude": 132,
            "speed": 2.807
        },
        {
            "timestamp": "2015-08-27T17:12:43.000Z",
            "position_lat": 60.452452562749386,
            "position_long": 15.545256743207574,
            "distance": 435.45,
            "altitude": 132,
            "speed": 3.008
        },
        {
            "timestamp": "2015-08-27T17:12:49.000Z",
            "position_lat": 60.452338736504316,
            "position_long": 15.54500201717019,
            "distance": 454.36,
            "altitude": 132,
            "speed": 3.211
        },
        {
            "timestamp": "2015-08-27T17:12:52.000Z",
            "position_lat": 60.452280482277274,
            "position_long": 15.544959688559175,
            "distance": 461.5,
            "altitude": 132,
            "speed": 3.011
        },
        {
            "timestamp": "2015-08-27T17:12:53.000Z",
            "position_lat": 60.45226070098579,
            "position_long": 15.544981062412262,
            "distance": 464,
            "altitude": 131.79999999999995,
            "speed": 2.94
        },
        {
            "timestamp": "2015-08-27T17:12:56.000Z",
            "position_lat": 60.452217953279614,
            "position_long": 15.545130679383874,
            "distance": 473.58,
            "altitude": 131.79999999999995,
            "speed": 2.926
        },
        {
            "timestamp": "2015-08-27T17:12:57.000Z",
            "position_lat": 60.452209236100316,
            "position_long": 15.54518130607903,
            "distance": 476.5,
            "altitude": 131.79999999999995,
            "speed": 2.898
        },
        {
            "timestamp": "2015-08-27T17:13:03.000Z",
            "position_lat": 60.452143689617515,
            "position_long": 15.545479450374842,
            "distance": 494.54,
            "altitude": 131.60000000000002,
            "speed": 2.922
        },
        {
            "timestamp": "2015-08-27T17:13:05.000Z",
            "position_lat": 60.45211913064122,
            "position_long": 15.545539297163486,
            "distance": 498.83,
            "altitude": 131.60000000000002,
            "speed": 2.915
        },
        {
            "timestamp": "2015-08-27T17:13:07.000Z",
            "position_lat": 60.452101193368435,
            "position_long": 15.54564306512475,
            "distance": 504.88,
            "altitude": 131.39999999999998,
            "speed": 2.877
        },
        {
            "timestamp": "2015-08-27T17:13:13.000Z",
            "position_lat": 60.452038161456585,
            "position_long": 15.545954536646605,
            "distance": 523.46,
            "altitude": 131.20000000000005,
            "speed": 2.883
        },
        {
            "timestamp": "2015-08-27T17:13:20.000Z",
            "position_lat": 60.45195434242487,
            "position_long": 15.546309174969792,
            "distance": 545.1,
            "altitude": 131.20000000000005,
            "speed": 3.114
        },
        {
            "timestamp": "2015-08-27T17:13:26.000Z",
            "position_lat": 60.45185627415776,
            "position_long": 15.546635566279292,
            "distance": 566.16,
            "altitude": 131,
            "speed": 3.262
        },
        {
            "timestamp": "2015-08-27T17:13:27.000Z",
            "position_lat": 60.451839845627546,
            "position_long": 15.546689042821527,
            "distance": 569.62,
            "altitude": 131,
            "speed": 3.323
        },
        {
            "timestamp": "2015-08-27T17:13:33.000Z",
            "position_lat": 60.45174772851169,
            "position_long": 15.547005040571094,
            "distance": 589.81,
            "altitude": 131,
            "speed": 3.466
        },
        {
            "timestamp": "2015-08-27T17:13:35.000Z",
            "position_lat": 60.451705902814865,
            "position_long": 15.547101348638535,
            "distance": 596.87,
            "altitude": 131,
            "speed": 3.475
        },
        {
            "timestamp": "2015-08-27T17:13:39.000Z",
            "position_lat": 60.451663406565785,
            "position_long": 15.54731315933168,
            "distance": 609.52,
            "altitude": 131,
            "speed": 3.321
        },
        {
            "timestamp": "2015-08-27T17:13:45.000Z",
            "position_lat": 60.451583778485656,
            "position_long": 15.547622786834836,
            "distance": 628.77,
            "altitude": 130.79999999999995,
            "speed": 3.244
        },
        {
            "timestamp": "2015-08-27T17:13:51.000Z",
            "position_lat": 60.45150632970035,
            "position_long": 15.547921098768711,
            "distance": 647.35,
            "altitude": 130.79999999999995,
            "speed": 3.157
        },
        {
            "timestamp": "2015-08-27T17:13:58.000Z",
            "position_lat": 60.45140071772039,
            "position_long": 15.548258554190397,
            "distance": 669.38,
            "altitude": 130.60000000000002,
            "speed": 3.155
        },
        {
            "timestamp": "2015-08-27T17:14:04.000Z",
            "position_lat": 60.451302733272314,
            "position_long": 15.548578994348645,
            "distance": 690.11,
            "altitude": 130.39999999999998,
            "speed": 3.255
        },
        {
            "timestamp": "2015-08-27T17:14:10.000Z",
            "position_lat": 60.451210364699364,
            "position_long": 15.548901613801718,
            "distance": 710.66,
            "altitude": 130.20000000000005,
            "speed": 3.444
        },
        {
            "timestamp": "2015-08-27T17:14:14.000Z",
            "position_lat": 60.451162504032254,
            "position_long": 15.549107389524579,
            "distance": 723.19,
            "altitude": 130,
            "speed": 3.38
        },
        {
            "timestamp": "2015-08-27T17:14:19.000Z",
            "position_lat": 60.45107290148735,
            "position_long": 15.549390697851777,
            "distance": 741.73,
            "altitude": 130,
            "speed": 3.305
        },
        {
            "timestamp": "2015-08-27T17:14:25.000Z",
            "position_lat": 60.45098505914211,
            "position_long": 15.549719771370292,
            "distance": 762.32,
            "altitude": 129.79999999999995,
            "speed": 3.526
        },
        {
            "timestamp": "2015-08-27T17:14:31.000Z",
            "position_lat": 60.45089746825397,
            "position_long": 15.5500319134444,
            "distance": 782.11,
            "altitude": 129.79999999999995,
            "speed": 3.37
        },
        {
            "timestamp": "2015-08-27T17:14:37.000Z",
            "position_lat": 60.4508164152503,
            "position_long": 15.55035587400198,
            "distance": 802.11,
            "altitude": 129.60000000000002,
            "speed": 3.318
        },
        {
            "timestamp": "2015-08-27T17:14:43.000Z",
            "position_lat": 60.45071901753545,
            "position_long": 15.550661478191614,
            "distance": 822.16,
            "altitude": 129.39999999999998,
            "speed": 3.339
        },
        {
            "timestamp": "2015-08-27T17:14:49.000Z",
            "position_lat": 60.450626062229276,
            "position_long": 15.550964651629329,
            "distance": 841.79,
            "altitude": 129.39999999999998,
            "speed": 3.304
        },
        {
            "timestamp": "2015-08-27T17:14:56.000Z",
            "position_lat": 60.45052430592477,
            "position_long": 15.55132674984634,
            "distance": 864.73,
            "altitude": 129.39999999999998,
            "speed": 3.302
        },
        {
            "timestamp": "2015-08-27T17:14:57.000Z",
            "position_lat": 60.45050796121359,
            "position_long": 15.551382238045335,
            "distance": 868.28,
            "altitude": 129.39999999999998,
            "speed": 3.306
        },
        {
            "timestamp": "2015-08-27T17:15:03.000Z",
            "position_lat": 60.45040964148939,
            "position_long": 15.55169035680592,
            "distance": 888.54,
            "altitude": 129.39999999999998,
            "speed": 3.372
        },
        {
            "timestamp": "2015-08-27T17:15:09.000Z",
            "position_lat": 60.450330851599574,
            "position_long": 15.551984645426273,
            "distance": 906.96,
            "altitude": 129.60000000000002,
            "speed": 3.223
        },
        {
            "timestamp": "2015-08-27T17:15:16.000Z",
            "position_lat": 60.450248289853334,
            "position_long": 15.552305169403553,
            "distance": 926.88,
            "altitude": 129.79999999999995,
            "speed": 2.914
        },
        {
            "timestamp": "2015-08-27T17:15:22.000Z",
            "position_lat": 60.450152987614274,
            "position_long": 15.55258059874177,
            "distance": 945.43,
            "altitude": 129.79999999999995,
            "speed": 2.981
        },
        {
            "timestamp": "2015-08-27T17:15:28.000Z",
            "position_lat": 60.45005491934717,
            "position_long": 15.552826020866632,
            "distance": 962.8,
            "altitude": 129.79999999999995,
            "speed": 2.996
        },
        {
            "timestamp": "2015-08-27T17:15:35.000Z",
            "position_lat": 60.44993153773248,
            "position_long": 15.553125841543078,
            "distance": 984.27,
            "altitude": 129.79999999999995,
            "speed": 2.979
        },
        {
            "timestamp": "2015-08-27T17:15:42.000Z",
            "position_lat": 60.44980748556554,
            "position_long": 15.553417196497321,
            "distance": 1005.44,
            "altitude": 130,
            "speed": 3.053
        },
        {
            "timestamp": "2015-08-27T17:15:43.000Z",
            "position_lat": 60.449791392311454,
            "position_long": 15.553469080477953,
            "distance": 1008.81,
            "altitude": 130,
            "speed": 3.068
        },
        {
            "timestamp": "2015-08-27T17:15:49.000Z",
            "position_lat": 60.44968770816922,
            "position_long": 15.553733026608825,
            "distance": 1027.4,
            "altitude": 130.39999999999998,
            "speed": 3.08
        },
        {
            "timestamp": "2015-08-27T17:15:55.000Z",
            "position_lat": 60.44956558384001,
            "position_long": 15.553991943597794,
            "distance": 1047.11,
            "altitude": 130.79999999999995,
            "speed": 3.19
        },
        {
            "timestamp": "2015-08-27T17:16:01.000Z",
            "position_lat": 60.44946223497391,
            "position_long": 15.55420484393835,
            "distance": 1063.5,
            "altitude": 131.20000000000005,
            "speed": 3.02
        },
        {
            "timestamp": "2015-08-27T17:16:06.000Z",
            "position_lat": 60.449384367093444,
            "position_long": 15.554434340447187,
            "distance": 1078.98,
            "altitude": 131.60000000000002,
            "speed": 2.96
        },
        {
            "timestamp": "2015-08-27T17:16:12.000Z",
            "position_lat": 60.449297446757555,
            "position_long": 15.554669620469213,
            "distance": 1095.16,
            "altitude": 131.79999999999995,
            "speed": 2.89
        },
        {
            "timestamp": "2015-08-27T17:16:18.000Z",
            "position_lat": 60.44920541346073,
            "position_long": 15.554910600185394,
            "distance": 1111.94,
            "altitude": 132,
            "speed": 2.752
        },
        {
            "timestamp": "2015-08-27T17:16:25.000Z",
            "position_lat": 60.44907976873219,
            "position_long": 15.555235063657165,
            "distance": 1134.63,
            "altitude": 132,
            "speed": 3.041
        },
        {
            "timestamp": "2015-08-27T17:16:26.000Z",
            "position_lat": 60.44906426221132,
            "position_long": 15.555273368954659,
            "distance": 1137.36,
            "altitude": 132.20000000000005,
            "speed": 3.041
        },
        {
            "timestamp": "2015-08-27T17:16:32.000Z",
            "position_lat": 60.44894205406308,
            "position_long": 15.555546283721924,
            "distance": 1157.64,
            "altitude": 132.20000000000005,
            "speed": 3.3
        },
        {
            "timestamp": "2015-08-27T17:16:33.000Z",
            "position_lat": 60.448922691866755,
            "position_long": 15.555584924295545,
            "distance": 1160.66,
            "altitude": 132.20000000000005,
            "speed": 3.254
        },
        {
            "timestamp": "2015-08-27T17:16:39.000Z",
            "position_lat": 60.44878698885441,
            "position_long": 15.55582414381206,
            "distance": 1180.75,
            "altitude": 132.39999999999998,
            "speed": 3.306
        },
        {
            "timestamp": "2015-08-27T17:16:40.000Z",
            "position_lat": 60.44876066967845,
            "position_long": 15.55586228147149,
            "distance": 1184.36,
            "altitude": 132.39999999999998,
            "speed": 3.315
        },
        {
            "timestamp": "2015-08-27T17:16:46.000Z",
            "position_lat": 60.448606945574284,
            "position_long": 15.556064117699862,
            "distance": 1204.76,
            "altitude": 132.39999999999998,
            "speed": 3.392
        },
        {
            "timestamp": "2015-08-27T17:16:48.000Z",
            "position_lat": 60.448554223403335,
            "position_long": 15.556138632819057,
            "distance": 1211.92,
            "altitude": 132.39999999999998,
            "speed": 3.418
        },
        {
            "timestamp": "2015-08-27T17:16:54.000Z",
            "position_lat": 60.44838985428214,
            "position_long": 15.556345414370298,
            "distance": 1233.49,
            "altitude": 132.79999999999995,
            "speed": 3.527
        },
        {
            "timestamp": "2015-08-27T17:16:55.000Z",
            "position_lat": 60.448366552591324,
            "position_long": 15.556383887305856,
            "distance": 1236.83,
            "altitude": 132.79999999999995,
            "speed": 3.525
        },
        {
            "timestamp": "2015-08-27T17:17:01.000Z",
            "position_lat": 60.448241578415036,
            "position_long": 15.556569378823042,
            "distance": 1254.12,
            "altitude": 133,
            "speed": 3.215
        },
        {
            "timestamp": "2015-08-27T17:17:06.000Z",
            "position_lat": 60.44822313822806,
            "position_long": 15.55663961917162,
            "distance": 1258.44,
            "altitude": 133,
            "speed": 2.117
        },
        {
            "timestamp": "2015-08-27T17:17:16.000Z",
            "position_lat": 60.44822716154158,
            "position_long": 15.556599218398333,
            "distance": 1258.97,
            "altitude": 132.79999999999995
        },
        {
            "timestamp": "2015-08-27T17:17:18.000Z",
            "position_lat": 60.44822850264609,
            "position_long": 15.556594440713525,
            "distance": 1258.97,
            "altitude": 132.79999999999995
        }
    ],
    "sessions": [
        {
            "timestamp": "2015-08-27T17:17:32.000Z",
            "start_time": "2015-08-27T17:10:20.000Z",
            "start_position_lat": 60.455752685666084,
            "start_position_long": 15.548633141443133,
            "total_elapsed_time": 418.75,
            "total_timer_time": 418.75,
            "total_distance": 1258.97,
            "nec_lat": 60.455752685666084,
            "nec_long": 15.55663961917162,
            "swc_lat": 60.448221461847425,
            "swc_long": 15.544956168159842,
            "total_calories": 103,
            "avg_speed": 3.006,
            "max_speed": 3.582,
            "total_ascent": 6,
            "total_descent": 6,
            "num_laps": 1,
            "event": 9,
            "event_type": 1,
            "sport": 1
        }
    ],
    "laps": [
        {
            "timestamp": "2015-08-27T17:17:32.000Z",
            "start_time": "2015-08-27T17:10:20.000Z",
            "start_position_lat": 60.455752685666084,
            "start_position_long": 15.548633141443133,
            "end_position_lat": 60.44822850264609,
            "end_position_long": 15.556594440713525,
            "total_elapsed_time": 418.75,
            "total_timer_time": 418.75,
            "total_distance": 1258.97,
            "total_calories": 103,
            "avg_speed": 3.006,
            "max_speed": 3.582,
            "total_ascent": 6,
            "total_descent": 6,
            "event": 9,
            "event_type": 1,
            "lap_trigger": 7,
            "sport": 1
        }
    ],
    "events": [
        {
            "timestamp": 809629820
        },
        {
            "timestamp": 809630238,
            "event_type": 4
        },
        {
            "timestamp": 809630252,
            "data": 1,
            "event": 8,
            "event_type": 9,
            "event_group": 1
        }
    ],
    "_fileHeader_": {
        "headerSize": 14,
        "protocolVersion": 16,
        "profileVersion": 131,
        "dataSize": 2687,
        "protocolVersionMajor": 1,
        "protocolVersionMinor": 0,
        "profileVersionMajor": 1,
        "profileVersionMinor": 31,
        "estimatedFitFileSize": 2703,
        "dataType": ".FIT",
        "headerCRC": 0,
        "CRC": 48652,
        "verifyCRC": 48652
    },
    "_info_": [
        "Header CRC was not stored in the file",
        "Skipping undefined field. BaseType: 134, FieldDefId: 8, Reported size: 4, Glob msg: device_info",
        "Skipping undefined field. BaseType: 134, FieldDefId: 15, Reported size: 4, Glob msg: device_info",
        "Skipping undefined field. BaseType: 134, FieldDefId: 16, Reported size: 4, Glob msg: device_info",
        "Skipping undefined field. BaseType: 2, FieldDefId: 9, Reported size: 1, Glob msg: device_info",
        "Skipping undefined field. BaseType: 134, FieldDefId: 8, Reported size: 4, Glob msg: device_info",
        "Skipping undefined field. BaseType: 134, FieldDefId: 15, Reported size: 4, Glob msg: device_info",
        "Skipping undefined field. BaseType: 134, FieldDefId: 16, Reported size: 4, Glob msg: device_info",
        "Skipping undefined field. BaseType: 2, FieldDefId: 9, Reported size: 1, Glob msg: device_info",
        "Skipping undefined field. BaseType: 134, FieldDefId: 253, Reported size: 4, Glob msg: undefined",
        "Skipping undefined field. BaseType: 2, FieldDefId: 0, Reported size: 1, Glob msg: undefined",
        "Skipping undefined field. BaseType: 2, FieldDefId: 1, Reported size: 1, Glob msg: undefined",
        "Skipping undefined field. BaseType: 2, FieldDefId: 2, Reported size: 1, Glob msg: undefined",
        "Skipping undefined field. BaseType: 2, FieldDefId: 3, Reported size: 1, Glob msg: undefined",
        "Skipping undefined field. BaseType: 2, FieldDefId: 4, Reported size: 1, Glob msg: undefined",
        "Skipping undefined field. BaseType: 0, FieldDefId: 5, Reported size: 1, Glob msg: undefined",
        "Skipping undefined field. BaseType: 2, FieldDefId: 6, Reported size: 1, Glob msg: undefined",
        "Skipping undefined field. BaseType: 2, FieldDefId: 7, Reported size: 1, Glob msg: undefined",
        "Skipping undefined field. BaseType: 2, FieldDefId: 8, Reported size: 1, Glob msg: undefined",
        "Skipping undefined field. BaseType: 134, FieldDefId: 253, Reported size: 4, Glob msg: undefined",
        "Skipping undefined field. BaseType: 132, FieldDefId: 0, Reported size: 2, Glob msg: undefined",
        "Skipping undefined field. BaseType: 132, FieldDefId: 3, Reported size: 2, Glob msg: undefined",
        "Skipping undefined field. BaseType: 2, FieldDefId: 1, Reported size: 1, Glob msg: undefined",
        "Skipping undefined field. BaseType: 2, FieldDefId: 2, Reported size: 1, Glob msg: undefined",
        "Skipping undefined field. BaseType: 0, FieldDefId: 4, Reported size: 1, Glob msg: undefined",
        "Skipping undefined field. BaseType: 0, FieldDefId: 5, Reported size: 1, Glob msg: undefined",
        "Skipping undefined field. BaseType: 2, FieldDefId: 6, Reported size: 1, Glob msg: undefined",
        "Skipping undefined field. BaseType: 1, FieldDefId: 7, Reported size: 1, Glob msg: undefined",
        "Skipping undefined field. BaseType: 134, FieldDefId: 8, Reported size: 4, Glob msg: device_info",
        "Skipping undefined field. BaseType: 134, FieldDefId: 15, Reported size: 4, Glob msg: device_info",
        "Skipping undefined field. BaseType: 134, FieldDefId: 16, Reported size: 4, Glob msg: device_info",
        "Skipping undefined field. BaseType: 2, FieldDefId: 9, Reported size: 1, Glob msg: device_info",
        "Skipping undefined field. BaseType: 134, FieldDefId: 8, Reported size: 4, Glob msg: device_info",
        "Skipping undefined field. BaseType: 134, FieldDefId: 15, Reported size: 4, Glob msg: device_info",
        "Skipping undefined field. BaseType: 134, FieldDefId: 16, Reported size: 4, Glob msg: device_info",
        "Skipping undefined field. BaseType: 2, FieldDefId: 9, Reported size: 1, Glob msg: device_info",
        "Skipping undefined field. BaseType: 133, FieldDefId: 27, Reported size: 4, Glob msg: lap",
        "Skipping undefined field. BaseType: 133, FieldDefId: 28, Reported size: 4, Glob msg: lap",
        "Skipping undefined field. BaseType: 133, FieldDefId: 29, Reported size: 4, Glob msg: lap",
        "Skipping undefined field. BaseType: 133, FieldDefId: 30, Reported size: 4, Glob msg: lap"
    ]
}