{
    "file_id": {
        "serial_number": 3877118027,
        "time_created": 809672852,
        "manufacturer": 1,
        "product": 1632,
        "type": 4
    },
    "file_creator": {
        "software_version": 310
    },
    "device_info": {
        "timestamp": 809673212,
        "device_index": 3,
        "device_type": 3
    },
    "undefined": {},
    "activity": {
        "timestamp": "2015-08-28T05:14:30.000Z",
        "total_timer_time": 361.96,
        "local_timestamp": "2015-08-28T07:14:30.000Z",
        "num_sessions": 1,
        "event": 26,
        "event_type": 1
    },
    "records": [
        {
            "timestamp": "2015-08-28T05:07:30.000Z",
            "position_lat": 59.370216596871614,
            "position_long": 17.96625548042357,
            "distance": 0.64,
            "altitude": 19,
            "speed": 1.866,
            "heart_rate": 122,
            "cadence": 61
        },
        {
            "timestamp": "2015-08-28T05:07:31.000Z",
            "position_lat": 59.37021793797612,
            "position_long": 17.96621792949736,
            "distance": 2.78,
            "altitude": 19,
            "speed": 2.137,
            "heart_rate": 122,
            "cadence": 58,
            "fractional_cadence": 0.5
        },
        {
            "timestamp": "2015-08-28T05:07:38.000Z",
            "position_lat": 59.37017326243222,
            "position_long": 17.965855160728097,
            "distance": 23.94,
            "altitude": 18.200000000000045,
            "speed": 3.247,
            "heart_rate": 122,
            "cadence": 80,
            "fractional_cadence": 0.5
        },
        {
            "timestamp": "2015-08-28T05:07:45.000Z",
            "position_lat": 59.37006060965359,
            "position_long": 17.965620635077357,
            "distance": 42.9,
            "altitude": 17.200000000000045,
            "speed": 2.818,
            "heart_rate": 125,
            "cadence": 80
        },
        {
            "timestamp": "2015-08-28T05:07:53.000Z",
            "position_lat": 59.36986933462322,
            "position_long": 17.965562799945474,
            "distance": 64.35,
            "altitude": 14.399999999999977,
            "speed": 2.715,
            "heart_rate": 128,
            "cadence": 80
        },
        {
            "timestamp": "2015-08-28T05:08:00.000Z",
            "position_lat": 59.369702534750104,
            "position_long": 17.965484345331788,
            "distance": 83.48,
            "altitude": 12.600000000000023,
            "speed": 2.715,
            "heart_rate": 131,
            "cadence": 80,
            "fractional_cadence": 0.5
        },
        {
            "timestamp": "2015-08-28T05:08:07.000Z",
            "position_lat": 59.369531041011214,
            "position_long": 17.96538971364498,
            "distance": 103.37,
            "altitude": 10.600000000000023,
            "speed": 2.743,
            "heart_rate": 134,
            "cadence": 82
        },
        {
            "timestamp": "2015-08-28T05:08:14.000Z",
            "position_lat": 59.36937212012708,
            "position_long": 17.965288711711764,
            "distance": 122,
            "altitude": 8.199999999999989,
            "speed": 2.753,
            "heart_rate": 137,
            "cadence": 80,
            "fractional_cadence": 0.5
        },
        {
            "timestamp": "2015-08-28T05:08:21.000Z",
            "position_lat": 59.36921722255647,
            "position_long": 17.965232050046325,
            "distance": 139.72,
            "altitude": 7.399999999999977,
            "speed": 2.706,
            "heart_rate": 140,
            "cadence": 80
        },
        {
            "timestamp": "2015-08-28T05:08:25.000Z",
            "position_lat": 59.36911588534713,
            "position_long": 17.965279407799244,
            "distance": 151.37,
            "altitude": 10,
            "speed": 2.669,
            "heart_rate": 141,
            "cadence": 80
        },
        {
            "timestamp": "2015-08-28T05:08:32.000Z",
            "position_lat": 59.36898462474346,
            "position_long": 17.96553430147469,
            "distance": 172.14,
            "altitude": 13.399999999999977,
            "speed": 2.669,
            "heart_rate": 143,
            "cadence": 80
        },
        {
            "timestamp": "2015-08-28T05:08:35.000Z",
            "position_lat": 59.36894305050373,
            "position_long": 17.965677129104733,
            "distance": 181.66,
            "altitude": 14.200000000000045,
            "speed": 2.706,
            "heart_rate": 144,
            "cadence": 80
        },
        {
            "timestamp": "2015-08-28T05:08:40.000Z",
            "position_lat": 59.36892192810774,
            "position_long": 17.965954151004553,
            "distance": 197.87,
            "altitude": 15.200000000000045,
            "speed": 2.827,
            "heart_rate": 144,
            "cadence": 80
        },
        {
            "timestamp": "2015-08-28T05:08:46.000Z",
            "position_lat": 59.368989234790206,
            "position_long": 17.96622136607766,
            "distance": 214.97,
            "altitude": 13.600000000000023,
            "speed": 2.902,
            "heart_rate": 144,
            "cadence": 80,
            "fractional_cadence": 0.5
        },
        {
            "timestamp": "2015-08-28T05:08:51.000Z",
            "position_lat": 59.36908897943795,
            "position_long": 17.966356901451945,
            "distance": 228.53,
            "altitude": 12.799999999999955,
            "speed": 2.948,
            "heart_rate": 144,
            "cadence": 80
        },
        {
            "timestamp": "2015-08-28T05:08:58.000Z",
            "position_lat": 59.36927229166031,
            "position_long": 17.966429824009538,
            "distance": 249.38,
            "altitude": 14.200000000000045,
            "speed": 2.921,
            "heart_rate": 145,
            "cadence": 79
        },
        {
            "timestamp": "2015-08-28T05:09:05.000Z",
            "position_lat": 59.36946390196681,
            "position_long": 17.96651104465127,
            "distance": 271.23,
            "altitude": 17,
            "speed": 2.948,
            "heart_rate": 147,
            "cadence": 80
        },
        {
            "timestamp": "2015-08-28T05:09:12.000Z",
            "position_lat": 59.369646375998855,
            "position_long": 17.96660534106195,
            "distance": 292.26,
            "altitude": 18.799999999999955,
            "speed": 2.995,
            "heart_rate": 147,
            "cadence": 80,
            "fractional_cadence": 0.5
        },
        {
            "timestamp": "2015-08-28T05:09:20.000Z",
            "position_lat": 59.36983605846763,
            "position_long": 17.966687735170126,
            "distance": 313.88,
            "altitude": 20,
            "speed": 2.986,
            "heart_rate": 148,
            "cadence": 80
        },
        {
            "timestamp": "2015-08-28T05:09:28.000Z",
            "position_lat": 59.37002959661186,
            "position_long": 17.966701816767454,
            "distance": 335.82,
            "altitude": 19.399999999999977,
            "speed": 2.902,
            "heart_rate": 149,
            "cadence": 80,
            "fractional_cadence": 0.5
        },
        {
            "timestamp": "2015-08-28T05:09:36.000Z",
            "position_lat": 59.37016001902521,
            "position_long": 17.96644021756947,
            "distance": 357.01,
            "altitude": 16.600000000000023,
            "speed": 2.827,
            "heart_rate": 150,
            "cadence": 80,
            "fractional_cadence": 0.5
        },
        {
            "timestamp": "2015-08-28T05:09:44.000Z",
            "position_lat": 59.37019111588597,
            "position_long": 17.966056326404214,
            "distance": 379.41,
            "altitude": 16.399999999999977,
            "speed": 2.771,
            "heart_rate": 150,
            "cadence": 80,
            "fractional_cadence": 0.5
        },
        {
            "timestamp": "2015-08-28T05:09:52.000Z",
            "position_lat": 59.37010821886361,
            "position_long": 17.96570872887969,
            "distance": 401.91,
            "altitude": 15.399999999999977,
            "speed": 2.781,
            "heart_rate": 151,
            "cadence": 80,
            "fractional_cadence": 0.5
        },
        {
            "timestamp": "2015-08-28T05:09:59.000Z",
            "position_lat": 59.36992708593607,
            "position_long": 17.965608732774854,
            "distance": 423.16,
            "altitude": 16.600000000000023,
            "speed": 2.809,
            "heart_rate": 151,
            "cadence": 81
        },
        {
            "timestamp": "2015-08-28T05:10:06.000Z",
            "position_lat": 59.36973991803825,
            "position_long": 17.965553579851985,
            "distance": 444.27,
            "altitude": 19.399999999999977,
            "speed": 2.855,
            "heart_rate": 151,
            "cadence": 80
        },
        {
            "timestamp": "2015-08-28T05:10:13.000Z",
            "position_lat": 59.369562305510044,
            "position_long": 17.965469174087048,
            "distance": 464.63,
            "altitude": 20.200000000000045,
            "speed": 2.893,
            "heart_rate": 152,
            "cadence": 80
        },
        {
            "timestamp": "2015-08-28T05:10:21.000Z",
            "position_lat": 59.369361978024244,
            "position_long": 17.965387031435966,
            "distance": 487.46,
            "altitude": 19.399999999999977,
            "speed": 2.902,
            "heart_rate": 152,
            "cadence": 81
        },
        {
            "timestamp": "2015-08-28T05:10:28.000Z",
            "position_lat": 59.36918151564896,
            "position_long": 17.965311259031296,
            "distance": 508.03,
            "altitude": 20.399999999999977,
            "speed": 2.902,
            "heart_rate": 152,
            "cadence": 80
        },
        {
            "timestamp": "2015-08-28T05:10:36.000Z",
            "position_lat": 59.36900708824396,
            "position_long": 17.965431539341807,
            "distance": 529.45,
            "altitude": 19.799999999999955,
            "speed": 2.883,
            "heart_rate": 153,
            "cadence": 80,
            "fractional_cadence": 0.5
        },
        {
            "timestamp": "2015-08-28T05:10:44.000Z",
            "position_lat": 59.36892008408904,
            "position_long": 17.96575365588069,
            "distance": 550.46,
            "altitude": 21,
            "speed": 2.846,
            "heart_rate": 153,
            "cadence": 80,
            "fractional_cadence": 0.5
        },
        {
            "timestamp": "2015-08-28T05:10:51.000Z",
            "position_lat": 59.368935842067,
            "position_long": 17.96610309742391,
            "distance": 570.56,
            "altitude": 21.200000000000045,
            "speed": 2.827,
            "heart_rate": 154,
            "cadence": 81
        },
        {
            "timestamp": "2015-08-28T05:10:59.000Z",
            "position_lat": 59.369077663868666,
            "position_long": 17.966365199536085,
            "distance": 593.11,
            "altitude": 20,
            "speed": 2.818,
            "heart_rate": 153,
            "cadence": 81,
            "fractional_cadence": 0.5
        },
        {
            "timestamp": "2015-08-28T05:11:06.000Z",
            "position_lat": 59.36926810070872,
            "position_long": 17.966437954455614,
            "distance": 614.69,
            "altitude": 20,
            "speed": 2.837,
            "heart_rate": 154,
            "cadence": 80,
            "fractional_cadence": 0.5
        },
        {
            "timestamp": "2015-08-28T05:11:13.000Z",
            "position_lat": 59.36946230940521,
            "position_long": 17.966509452089667,
            "distance": 636.7,
            "altitude": 21.200000000000045,
            "speed": 2.874,
            "heart_rate": 154,
            "cadence": 81
        },
        {
            "timestamp": "2015-08-28T05:11:20.000Z",
            "position_lat": 59.36964159831405,
            "position_long": 17.966590002179146,
            "distance": 657.19,
            "altitude": 22.200000000000045,
            "speed": 2.911,
            "heart_rate": 154,
            "cadence": 80,
            "fractional_cadence": 0.5
        },
        {
            "timestamp": "2015-08-28T05:11:27.000Z",
            "position_lat": 59.36982340179384,
            "position_long": 17.96664884313941,
            "distance": 677.72,
            "altitude": 23,
            "speed": 2.921,
            "heart_rate": 154,
            "cadence": 80,
            "fractional_cadence": 0.5
        },
        {
            "timestamp": "2015-08-28T05:11:34.000Z",
            "position_lat": 59.37000730074942,
            "position_long": 17.966684298589826,
            "distance": 698.52,
            "altitude": 23.799999999999955,
            "speed": 2.921,
            "heart_rate": 153,
            "cadence": 81,
            "fractional_cadence": 0.5
        },
        {
            "timestamp": "2015-08-28T05:11:42.000Z",
            "position_lat": 59.37015566043556,
            "position_long": 17.96647106297314,
            "distance": 719.67,
            "altitude": 20.200000000000045,
            "speed": 2.921,
            "heart_rate": 154,
            "cadence": 80,
            "fractional_cadence": 0.5
        },
        {
            "timestamp": "2015-08-28T05:11:50.000Z",
            "position_lat": 59.37022615224123,
            "position_long": 17.966111982241273,
            "distance": 741.57,
            "altitude": 18.600000000000023,
            "speed": 2.883,
            "heart_rate": 154,
            "cadence": 81,
            "fractional_cadence": 0.5
        },
        {
            "timestamp": "2015-08-28T05:11:57.000Z",
            "position_lat": 59.370242999866605,
            "position_long": 17.96576245687902,
            "distance": 762.05,
            "altitude": 18.399999999999977,
            "speed": 2.865,
            "heart_rate": 154,
            "cadence": 83
        },
        {
            "timestamp": "2015-08-28T05:12:00.000Z",
            "position_lat": 59.37022556550801,
            "position_long": 17.96562373638153,
            "distance": 770.35,
            "altitude": 17.799999999999955,
            "speed": 2.865,
            "heart_rate": 154,
            "cadence": 83
        },
        {
            "timestamp": "2015-08-28T05:12:02.000Z",
            "position_lat": 59.37018122524023,
            "position_long": 17.965565649792552,
            "distance": 776.41,
            "altitude": 16.799999999999955,
            "speed": 2.865,
            "heart_rate": 154,
            "cadence": 83
        },
        {
            "timestamp": "2015-08-28T05:12:07.000Z",
            "position_lat": 59.37005038373172,
            "position_long": 17.96554402448237,
            "distance": 790.81,
            "altitude": 14.799999999999955,
            "speed": 2.865,
            "heart_rate": 153,
            "cadence": 83
        },
        {
            "timestamp": "2015-08-28T05:12:14.000Z",
            "position_lat": 59.369868747889996,
            "position_long": 17.96543648466468,
            "distance": 811.93,
            "altitude": 16.600000000000023,
            "speed": 2.865,
            "heart_rate": 154,
            "cadence": 81,
            "fractional_cadence": 0.5
        },
        {
            "timestamp": "2015-08-28T05:12:21.000Z",
            "position_lat": 59.36966439709067,
            "position_long": 17.965364065021276,
            "distance": 835.09,
            "altitude": 18,
            "speed": 2.902,
            "heart_rate": 154,
            "cadence": 83
        },
        {
            "timestamp": "2015-08-28T05:12:29.000Z",
            "position_lat": 59.36946792528033,
            "position_long": 17.965259794145823,
            "distance": 857.73,
            "altitude": 16.799999999999955,
            "speed": 2.939,
            "heart_rate": 155,
            "cadence": 81,
            "fractional_cadence": 0.5
        },
        {
            "timestamp": "2015-08-28T05:12:37.000Z",
            "position_lat": 59.36926583759487,
            "position_long": 17.965212939307094,
            "distance": 880.46,
            "altitude": 17.200000000000045,
            "speed": 2.93,
            "heart_rate": 155,
            "cadence": 81,
            "fractional_cadence": 0.5
        },
        {
            "timestamp": "2015-08-28T05:12:45.000Z",
            "position_lat": 59.3690793402493,
            "position_long": 17.96518008224666,
            "distance": 901.31,
            "altitude": 18.799999999999955,
            "speed": 2.902,
            "heart_rate": 156,
            "cadence": 81
        },
        {
            "timestamp": "2015-08-28T05:12:50.000Z",
            "position_lat": 59.36898252926767,
            "position_long": 17.965232972055674,
            "distance": 912.65,
            "altitude": 21.399999999999977,
            "speed": 2.865,
            "heart_rate": 156,
            "cadence": 84
        },
        {
            "timestamp": "2015-08-28T05:12:59.000Z",
            "position_lat": 59.36883701942861,
            "position_long": 17.96546196565032,
            "distance": 933.59,
            "altitude": 25.799999999999955,
            "speed": 2.762,
            "heart_rate": 158,
            "cadence": 81,
            "fractional_cadence": 0.5
        },
        {
            "timestamp": "2015-08-28T05:13:07.000Z",
            "position_lat": 59.368753116577864,
            "position_long": 17.96579129062593,
            "distance": 954.53,
            "altitude": 28,
            "speed": 2.697,
            "heart_rate": 158,
            "cadence": 80
        },
        {
            "timestamp": "2015-08-28T05:13:16.000Z",
            "position_lat": 59.36865873634815,
            "position_long": 17.966135116294026,
            "distance": 976.64,
            "altitude": 30.200000000000045,
            "speed": 2.659,
            "heart_rate": 158,
            "cadence": 80,
            "fractional_cadence": 0.5
        },
        {
            "timestamp": "2015-08-28T05:13:18.000Z",
            "position_lat": 59.36862696893513,
            "position_long": 17.96616797335446,
            "distance": 980.47,
            "altitude": 31,
            "speed": 2.641,
            "heart_rate": 159,
            "cadence": 81,
            "fractional_cadence": 0.5
        },
        {
            "timestamp": "2015-08-28T05:13:22.000Z",
            "position_lat": 59.36853594146669,
            "position_long": 17.966144336387515,
            "distance": 990.32,
            "altitude": 30.399999999999977,
            "speed": 2.613,
            "heart_rate": 159,
            "cadence": 80,
            "fractional_cadence": 0.5
        },
        {
            "timestamp": "2015-08-28T05:13:26.000Z",
            "position_lat": 59.36854222789407,
            "position_long": 17.966008884832263,
            "distance": 999.42,
            "altitude": 30.799999999999955,
            "speed": 2.585,
            "heart_rate": 159,
            "cadence": 78
        },
        {
            "timestamp": "2015-08-28T05:13:27.000Z",
            "position_lat": 59.36855589039624,
            "position_long": 17.965970998629928,
            "distance": 1002.06,
            "altitude": 30.600000000000023,
            "speed": 2.575,
            "heart_rate": 160,
            "cadence": 78
        },
        {
            "timestamp": "2015-08-28T05:13:28.000Z",
            "position_lat": 59.36856301501393,
            "position_long": 17.965919617563486,
            "distance": 1005.09,
            "altitude": 30.200000000000045,
            "speed": 2.575,
            "heart_rate": 160,
            "cadence": 79
        },
        {
            "timestamp": "2015-08-28T05:13:32.000Z",
            "position_lat": 59.36857592314482,
            "position_long": 17.965743262320757,
            "distance": 1015.19,
            "altitude": 29,
            "speed": 2.566,
            "heart_rate": 160,
            "cadence": 79,
            "fractional_cadence": 0.5
        }
    ],
    "sessions": [
        {
            "timestamp": "2015-08-28T05:14:30.000Z",
            "start_time": "2015-08-28T05:07:30.000Z",
            "start_position_lat": 59.370216596871614,
            "start_position_long": 17.96625548042357,
            "total_elapsed_time": 361.96,
            "total_timer_time": 361.96,
            "total_distance": 1015.19,
            "total_cycles": 488,
            "nec_lat": 59.37025339342654,
            "nec_long": 17.966725789010525,
            "swc_lat": 59.36852035112679,
            "swc_long": 17.96518008224666,
            "total_calories": 95,
            "avg_speed": 2.805,
            "max_speed": 3.303,
            "total_ascent": 28,
            "total_descent": 17,
            "num_laps": 2,
            "event": 9,
            "event_type": 1,
            "sport": 1,
            "avg_heart_rate": 149,
            "max_heart_rate": 160,
            "avg_cadence": 80,
            "max_cadence": 84,
            "avg_fractional_cadence": 0.6875
        }
    ],
    "laps": [
        {
            "timestamp": "2015-08-28T05:13:27.000Z",
            "start_time": "2015-08-28T05:07:30.000Z",
            "start_position_lat": 59.370216596871614,
            "start_position_long": 17.96625548042357,
            "end_position_lat": 59.36855589039624,
            "end_position_long": 17.965970998629928,
            "total_elapsed_time": 356.665,
            "total_timer_time": 356.665,
            "total_distance": 1000,
            "total_cycles": 482,
            "total_calories": 94,
            "avg_speed": 2.804,
            "max_speed": 3.303,
            "total_ascent": 28,
            "total_descent": 17,
            "event": 9,
            "event_type": 1,
            "avg_heart_rate": 149,
            "max_heart_rate": 160,
            "avg_cadence": 80,
            "max_cadence": 84,
            "lap_trigger": 2,
            "sport": 1,
            "avg_fractional_cadence": 0.703125
        },
        {
            "timestamp": "2015-08-28T05:14:30.000Z",
            "start_time": "2015-08-28T05:13:28.000Z",
            "start_position_lat": 59.36856301501393,
            "start_position_long": 17.965919617563486,
            "end_position_lat": 59.36857592314482,
            "end_position_long": 17.965743262320757,
            "total_elapsed_time": 5.295,
            "total_timer_time": 5.295,
            "total_distance": 15.19,
            "total_cycles": 7,
            "message_index": 1,
            "total_calories": 1,
            "avg_speed": 2.868,
            "max_speed": 2.575,
            "event": 9,
            "event_type": 1,
            "avg_heart_rate": 160,
            "max_heart_rate": 160,
            "avg_cadence": 79,
            "max_cadence": 80,
            "lap_trigger": 7,
            "sport": 1,
            "avg_fractional_cadence": 0.703125
        }
    ],
    "events": [
        {
            "timestamp": 809672850
        },
        {
            "timestamp": 809673212,
            "event_type": 4
        },
        {
            "timestamp": 809673270,
            "data": 1,
            "event": 8,
            "event_type": 9,
            "event_group": 1
        }
    ],
    "_fileHeader_": {
        "headerSize": 14,
        "protocolVersion": 16,
        "profileVersion": 1012,
        "dataSize": 2715,
        "protocolVersionMajor": 1,
        "protocolVersionMinor": 0,
        "profileVersionMajor": 10,
        "profileVersionMinor": 12,
        "estimatedFitFileSize": 2731,
        "dataType": ".FIT",
        "headerCRC": 48337,
        "verifyHeaderCRC": 48337,
        "CRC": 24055,
        "verifyCRC": 24055
    },
    "_info_": [
        "Skipping undefined field. BaseType: 134, FieldDefId: 8, Reported size: 4, Glob msg: device_info",
        "Skipping undefined field. BaseType: 134, FieldDefId: 15, Reported size: 4, Glob msg: device_info",
        "Skipping undefined field. BaseType: 134, FieldDefId: 16, Reported size: 4, Glob msg: device_info",
        "Skipping undefined field. BaseType: 2, FieldDefId: 9, Reported size: 1, Glob msg: device_info",
        "Skipping undefined field. BaseType: 2, FieldDefId: 23, Reported size: 1, Glob msg: device_info",
        "Skipping undefined field. BaseType: 134, FieldDefId: 8, Reported size: 4, Glob msg: device_info",
        "Skipping undefined field. BaseType: 134, FieldDefId: 15, Reported size: 4, Glob msg: device_info",
        "Skipping undefined field. BaseType: 134, FieldDefId: 16, Reported size: 4, Glob msg: device_info",
        "Skipping undefined field. BaseType: 2, FieldDefId: 9, Reported size: 1, Glob msg: device_info",
        "Skipping undefined field. BaseType: 2, FieldDefId: 23, Reported size: 1, Glob msg: device_info",
        "Skipping undefined field. BaseType: 134, FieldDefId: 8, Reported size: 4, Glob msg: device_info",
        "Skipping undefined field. BaseType: 134, FieldDefId: 15, Reported size: 4, Glob msg: device_info",
        "Skipping undefined field. BaseType: 134, FieldDefId: 16, Reported size: 4, Glob msg: device_info",
        "Skipping undefined field. BaseType: 2, FieldDefId: 9, Reported size: 1, Glob msg: device_info",
        "Skipping undefined field. BaseType: 2, FieldDefId: 23, Reported size: 1, Glob msg: device_info",
        "Skipping undefined field. BaseType: 134, FieldDefId: 8, Reported size: 4, Glob msg: device_info",
        "Skipping undefined field. BaseType: 134, FieldDefId: 15, Reported size: 4, Glob msg: device_info",
        "Skipping undefined field. BaseType: 134, FieldDefId: 16, Reported size: 4, Glob msg: device_info",
        "Skipping undefined field. BaseType: 2, FieldDefId: 9, Reported size: 1, Glob msg: device_info",
        "Skipping undefined field. BaseType: 2, FieldDefId: 23, Reported size: 1, Glob msg: device_info",
        "Skipping undefined field. BaseType: 134, FieldDefId: 253, Reported size: 4, Glob msg: undefined",
        "Skipping undefined field. BaseType: 2, FieldDefId: 0, Reported size: 1, Glob msg: undefined",
        "Skipping undefined field. BaseType: 2, FieldDefId: 1, Reported size: 1, Glob msg: undefined",
        "Skipping undefined field. BaseType: 2, FieldDefId: 2, Reported size: 1, Glob msg: undefined",
        "Skipping undefined field. BaseType: 2, FieldDefId: 3, Reported size: 1, Glob msg: undefined",
        "Skipping undefined field. BaseType: 2, FieldDefId: 4, Reported size: 1, Glob msg: undefined",
        "Skipping undefined field. BaseType: 0, FieldDefId: 5, Reported size: 1, Glob msg: undefined",
        "Skipping undefined field. BaseType: 134, FieldDefId: 253, Reported size: 4, Glob msg: undefined",
        "Skipping undefined field. BaseType: 132, FieldDefId: 0, Reported size: 2, Glob msg: undefined",
        "Skipping undefined field. BaseType: 132, FieldDefId: 3, Reported size: 2, Glob msg: undefined",
        "Skipping undefined field. BaseType: 132, FieldDefId: 8, Reported size: 2, Glob msg: undefined",
        "Skipping undefined field. BaseType: 132, FieldDefId: 9, Reported size: 2, Glob msg: undefined",
        "Skipping undefined field. BaseType: 2, FieldDefId: 1, Reported size: 1, Glob msg: undefined",
        "Skipping undefined field. BaseType: 2, FieldDefId: 2, Reported size: 1, Glob msg: undefined",
        "Skipping undefined field. BaseType: 0, FieldDefId: 4, Reported size: 1, Glob msg: undefined",
        "Skipping undefined field. BaseType: 0, FieldDefId: 5, Reported size: 1, Glob msg: undefined",
        "Skipping undefined field. BaseType: 2, FieldDefId: 6, Reported size: 1, Glob msg: undefined",
        "Skipping undefined field. BaseType: 1, FieldDefId: 7, Reported size: 1, Glob msg: undefined",
        "Skipping undefined field. BaseType: 134, FieldDefId: 253, Reported size: 4, Glob msg: undefined",
        "Skipping undefined field. BaseType: 134, FieldDefId: 1, Reported size: 4, Glob msg: undefined",
        "Skipping undefined field. BaseType: 134, FieldDefId: 2, Reported size: 4, Glob msg: undefined",
        "Skipping undefined field. BaseType: 134, FieldDefId: 3, Reported size: 4, Glob msg: undefined",
        "Skipping undefined field. BaseType: 133, FieldDefId: 4, Reported size: 4, Glob msg: undefined",
        "Skipping undefined field. BaseType: 133, FieldDefId: 5, Reported size: 4, Glob msg: undefined",
        "Skipping undefined field. BaseType: 0, FieldDefId: 0, Reported size: 1, Glob msg: undefined",
        "Skipping undefined field. BaseType: 133, FieldDefId: 27, Reported size: 4, Glob msg: lap",
        "Skipping undefined field. BaseType: 133, FieldDefId: 28, Reported size: 4, Glob msg: lap",
        "Skipping undefined field. BaseType: 133, FieldDefId: 29, Reported size: 4, Glob msg: lap",
        "Skipping undefined field. BaseType: 133, FieldDefId: 30, Reported size: 4, Glob msg: lap",
        "Skipping undefined field. BaseType: 0, FieldDefId: 72, Reported size: 1, Glob msg: lap",
        "Skipping undefined field. BaseType: 134, FieldDefId: 8, Reported size: 4, Glob msg: device_info",
        "Skipping undefined field. BaseType: 134, FieldDefId: 15, Reported size: 4, Glob msg: device_info",
        "Skipping undefined field. BaseType: 134, FieldDefId: 16, Reported size: 4, Glob msg: device_info",
        "Skipping undefined field. BaseType: 2, FieldDefId: 9, Reported size: 1, Glob msg: device_info",
        "Skipping undefined field. BaseType: 2, FieldDefId: 23, Reported size: 1, Glob msg: device_info",
        "Skipping undefined field. BaseType: 134, FieldDefId: 8, Reported size: 4, Glob msg: device_info",
        "Skipping undefined field. BaseType: 134, FieldDefId: 15, Reported size: 4, Glob msg: device_info",
        "Skipping undefined field. BaseType: 134, FieldDefId: 16, Reported size: 4, Glob msg: device_info",
        "Skipping undefined field. BaseType: 2, FieldDefId: 9, Reported size: 1, Glob msg: device_info",
        "Skipping undefined field. BaseType: 2, FieldDefId: 23, Reported size: 1, Glob msg: device_info",
        "Skipping undefined field. BaseType: 134, FieldDefId: 8, Reported size: 4, Glob msg: device_info",
        "Skipping undefined field. BaseType: 134, FieldDefId: 15, Reported size: 4, Glob msg: device_info",
        "Skipping undefined field. BaseType: 134, FieldDefId: 16, Reported size: 4, Glob msg: device_info",
        "Skipping undefined field. BaseType: 2, FieldDefId: 9, Reported size: 1, Glob msg: device_info",
        "Skipping undefined field. BaseType: 2, FieldDefId: 23, Reported size: 1, Glob msg: device_info",
        "Skipping undefined field. BaseType: 134, FieldDefId: 8, Reported size: 4, Glob msg: device_info",
        "Skipping undefined field. BaseType: 134, FieldDefId: 15, Reported size: 4, Glob msg: device_info",
        "Skipping undefined field. BaseType: 134, FieldDefId: 16, Reported size: 4, Glob msg: device_info",
        "Skipping undefined field. BaseType: 2, FieldDefId: 9, Reported size: 1, Glob msg: device_info",
        "Skipping undefined field. BaseType: 2, FieldDefId: 23, Reported size: 1, Glob msg: device_info",
        "Skipping undefined field. BaseType: 133, FieldDefId: 27, Reported size: 4, Glob msg: lap",
        "Skipping undefined field. BaseType: 133, FieldDefId: 28, Reported size: 4, Glob msg: lap",
        "Skipping undefined field. BaseType: 133, FieldDefId: 29, Reported size: 4, Glob msg: lap",
        "Skipping undefined field. BaseType: 133, FieldDefId: 30, Reported size: 4, Glob msg: lap",
        "Skipping undefined field. BaseType: 0, FieldDefId: 72, Reported size: 1, Glob msg: lap",
        "Skipping undefined field. BaseType: 0, FieldDefId: 81, Reported size: 1, Glob msg: session",
        "Skipping undefined field. BaseType: 134, FieldDefId: 253, Reported size: 4, Glob msg: undefined",
        "Skipping undefined field. BaseType: 134, FieldDefId: 2, Reported size: 4, Glob msg: undefined",
        "Skipping undefined field. BaseType: 134, FieldDefId: 3, Reported size: 4, Glob msg: undefined",
        "Skipping undefined field. BaseType: 134, FieldDefId: 4, Reported size: 4, Glob msg: undefined",
        "Skipping undefined field. BaseType: 132, FieldDefId: 0, Reported size: 2, Glob msg: undefined",
        "Skipping undefined field. BaseType: 0, FieldDefId: 1, Reported size: 1, Glob msg: undefined",
        "Skipping undefined field. BaseType: 0, FieldDefId: 5, Reported size: 1, Glob msg: undefined"
    ]
}