{
    "file_id": {
        "serial_number": 3854542148,
        "time_created": 809454319,
        "manufacturer": 1,
        "product": 1446,
        "type": 4
    },
    "file_creator": {
        "software_version": 450
    },
    "device_info": {
        "timestamp": 809454675,
        "manufacturer": 1,
        "product": 1080,
        "software_version": 200.51,
        "device_index": 1,
        "device_type": 12
    },
    "undefined": {},
    "activity": {
        "timestamp": "2015-08-25T16:31:22.000Z",
        "total_timer_time": 361.125,
        "num_sessions": 1,
        "event": 26,
        "event_type": 1
    },
    "records": [
        {
            "timestamp": "2015-08-25T16:25:14.000Z",
            "position_lat": 56.19500180706382,
            "position_long": 15.59295547194779,
            "distance": 1.52,
            "altitude": 18.600000000000023,
            "speed": 1.352
        },
        {
            "timestamp": "2015-08-25T16:25:21.000Z",
            "position_lat": 56.19490273296833,
            "position_long": 15.592806357890368,
            "distance": 16.35,
            "altitude": 19,
            "speed": 1.878
        },
        {
            "timestamp": "2015-08-25T16:25:26.000Z",
            "position_lat": 56.19480340741575,
            "position_long": 15.592641988769174,
            "distance": 31.54,
            "altitude": 19.200000000000045,
            "speed": 2.506
        },
        {
            "timestamp": "2015-08-25T16:25:32.000Z",
            "position_lat": 56.19465806521475,
            "position_long": 15.592536628246307,
            "distance": 49.02,
            "altitude": 19.600000000000023,
            "speed": 2.872
        },
        {
            "timestamp": "2015-08-25T16:25:37.000Z",
            "position_lat": 56.19455806910992,
            "position_long": 15.592516930773854,
            "distance": 60.42,
            "altitude": 20,
            "speed": 2.74
        },
        {
            "timestamp": "2015-08-25T16:25:42.000Z",
            "position_lat": 56.19446645490825,
            "position_long": 15.592602007091045,
            "distance": 71.93,
            "altitude": 20.200000000000045,
            "speed": 2.463
        },
        {
            "timestamp": "2015-08-25T16:25:48.000Z",
            "position_lat": 56.19439738802612,
            "position_long": 15.592780960723758,
            "distance": 85.65,
            "altitude": 20.399999999999977,
            "speed": 2.191
        },
        {
            "timestamp": "2015-08-25T16:25:54.000Z",
            "position_lat": 56.19434952735901,
            "position_long": 15.592997632920742,
            "distance": 100.19,
            "altitude": 20.600000000000023,
            "speed": 2.322
        },
        {
            "timestamp": "2015-08-25T16:25:57.000Z",
            "position_lat": 56.19431675411761,
            "position_long": 15.593104166910052,
            "distance": 107.87,
            "altitude": 20.799999999999955,
            "speed": 2.394
        },
        {
            "timestamp": "2015-08-25T16:26:00.000Z",
            "position_lat": 56.194281885400414,
            "position_long": 15.593177424743772,
            "distance": 113.9,
            "altitude": 21,
            "speed": 2.367
        },
        {
            "timestamp": "2015-08-25T16:26:06.000Z",
            "position_lat": 56.19417325593531,
            "position_long": 15.593318324536085,
            "distance": 128.87,
            "altitude": 21.399999999999977,
            "speed": 2.382
        },
        {
            "timestamp": "2015-08-25T16:26:11.000Z",
            "position_lat": 56.19409999810159,
            "position_long": 15.593419577926397,
            "distance": 139.22,
            "altitude": 21.799999999999955,
            "speed": 2.26
        },
        {
            "timestamp": "2015-08-25T16:26:16.000Z",
            "position_lat": 56.19400410912931,
            "position_long": 15.593467773869634,
            "distance": 150.29,
            "altitude": 22.200000000000045,
            "speed": 2.222
        },
        {
            "timestamp": "2015-08-25T16:26:23.000Z",
            "position_lat": 56.19383982382715,
            "position_long": 15.593527872115374,
            "distance": 168.95,
            "altitude": 22.600000000000023,
            "speed": 2.463
        },
        {
            "timestamp": "2015-08-25T16:26:29.000Z",
            "position_lat": 56.19370303116739,
            "position_long": 15.593561483547091,
            "distance": 184.34,
            "altitude": 22.600000000000023,
            "speed": 2.634
        },
        {
            "timestamp": "2015-08-25T16:26:32.000Z",
            "position_lat": 56.193636478856206,
            "position_long": 15.593570284545422,
            "distance": 191.87,
            "altitude": 22.600000000000023,
            "speed": 2.536
        },
        {
            "timestamp": "2015-08-25T16:26:34.000Z",
            "position_lat": 56.19359314441681,
            "position_long": 15.593594340607524,
            "distance": 196.92,
            "altitude": 22.600000000000023,
            "speed": 2.579
        },
        {
            "timestamp": "2015-08-25T16:26:37.000Z",
            "position_lat": 56.193528017029166,
            "position_long": 15.593717722222209,
            "distance": 207.7,
            "altitude": 22.600000000000023,
            "speed": 2.709
        },
        {
            "timestamp": "2015-08-25T16:26:41.000Z",
            "position_lat": 56.193522568792105,
            "position_long": 15.593914780765772,
            "distance": 220.04,
            "altitude": 22.600000000000023,
            "speed": 2.891
        },
        {
            "timestamp": "2015-08-25T16:26:47.000Z",
            "position_lat": 56.19354863651097,
            "position_long": 15.594151737168431,
            "distance": 235.24,
            "altitude": 22.600000000000023,
            "speed": 2.896
        },
        {
            "timestamp": "2015-08-25T16:26:49.000Z",
            "position_lat": 56.19356137700379,
            "position_long": 15.594225581735373,
            "distance": 240.19,
            "altitude": 22.600000000000023,
            "speed": 2.729
        },
        {
            "timestamp": "2015-08-25T16:26:52.000Z",
            "position_lat": 56.193579314276576,
            "position_long": 15.594331612810493,
            "distance": 247.05,
            "altitude": 22.399999999999977,
            "speed": 2.522
        },
        {
            "timestamp": "2015-08-25T16:26:56.000Z",
            "position_lat": 56.19362751021981,
            "position_long": 15.594461867585778,
            "distance": 257.33,
            "altitude": 22.399999999999977,
            "speed": 2.442
        },
        {
            "timestamp": "2015-08-25T16:27:00.000Z",
            "position_lat": 56.19367126375437,
            "position_long": 15.59460461139679,
            "distance": 267.54,
            "altitude": 22.399999999999977,
            "speed": 2.451
        },
        {
            "timestamp": "2015-08-25T16:27:04.000Z",
            "position_lat": 56.19370621629059,
            "position_long": 15.594743667170405,
            "distance": 277.15,
            "altitude": 22.200000000000045,
            "speed": 2.478
        },
        {
            "timestamp": "2015-08-25T16:27:06.000Z",
            "position_lat": 56.19372809305787,
            "position_long": 15.594836622476578,
            "distance": 283.36,
            "altitude": 22.200000000000045,
            "speed": 2.538
        },
        {
            "timestamp": "2015-08-25T16:27:09.000Z",
            "position_lat": 56.19377000257373,
            "position_long": 15.594953382387757,
            "distance": 291.93,
            "altitude": 22,
            "speed": 2.648
        },
        {
            "timestamp": "2015-08-25T16:27:10.000Z",
            "position_lat": 56.19377050548792,
            "position_long": 15.594993028789759,
            "distance": 294.37,
            "altitude": 22,
            "speed": 2.663
        },
        {
            "timestamp": "2015-08-25T16:27:13.000Z",
            "position_lat": 56.19381241500378,
            "position_long": 15.595113141462207,
            "distance": 303.27,
            "altitude": 22,
            "speed": 2.708
        },
        {
            "timestamp": "2015-08-25T16:27:16.000Z",
            "position_lat": 56.19389950297773,
            "position_long": 15.595220513641834,
            "distance": 315.22,
            "altitude": 21.799999999999955,
            "speed": 3.115
        },
        {
            "timestamp": "2015-08-25T16:27:19.000Z",
            "position_lat": 56.193931605666876,
            "position_long": 15.595360407605767,
            "distance": 324.59,
            "altitude": 21.799999999999955,
            "speed": 3.19
        },
        {
            "timestamp": "2015-08-25T16:27:20.000Z",
            "position_lat": 56.19393814355135,
            "position_long": 15.595404077321291,
            "distance": 327.39,
            "altitude": 21.600000000000023,
            "speed": 3.171
        },
        {
            "timestamp": "2015-08-25T16:27:24.000Z",
            "position_lat": 56.19392774999142,
            "position_long": 15.595536259934306,
            "distance": 335.75,
            "altitude": 21.600000000000023,
            "speed": 2.996
        },
        {
            "timestamp": "2015-08-25T16:27:26.000Z",
            "position_lat": 56.1939129140228,
            "position_long": 15.595620749518275,
            "distance": 341.34,
            "altitude": 21.399999999999977,
            "speed": 2.834
        },
        {
            "timestamp": "2015-08-25T16:27:28.000Z",
            "position_lat": 56.193895898759365,
            "position_long": 15.595692666247487,
            "distance": 346.2,
            "altitude": 21.399999999999977,
            "speed": 2.623
        },
        {
            "timestamp": "2015-08-25T16:27:33.000Z",
            "position_lat": 56.19383295066655,
            "position_long": 15.595856197178364,
            "distance": 358.54,
            "altitude": 21.200000000000045,
            "speed": 2.428
        },
        {
            "timestamp": "2015-08-25T16:27:37.000Z",
            "position_lat": 56.19378173723817,
            "position_long": 15.595954433083534,
            "distance": 366.93,
            "altitude": 21.200000000000045,
            "speed": 2.432
        },
        {
            "timestamp": "2015-08-25T16:27:42.000Z",
            "position_lat": 56.193705797195435,
            "position_long": 15.596081838011742,
            "distance": 378.54,
            "altitude": 21,
            "speed": 2.252
        },
        {
            "timestamp": "2015-08-25T16:27:48.000Z",
            "position_lat": 56.193638825789094,
            "position_long": 15.596240758895874,
            "distance": 390.97,
            "altitude": 20.799999999999955,
            "speed": 2.179
        },
        {
            "timestamp": "2015-08-25T16:27:54.000Z",
            "position_lat": 56.1935693398118,
            "position_long": 15.59642868116498,
            "distance": 405.01,
            "altitude": 21,
            "speed": 2.2
        },
        {
            "timestamp": "2015-08-25T16:27:55.000Z",
            "position_lat": 56.193572357296944,
            "position_long": 15.59644821099937,
            "distance": 406.25,
            "altitude": 21,
            "speed": 2.142
        },
        {
            "timestamp": "2015-08-25T16:27:57.000Z",
            "position_lat": 56.19354779832065,
            "position_long": 15.596528006717563,
            "distance": 411.89,
            "altitude": 21,
            "speed": 2.148
        },
        {
            "timestamp": "2015-08-25T16:28:01.000Z",
            "position_lat": 56.193479569628835,
            "position_long": 15.596643341705203,
            "distance": 422.55,
            "altitude": 21,
            "speed": 2.378
        },
        {
            "timestamp": "2015-08-25T16:28:06.000Z",
            "position_lat": 56.19340513832867,
            "position_long": 15.596777787432075,
            "distance": 434.35,
            "altitude": 21.200000000000045,
            "speed": 2.427
        },
        {
            "timestamp": "2015-08-25T16:28:07.000Z",
            "position_lat": 56.19336825795472,
            "position_long": 15.596818523481488,
            "distance": 439.17,
            "altitude": 21.200000000000045,
            "speed": 2.581
        },
        {
            "timestamp": "2015-08-25T16:28:09.000Z",
            "position_lat": 56.19332349859178,
            "position_long": 15.596870575100183,
            "distance": 445.12,
            "altitude": 21.200000000000045,
            "speed": 2.781
        },
        {
            "timestamp": "2015-08-25T16:28:14.000Z",
            "position_lat": 56.193208415061235,
            "position_long": 15.596909550949931,
            "distance": 458.26,
            "altitude": 21.600000000000023,
            "speed": 2.766
        },
        {
            "timestamp": "2015-08-25T16:28:17.000Z",
            "position_lat": 56.19311437010765,
            "position_long": 15.59691583737731,
            "distance": 468.86,
            "altitude": 21.600000000000023,
            "speed": 2.987
        },
        {
            "timestamp": "2015-08-25T16:28:22.000Z",
            "position_lat": 56.19299408979714,
            "position_long": 15.596897061914206,
            "distance": 482.32,
            "altitude": 22,
            "speed": 2.891
        },
        {
            "timestamp": "2015-08-25T16:28:23.000Z",
            "position_lat": 56.1929717939347,
            "position_long": 15.596881555393338,
            "distance": 484.98,
            "altitude": 22.200000000000045,
            "speed": 2.868
        },
        {
            "timestamp": "2015-08-25T16:28:27.000Z",
            "position_lat": 56.19286668486893,
            "position_long": 15.596839813515544,
            "distance": 496.96,
            "altitude": 22.600000000000023,
            "speed": 2.906
        },
        {
            "timestamp": "2015-08-25T16:28:32.000Z",
            "position_lat": 56.192762330174446,
            "position_long": 15.59675264172256,
            "distance": 509.78,
            "altitude": 23,
            "speed": 2.736
        },
        {
            "timestamp": "2015-08-25T16:28:37.000Z",
            "position_lat": 56.19264808483422,
            "position_long": 15.596686005592346,
            "distance": 523.23,
            "altitude": 23.600000000000023,
            "speed": 2.71
        },
        {
            "timestamp": "2015-08-25T16:28:42.000Z",
            "position_lat": 56.192536018788815,
            "position_long": 15.596595229580998,
            "distance": 536.93,
            "altitude": 24.200000000000045,
            "speed": 2.669
        },
        {
            "timestamp": "2015-08-25T16:28:48.000Z",
            "position_lat": 56.19239109568298,
            "position_long": 15.596496071666479,
            "distance": 554.24,
            "altitude": 25,
            "speed": 2.755
        },
        {
            "timestamp": "2015-08-25T16:28:53.000Z",
            "position_lat": 56.192268719896674,
            "position_long": 15.596447959542274,
            "distance": 568.24,
            "altitude": 25.399999999999977,
            "speed": 2.821
        },
        {
            "timestamp": "2015-08-25T16:29:00.000Z",
            "position_lat": 56.19210099801421,
            "position_long": 15.596390375867486,
            "distance": 587.35,
            "altitude": 25.799999999999955,
            "speed": 2.771
        },
        {
            "timestamp": "2015-08-25T16:29:07.000Z",
            "position_lat": 56.191938975825906,
            "position_long": 15.596387945115566,
            "distance": 605.44,
            "altitude": 25.799999999999955,
            "speed": 2.613
        },
        {
            "timestamp": "2015-08-25T16:29:13.000Z",
            "position_lat": 56.19179170578718,
            "position_long": 15.596406385302544,
            "distance": 621.92,
            "altitude": 25.799999999999955,
            "speed": 2.629
        },
        {
            "timestamp": "2015-08-25T16:29:19.000Z",
            "position_lat": 56.191656086593866,
            "position_long": 15.596455754712224,
            "distance": 637.39,
            "altitude": 25.799999999999955,
            "speed": 2.66
        },
        {
            "timestamp": "2015-08-25T16:29:24.000Z",
            "position_lat": 56.19155122898519,
            "position_long": 15.596496658399701,
            "distance": 649.39,
            "altitude": 25.600000000000023,
            "speed": 2.527
        },
        {
            "timestamp": "2015-08-25T16:29:29.000Z",
            "position_lat": 56.191451232880354,
            "position_long": 15.596521217375994,
            "distance": 660.73,
            "altitude": 25.600000000000023,
            "speed": 2.352
        },
        {
            "timestamp": "2015-08-25T16:29:34.000Z",
            "position_lat": 56.191346710547805,
            "position_long": 15.596610317006707,
            "distance": 673.68,
            "altitude": 25.399999999999977,
            "speed": 2.379
        },
        {
            "timestamp": "2015-08-25T16:29:40.000Z",
            "position_lat": 56.19124378077686,
            "position_long": 15.596792958676815,
            "distance": 689.93,
            "altitude": 25.399999999999977,
            "speed": 2.596
        },
        {
            "timestamp": "2015-08-25T16:29:45.000Z",
            "position_lat": 56.191151747480035,
            "position_long": 15.596964033320546,
            "distance": 704.7,
            "altitude": 25.200000000000045,
            "speed": 2.762
        },
        {
            "timestamp": "2015-08-25T16:29:50.000Z",
            "position_lat": 56.191054517403245,
            "position_long": 15.597071992233396,
            "distance": 717.71,
            "altitude": 25.200000000000045,
            "speed": 2.856
        },
        {
            "timestamp": "2015-08-25T16:29:54.000Z",
            "position_lat": 56.19096977636218,
            "position_long": 15.596965039148927,
            "distance": 729.58,
            "altitude": 25.399999999999977,
            "speed": 2.82
        },
        {
            "timestamp": "2015-08-25T16:29:56.000Z",
            "position_lat": 56.19094714522362,
            "position_long": 15.596882058307528,
            "distance": 735.31,
            "altitude": 25.399999999999977,
            "speed": 2.847
        },
        {
            "timestamp": "2015-08-25T16:29:59.000Z",
            "position_lat": 56.19091068394482,
            "position_long": 15.596757922321558,
            "distance": 744.08,
            "altitude": 25.600000000000023,
            "speed": 2.732
        },
        {
            "timestamp": "2015-08-25T16:30:04.000Z",
            "position_lat": 56.190858632326126,
            "position_long": 15.596597911790013,
            "distance": 755.63,
            "altitude": 25.399999999999977,
            "speed": 2.695
        },
        {
            "timestamp": "2015-08-25T16:30:09.000Z",
            "position_lat": 56.19076173752546,
            "position_long": 15.596398338675499,
            "distance": 772.15,
            "altitude": 25.399999999999977,
            "speed": 2.822
        },
        {
            "timestamp": "2015-08-25T16:30:14.000Z",
            "position_lat": 56.19069652631879,
            "position_long": 15.59626498259604,
            "distance": 783.2,
            "altitude": 25.399999999999977,
            "speed": 2.731
        },
        {
            "timestamp": "2015-08-25T16:30:20.000Z",
            "position_lat": 56.19059150107205,
            "position_long": 15.596183929592371,
            "distance": 796.3,
            "altitude": 25.600000000000023,
            "speed": 2.314
        },
        {
            "timestamp": "2015-08-25T16:30:27.000Z",
            "position_lat": 56.19042059406638,
            "position_long": 15.596127435564995,
            "distance": 815.62,
            "altitude": 25.399999999999977,
            "speed": 2.511
        },
        {
            "timestamp": "2015-08-25T16:30:33.000Z",
            "position_lat": 56.19027868844569,
            "position_long": 15.596078988164663,
            "distance": 831.7,
            "altitude": 25.399999999999977,
            "speed": 2.711
        },
        {
            "timestamp": "2015-08-25T16:30:40.000Z",
            "position_lat": 56.190105099231005,
            "position_long": 15.596057949587703,
            "distance": 851.11,
            "altitude": 25.200000000000045,
            "speed": 2.752
        },
        {
            "timestamp": "2015-08-25T16:30:46.000Z",
            "position_lat": 56.189952716231346,
            "position_long": 15.596040012314916,
            "distance": 868.18,
            "altitude": 25,
            "speed": 2.827
        },
        {
            "timestamp": "2015-08-25T16:30:51.000Z",
            "position_lat": 56.18982816115022,
            "position_long": 15.596028864383698,
            "distance": 882.12,
            "altitude": 25,
            "speed": 2.789
        },
        {
            "timestamp": "2015-08-25T16:30:58.000Z",
            "position_lat": 56.18964593857527,
            "position_long": 15.596018303185701,
            "distance": 902.47,
            "altitude": 24.799999999999955,
            "speed": 2.828
        },
        {
            "timestamp": "2015-08-25T16:31:04.000Z",
            "position_lat": 56.18950579315424,
            "position_long": 15.595933645963669,
            "distance": 919.03,
            "altitude": 24.600000000000023,
            "speed": 2.856
        },
        {
            "timestamp": "2015-08-25T16:31:09.000Z",
            "position_lat": 56.1893870215863,
            "position_long": 15.595884108915925,
            "distance": 932.67,
            "altitude": 24.399999999999977,
            "speed": 2.769
        },
        {
            "timestamp": "2015-08-25T16:31:15.000Z",
            "position_lat": 56.18924494832754,
            "position_long": 15.595851251855493,
            "distance": 948.64,
            "altitude": 24.200000000000045,
            "speed": 2.71
        }
    ],
    "sessions": [
        {
            "timestamp": "2015-08-25T16:31:22.000Z",
            "start_time": "2015-08-25T16:25:14.000Z",
            "start_position_lat": 56.19500180706382,
            "start_position_long": 15.59295547194779,
            "total_elapsed_time": 361.125,
            "total_timer_time": 361.125,
            "total_distance": 948.64,
            "nec_lat": 56.19500180706382,
            "nec_long": 15.597071992233396,
            "swc_lat": 56.18924494832754,
            "swc_long": 15.592509638518095,
            "total_calories": 95,
            "avg_speed": 2.627,
            "max_speed": 3.208,
            "total_ascent": 10,
            "total_descent": 4,
            "num_laps": 1,
            "event": 9,
            "event_type": 1,
            "sport": 1
        }
    ],
    "laps": [
        {
            "timestamp": "2015-08-25T16:31:22.000Z",
            "start_time": "2015-08-25T16:25:14.000Z",
            "start_position_lat": 56.19500180706382,
            "start_position_long": 15.59295547194779,
            "end_position_lat": 56.18924494832754,
            "end_position_long": 15.595851251855493,
            "total_elapsed_time": 361.125,
            "total_timer_time": 361.125,
            "total_distance": 948.64,
            "total_calories": 95,
            "avg_speed": 2.627,
            "max_speed": 3.208,
            "total_ascent": 10,
            "total_descent": 4,
            "event": 9,
            "event_type": 1,
            "lap_trigger": 7,
            "sport": 1
        }
    ],
    "events": [
        {
            "timestamp": 809454314
        },
        {
            "timestamp": 809454675,
            "event_type": 4
        },
        {
            "timestamp": 809454682,
            "data": 1,
            "event": 8,
            "event_type": 9,
            "event_group": 1
        }
    ],
    "_fileHeader_": {
        "headerSize": 14,
        "protocolVersion": 16,
        "profileVersion": 131,
        "dataSize": 2610,
        "protocolVersionMajor": 1,
        "protocolVersionMinor": 0,
        "profileVersionMajor": 1,
        "profileVersionMinor": 31,
        "estimatedFitFileSize": 2626,
        "dataType": ".FIT",
        "headerCRC": 0,
        "CRC": 875,
        "verifyCRC": 875
    },
    "_info_": [
        "Header CRC was not stored in the file",
        "Skipping undefined field. BaseType: 134, FieldDefId: 8, Reported size: 4, Glob msg: device_info",
        "Skipping undefined field. BaseType: 134, FieldDefId: 15, Reported size: 4, Glob msg: device_info",
        "Skipping undefined field. BaseType: 134, FieldDefId: 16, Reported size: 4, Glob msg: device_info",
        "Skipping undefined field. BaseType: 2, FieldDefId: 9, Reported size: 1, Glob msg: device_info",
        "Skipping undefined field. BaseType: 134, FieldDefId: 8, Reported size: 4, Glob msg: device_info",
        "Skipping undefined field. BaseType: 134, FieldDefId: 15, Reported size: 4, Glob msg: device_info",
        "Skipping undefined field. BaseType: 134, FieldDefId: 16, Reported size: 4, Glob msg: device_info",
        "Skipping undefined field. BaseType: 2, FieldDefId: 9, Reported size: 1, Glob msg: device_info",
        "Skipping undefined field. BaseType: 134, FieldDefId: 253, Reported size: 4, Glob msg: undefined",
        "Skipping undefined field. BaseType: 2, FieldDefId: 0, Reported size: 1, Glob msg: undefined",
        "Skipping undefined field. BaseType: 2, FieldDefId: 1, Reported size: 1, Glob msg: undefined",
        "Skipping undefined field. BaseType: 2, FieldDefId: 2, Reported size: 1, Glob msg: undefined",
        "Skipping undefined field. BaseType: 2, FieldDefId: 3, Reported size: 1, Glob msg: undefined",
        "Skipping undefined field. BaseType: 2, FieldDefId: 4, Reported size: 1, Glob msg: undefined",
        "Skipping undefined field. BaseType: 0, FieldDefId: 5, Reported size: 1, Glob msg: undefined",
        "Skipping undefined field. BaseType: 2, FieldDefId: 6, Reported size: 1, Glob msg: undefined",
        "Skipping undefined field. BaseType: 2, FieldDefId: 7, Reported size: 1, Glob msg: undefined",
        "Skipping undefined field. BaseType: 2, FieldDefId: 8, Reported size: 1, Glob msg: undefined",
        "Skipping undefined field. BaseType: 134, FieldDefId: 253, Reported size: 4, Glob msg: undefined",
        "Skipping undefined field. BaseType: 132, FieldDefId: 0, Reported size: 2, Glob msg: undefined",
        "Skipping undefined field. BaseType: 132, FieldDefId: 3, Reported size: 2, Glob msg: undefined",
        "Skipping undefined field. BaseType: 2, FieldDefId: 1, Reported size: 1, Glob msg: undefined",
        "Skipping undefined field. BaseType: 2, FieldDefId: 2, Reported size: 1, Glob msg: undefined",
        "Skipping undefined field. BaseType: 0, FieldDefId: 4, Reported size: 1, Glob msg: undefined",
        "Skipping undefined field. BaseType: 0, FieldDefId: 5, Reported size: 1, Glob msg: undefined",
        "Skipping undefined field. BaseType: 2, FieldDefId: 6, Reported size: 1, Glob msg: undefined",
        "Skipping undefined field. BaseType: 1, FieldDefId: 7, Reported size: 1, Glob msg: undefined",
        "Skipping undefined field. BaseType: 134, FieldDefId: 253, Reported size: 4, Glob msg: undefined",
        "Skipping undefined field. BaseType: 2, FieldDefId: 0, Reported size: 1, Glob msg: undefined",
        "Skipping undefined field. BaseType: 2, FieldDefId: 1, Reported size: 1, Glob msg: undefined",
        "Skipping undefined field. BaseType: 2, FieldDefId: 2, Reported size: 1, Glob msg: undefined",
        "Skipping undefined field. BaseType: 2, FieldDefId: 3, Reported size: 1, Glob msg: undefined",
        "Skipping undefined field. BaseType: 2, FieldDefId: 4, Reported size: 1, Glob msg: undefined",
        "Skipping undefined field. BaseType: 0, FieldDefId: 5, Reported size: 1, Glob msg: undefined",
        "Skipping undefined field. BaseType: 2, FieldDefId: 6, Reported size: 1, Glob msg: undefined",
        "Skipping undefined field. BaseType: 2, FieldDefId: 7, Reported size: 1, Glob msg: undefined",
        "Skipping undefined field. BaseType: 2, FieldDefId: 8, Reported size: 1, Glob msg: undefined",
        "Skipping undefined field. BaseType: 134, FieldDefId: 253, Reported size: 4, Glob msg: undefined",
        "Skipping undefined field. BaseType: 2, FieldDefId: 0, Reported size: 1, Glob msg: undefined",
        "Skipping undefined field. BaseType: 2, FieldDefId: 1, Reported size: 1, Glob msg: undefined",
        "Skipping undefined field. BaseType: 2, FieldDefId: 2, Reported size: 1, Glob msg: undefined",
        "Skipping undefined field. BaseType: 2, FieldDefId: 3, Reported size: 1, Glob msg: undefined",
        "Skipping undefined field. BaseType: 2, FieldDefId: 4, Reported size: 1, Glob msg: undefined",
        "Skipping undefined field. BaseType: 0, FieldDefId: 5, Reported size: 1, Glob msg: undefined",
        "Skipping undefined field. BaseType: 2, FieldDefId: 6, Reported size: 1, Glob msg: undefined",
        "Skipping undefined field. BaseType: 2, FieldDefId: 7, Reported size: 1, Glob msg: undefined",
        "Skipping undefined field. BaseType: 2, FieldDefId: 8, Reported size: 1, Glob msg: undefined",
        "Skipping undefined field. BaseType: 134, FieldDefId: 8, Reported size: 4, Glob msg: device_info",
        "Skipping undefined field. BaseType: 134, FieldDefId: 15, Reported size: 4, Glob msg: device_info",
        "Skipping undefined field. BaseType: 134, FieldDefId: 16, Reported size: 4, Glob msg: device_info",
        "Skipping undefined field. BaseType: 2, FieldDefId: 9, Reported size: 1, Glob msg: device_info",
        "Skipping undefined field. BaseType: 134, FieldDefId: 8, Reported size: 4, Glob msg: device_info",
        "Skipping undefined field. BaseType: 134, FieldDefId: 15, Reported size: 4, Glob msg: device_info",
        "Skipping undefined field. BaseType: 134, FieldDefId: 16, Reported size: 4, Glob msg: device_info",
        "Skipping undefined field. BaseType: 2, FieldDefId: 9, Reported size: 1, Glob msg: device_info",
        "Skipping undefined field. BaseType: 133, FieldDefId: 27, Reported size: 4, Glob msg: lap",
        "Skipping undefined field. BaseType: 133, FieldDefId: 28, Reported size: 4, Glob msg: lap",
        "Skipping undefined field. BaseType: 133, FieldDefId: 29, Reported size: 4, Glob msg: lap",
        "Skipping undefined field. BaseType: 133, FieldDefId: 30, Reported size: 4, Glob msg: lap"
    ]
}