{
    "activity": {
        "timestamp": "2015-08-26T20:50:29.000Z",
        "num_sessions": 1
    },
    "records": [
        {
            "timestamp": "2015-08-26T20:50:29.000Z",
            "altitude": 76.60000000000002,
            "position_long": 15.583025012165308,
            "position_lat": 58.39470296166837
        },
        {
            "timestamp": "2015-08-26T20:50:30.000Z",
            "position_long": 15.583024006336927,
            "position_lat": 58.394686030223966
        },
        {
            "timestamp": "2015-08-26T20:50:34.000Z",
            "position_long": 15.583096006885171,
            "position_lat": 58.394579999148846
        },
        {
            "timestamp": "2015-08-26T20:50:36.000Z",
            "position_long": 15.583126014098525,
            "position_lat": 58.39452803134918
        },
        {
            "timestamp": "2015-08-26T20:50:38.000Z",
            "position_long": 15.583164989948273,
            "position_lat": 58.39447597973049
        },
        {
            "timestamp": "2015-08-26T20:50:40.000Z",
            "position_long": 15.583196002990007,
            "position_lat": 58.39442401193082
        },
        {
            "timestamp": "2015-08-26T20:50:42.000Z",
            "position_long": 15.583214024081826,
            "position_lat": 58.39437196031213
        },
        {
            "timestamp": "2015-08-26T20:50:44.000Z",
            "position_long": 15.583226010203362,
            "position_lat": 58.394320998340845
        },
        {
            "timestamp": "2015-08-26T20:50:46.000Z",
            "position_long": 15.583225004374981,
            "position_lat": 58.39426701888442
        },
        {
            "timestamp": "2015-08-26T20:50:48.000Z",
            "position_long": 15.583214024081826,
            "position_lat": 58.39421798475087
        },
        {
            "timestamp": "2015-08-26T20:50:50.000Z",
            "position_long": 15.58317999355495,
            "position_lat": 58.394172973930836
        },
        {
            "timestamp": "2015-08-26T20:50:52.000Z",
            "position_long": 15.583128025755286,
            "position_lat": 58.39413299225271
        },
        {
            "timestamp": "2015-08-26T20:50:54.000Z",
            "position_long": 15.58307002298534,
            "position_lat": 58.39409401640296
        },
        {
            "timestamp": "2015-08-26T20:50:56.000Z",
            "position_long": 15.583010008558631,
            "position_lat": 58.39405998587608
        },
        {
            "timestamp": "2015-08-26T20:50:58.000Z",
            "position_long": 15.58292199857533,
            "position_lat": 58.39403199031949
        },
        {
            "timestamp": "2015-08-26T20:51:00.000Z",
            "position_long": 15.582840023562312,
            "position_lat": 58.39400600641966
        },
        {
            "timestamp": "2015-08-26T20:51:02.000Z",
            "altitude": 75.79999999999995,
            "position_long": 15.58275100775063,
            "position_lat": 58.39398304000497
        },
        {
            "timestamp": "2015-08-26T20:51:04.000Z",
            "position_long": 15.582654029130936,
            "position_lat": 58.39397197589278
        },
        {
            "timestamp": "2015-08-26T20:51:06.000Z",
            "position_long": 15.582553027197719,
            "position_lat": 58.39396501891315
        },
        {
            "timestamp": "2015-08-26T20:51:08.000Z",
            "position_long": 15.582455964758992,
            "position_lat": 58.39396300725639
        },
        {
            "timestamp": "2015-08-26T20:51:10.000Z",
            "position_long": 15.58236200362444,
            "position_lat": 58.39396501891315
        },
        {
            "timestamp": "2015-08-26T20:51:12.000Z",
            "position_long": 15.582273993641138,
            "position_lat": 58.39397298172116
        },
        {
            "timestamp": "2015-08-26T20:51:14.000Z",
            "position_long": 15.582181960344315,
            "position_lat": 58.39398899115622
        },
        {
            "timestamp": "2015-08-26T20:51:16.000Z",
            "position_long": 15.582098979502916,
            "position_lat": 58.39401204138994
        },
        {
            "timestamp": "2015-08-26T20:51:18.000Z",
            "position_long": 15.582006024196744,
            "position_lat": 58.39405202306807
        },
        {
            "timestamp": "2015-08-26T20:51:20.000Z",
            "position_long": 15.581927988678217,
            "position_lat": 58.39409301057458
        },
        {
            "timestamp": "2015-08-26T20:51:22.000Z",
            "position_long": 15.581863028928638,
            "position_lat": 58.3941419608891
        },
        {
            "timestamp": "2015-08-26T20:51:24.000Z",
            "position_long": 15.581817012280226,
            "position_lat": 58.394193006679416
        },
        {
            "timestamp": "2015-08-26T20:51:26.000Z",
            "position_long": 15.58178298175335,
            "position_lat": 58.39424598030746
        },
        {
            "timestamp": "2015-08-26T20:51:28.000Z",
            "position_long": 15.581763032823801,
            "position_lat": 58.394296020269394
        },
        {
            "timestamp": "2015-08-26T20:51:30.000Z",
            "position_long": 15.581743000075221,
            "position_lat": 58.394345976412296
        },
        {
            "timestamp": "2015-08-26T20:51:32.000Z",
            "position_long": 15.581723973155022,
            "position_lat": 58.39439400471747
        },
        {
            "timestamp": "2015-08-26T20:51:33.000Z",
            "position_long": 15.581715004518628,
            "position_lat": 58.39441898278892
        },
        {
            "timestamp": "2015-08-26T20:51:34.000Z",
            "position_long": 15.581707041710615,
            "position_lat": 58.39444496668875
        },
        {
            "timestamp": "2015-08-26T20:51:36.000Z",
            "position_long": 15.581693965941668,
            "position_lat": 58.39449902996421
        },
        {
            "timestamp": "2015-08-26T20:51:38.000Z",
            "position_long": 15.581677034497261,
            "position_lat": 58.39454999193549
        },
        {
            "timestamp": "2015-08-26T20:51:40.000Z",
            "position_long": 15.581660019233823,
            "position_lat": 58.394600031897426
        },
        {
            "timestamp": "2015-08-26T20:51:42.000Z",
            "position_long": 15.581635041162372,
            "position_lat": 58.39464797638357
        },
        {
            "timestamp": "2015-08-26T20:51:44.000Z",
            "position_long": 15.581608973443508,
            "position_lat": 58.394689969718456
        },
        {
            "timestamp": "2015-08-26T20:51:46.000Z",
            "position_long": 15.581585001200438,
            "position_lat": 58.39473598636687
        },
        {
            "timestamp": "2015-08-26T20:51:48.000Z",
            "position_long": 15.581561028957367,
            "position_lat": 58.3947809971869
        },
        {
            "timestamp": "2015-08-26T20:51:50.000Z",
            "position_long": 15.581540996208787,
            "position_lat": 58.39483103714883
        },
        {
            "timestamp": "2015-08-26T20:51:52.000Z",
            "position_long": 15.581516018137336,
            "position_lat": 58.39488501660526
        },
        {
            "timestamp": "2015-08-26T20:51:54.000Z",
            "position_long": 15.58150202035904,
            "position_lat": 58.39493597857654
        },
        {
            "timestamp": "2015-08-26T20:51:56.000Z",
            "position_long": 15.58148399926722,
            "position_lat": 58.39498903602362
        },
        {
            "timestamp": "2015-08-26T20:51:58.000Z",
            "position_long": 15.581474024802446,
            "position_lat": 58.3950450271368
        },
        {
            "timestamp": "2015-08-26T20:52:00.000Z",
            "position_long": 15.581464972347021,
            "position_lat": 58.395096994936466
        },
        {
            "timestamp": "2015-08-26T20:52:02.000Z",
            "altitude": 74.79999999999995,
            "position_long": 15.581464972347021,
            "position_lat": 58.39514896273613
        },
        {
            "timestamp": "2015-08-26T20:52:04.000Z",
            "position_long": 15.58148399926722,
            "position_lat": 58.3951969910413
        },
        {
            "timestamp": "2015-08-26T20:52:06.000Z",
            "position_long": 15.581523980945349,
            "position_lat": 58.395248958840966
        },
        {
            "timestamp": "2015-08-26T20:52:08.000Z",
            "position_long": 15.581585001200438,
            "position_lat": 58.39529698714614
        },
        {
            "timestamp": "2015-08-26T20:52:10.000Z",
            "position_long": 15.581663036718965,
            "position_lat": 58.39533898048103
        },
        {
            "timestamp": "2015-08-26T20:52:12.000Z",
            "position_long": 15.581748029217124,
            "position_lat": 58.39537804014981
        },
        {
            "timestamp": "2015-08-26T20:52:14.000Z",
            "position_long": 15.581841990351677,
            "position_lat": 58.395413998514414
        },
        {
            "timestamp": "2015-08-26T20:52:16.000Z",
            "position_long": 15.581943998113275,
            "position_lat": 58.395436964929104
        },
        {
            "timestamp": "2015-08-26T20:52:18.000Z",
            "position_long": 15.582070983946323,
            "position_lat": 58.39544903486967
        },
        {
            "timestamp": "2015-08-26T20:52:20.000Z",
            "position_long": 15.58219000697136,
            "position_lat": 58.39544903486967
        },
        {
            "timestamp": "2015-08-26T20:52:22.000Z",
            "position_long": 15.582301989197731,
            "position_lat": 58.395440988242626
        },
        {
            "timestamp": "2015-08-26T20:52:24.000Z",
            "position_long": 15.582412965595722,
            "position_lat": 58.39542799629271
        },
        {
            "timestamp": "2015-08-26T20:52:26.000Z",
            "position_long": 15.58251103386283,
            "position_lat": 58.3954060357064
        },
        {
            "timestamp": "2015-08-26T20:52:28.000Z",
            "position_long": 15.582608012482524,
            "position_lat": 58.39537896215916
        },
        {
            "timestamp": "2015-08-26T20:52:30.000Z",
            "position_long": 15.582694010809064,
            "position_lat": 58.39534300379455
        },
        {
            "timestamp": "2015-08-26T20:52:32.000Z",
            "position_long": 15.582777997478843,
            "position_lat": 58.39529698714614
        },
        {
            "timestamp": "2015-08-26T20:52:34.000Z",
            "position_long": 15.582843963056803,
            "position_lat": 58.395248958840966
        },
        {
            "timestamp": "2015-08-26T20:52:36.000Z",
            "position_long": 15.582884028553963,
            "position_lat": 58.39519598521292
        },
        {
            "timestamp": "2015-08-26T20:52:38.000Z",
            "position_long": 15.58292199857533,
            "position_lat": 58.395138988271356
        },
        {
            "timestamp": "2015-08-26T20:52:40.000Z",
            "position_long": 15.5829459708184,
            "position_lat": 58.39508702047169
        },
        {
            "timestamp": "2015-08-26T20:52:42.000Z",
            "position_long": 15.582969021052122,
            "position_lat": 58.395034968853
        },
        {
            "timestamp": "2015-08-26T20:52:44.000Z",
            "position_long": 15.582999028265476,
            "position_lat": 58.39498199522495
        },
        {
            "timestamp": "2015-08-26T20:52:46.000Z",
            "position_long": 15.583021994680166,
            "position_lat": 58.39492801576853
        },
        {
            "timestamp": "2015-08-26T20:52:48.000Z",
            "position_long": 15.583044961094856,
            "position_lat": 58.39487202465534
        },
        {
            "timestamp": "2015-08-26T20:52:50.000Z",
            "position_long": 15.583067005500197,
            "position_lat": 58.394816033542156
        },
        {
            "timestamp": "2015-08-26T20:52:52.000Z",
            "position_long": 15.583087960258126,
            "position_lat": 58.3947619702667
        },
        {
            "timestamp": "2015-08-26T20:52:54.000Z",
            "position_long": 15.583102963864803,
            "position_lat": 58.39470396749675
        },
        {
            "timestamp": "2015-08-26T20:52:56.000Z",
            "position_long": 15.583122996613383,
            "position_lat": 58.394646970555186
        },
        {
            "timestamp": "2015-08-26T20:52:58.000Z",
            "position_long": 15.583143029361963,
            "position_lat": 58.394590979442
        },
        {
            "timestamp": "2015-08-26T20:53:00.000Z",
            "position_long": 15.58315996080637,
            "position_lat": 58.39453901164234
        },
        {
            "timestamp": "2015-08-26T20:53:02.000Z",
            "altitude": 73.60000000000002,
            "position_long": 15.583177981898189,
            "position_lat": 58.39448603801429
        },
        {
            "timestamp": "2015-08-26T20:53:04.000Z",
            "position_long": 15.583196002990007,
            "position_lat": 58.394431974738836
        },
        {
            "timestamp": "2015-08-26T20:53:06.000Z",
            "position_long": 15.583218969404697,
            "position_lat": 58.39437900111079
        },
        {
            "timestamp": "2015-08-26T20:53:08.000Z",
            "position_long": 15.5832239985466,
            "position_lat": 58.39432401582599
        },
        {
            "timestamp": "2015-08-26T20:53:10.000Z",
            "position_long": 15.583215029910207,
            "position_lat": 58.39427003636956
        },
        {
            "timestamp": "2015-08-26T20:53:12.000Z",
            "position_long": 15.583188040181994,
            "position_lat": 58.394214967265725
        },
        {
            "timestamp": "2015-08-26T20:53:14.000Z",
            "position_long": 15.583145041018724,
            "position_lat": 58.39416400529444
        },
        {
            "timestamp": "2015-08-26T20:53:16.000Z",
            "position_long": 15.583088966086507,
            "position_lat": 58.39411497116089
        },
        {
            "timestamp": "2015-08-26T20:53:18.000Z",
            "position_long": 15.583023000508547,
            "position_lat": 58.394072977826
        },
        {
            "timestamp": "2015-08-26T20:53:20.000Z",
            "position_long": 15.58294303715229,
            "position_lat": 58.39403601363301
        },
        {
            "timestamp": "2015-08-26T20:53:21.000Z",
            "position_long": 15.582897020503879,
            "position_lat": 58.394020004197955
        },
        {
            "timestamp": "2015-08-26T20:53:22.000Z",
            "position_long": 15.582849998027086,
            "position_lat": 58.3940039947629
        },
        {
            "timestamp": "2015-08-26T20:53:23.000Z",
            "position_long": 15.582801969721913,
            "position_lat": 58.39398899115622
        },
        {
            "timestamp": "2015-08-26T20:53:25.000Z",
            "position_long": 15.582698034122586,
            "position_lat": 58.39396996423602
        },
        {
            "timestamp": "2015-08-26T20:53:27.000Z",
            "position_long": 15.582594014704227,
            "position_lat": 58.393955966457725
        },
        {
            "timestamp": "2015-08-26T20:53:29.000Z",
            "position_long": 15.582487983629107,
            "position_lat": 58.393952026963234
        },
        {
            "timestamp": "2015-08-26T20:53:31.000Z",
            "position_long": 15.582388993352652,
            "position_lat": 58.393955966457725
        },
        {
            "timestamp": "2015-08-26T20:53:33.000Z",
            "position_long": 15.582288997247815,
            "position_lat": 58.39396703056991
        },
        {
            "timestamp": "2015-08-26T20:53:35.000Z",
            "position_long": 15.58219201862812,
            "position_lat": 58.39398597367108
        },
        {
            "timestamp": "2015-08-26T20:53:37.000Z",
            "position_long": 15.582099985331297,
            "position_lat": 58.39401598088443
        },
        {
            "timestamp": "2015-08-26T20:53:39.000Z",
            "position_long": 15.582023039460182,
            "position_lat": 58.39405202306807
        },
        {
            "timestamp": "2015-08-26T20:53:41.000Z",
            "position_long": 15.581950033083558,
            "position_lat": 58.39409502223134
        },
        {
            "timestamp": "2015-08-26T20:53:43.000Z",
            "position_long": 15.581888007000089,
            "position_lat": 58.3941419608891
        },
        {
            "timestamp": "2015-08-26T20:53:45.000Z",
            "position_long": 15.581839978694916,
            "position_lat": 58.394192000851035
        },
        {
            "timestamp": "2015-08-26T20:53:47.000Z",
            "position_long": 15.581806031987071,
            "position_lat": 58.39424497447908
        },
        {
            "timestamp": "2015-08-26T20:53:49.000Z",
            "position_long": 15.581778958439827,
            "position_lat": 58.394300965592265
        },
        {
            "timestamp": "2015-08-26T20:53:51.000Z",
            "position_long": 15.58176102116704,
            "position_lat": 58.39435301721096
        },
        {
            "timestamp": "2015-08-26T20:53:53.000Z",
            "position_long": 15.58173998259008,
            "position_lat": 58.39440397918224
        },
        {
            "timestamp": "2015-08-26T20:53:55.000Z",
            "position_long": 15.581715004518628,
            "position_lat": 58.39445401914418
        },
        {
            "timestamp": "2015-08-26T20:53:57.000Z",
            "position_long": 15.581695977598429,
            "position_lat": 58.39450003579259
        },
        {
            "timestamp": "2015-08-26T20:53:59.000Z",
            "position_long": 15.581679968163371,
            "position_lat": 58.39454697445035
        },
        {
            "timestamp": "2015-08-26T20:54:01.000Z",
            "altitude": 76.39999999999998,
            "position_long": 15.581661025062203,
            "position_lat": 58.3945960085839
        },
        {
            "timestamp": "2015-08-26T20:54:03.000Z",
            "position_long": 15.581640992313623,
            "position_lat": 58.394643031060696
        },
        {
            "timestamp": "2015-08-26T20:54:05.000Z",
            "position_long": 15.581618025898933,
            "position_lat": 58.3946929872036
        },
        {
            "timestamp": "2015-08-26T20:54:07.000Z",
            "position_long": 15.581596987321973,
            "position_lat": 58.39474302716553
        },
        {
            "timestamp": "2015-08-26T20:54:09.000Z",
            "position_long": 15.581582989543676,
            "position_lat": 58.394794994965196
        },
        {
            "timestamp": "2015-08-26T20:54:11.000Z",
            "position_long": 15.581563962623477,
            "position_lat": 58.39484503492713
        },
        {
            "timestamp": "2015-08-26T20:54:13.000Z",
            "position_long": 15.58154602535069,
            "position_lat": 58.394898008555174
        },
        {
            "timestamp": "2015-08-26T20:54:15.000Z",
            "position_long": 15.581522975116968,
            "position_lat": 58.39494603686035
        },
        {
            "timestamp": "2015-08-26T20:54:17.000Z",
            "position_long": 15.581505037844181,
            "position_lat": 58.39499699883163
        },
        {
            "timestamp": "2015-08-26T20:54:19.000Z",
            "position_long": 15.581490034237504,
            "position_lat": 58.39504796080291
        },
        {
            "timestamp": "2015-08-26T20:54:21.000Z",
            "position_long": 15.581487016752362,
            "position_lat": 58.39510001242161
        },
        {
            "timestamp": "2015-08-26T20:54:23.000Z",
            "position_long": 15.581499002873898,
            "position_lat": 58.39515298604965
        },
        {
            "timestamp": "2015-08-26T20:54:25.000Z",
            "position_long": 15.581523980945349,
            "position_lat": 58.395202020183206
        },
        {
            "timestamp": "2015-08-26T20:54:27.000Z",
            "position_long": 15.581567985937,
            "position_lat": 58.39525298215449
        },
        {
            "timestamp": "2015-08-26T20:54:29.000Z",
            "position_long": 15.581620037555695,
            "position_lat": 58.39529799297452
        },
        {
            "timestamp": "2015-08-26T20:54:31.000Z",
            "position_long": 15.581682985648513,
            "position_lat": 58.39533998630941
        },
        {
            "timestamp": "2015-08-26T20:54:33.000Z",
            "position_long": 15.58176202699542,
            "position_lat": 58.395373011007905
        },
        {
            "timestamp": "2015-08-26T20:54:35.000Z",
            "position_long": 15.581841990351677,
            "position_lat": 58.3954010065645
        },
        {
            "timestamp": "2015-08-26T20:54:37.000Z",
            "position_long": 15.581935029476881,
            "position_lat": 58.39542296715081
        },
        {
            "timestamp": "2015-08-26T20:54:39.000Z",
            "position_long": 15.582036031410098,
            "position_lat": 58.395439982414246
        },
        {
            "timestamp": "2015-08-26T20:54:41.000Z",
            "position_long": 15.582142984494567,
            "position_lat": 58.39544501155615
        },
        {
            "timestamp": "2015-08-26T20:54:43.000Z",
            "position_long": 15.58225303888321,
            "position_lat": 58.39544199407101
        },
        {
            "timestamp": "2015-08-26T20:54:45.000Z",
            "position_long": 15.582356974482536,
            "position_lat": 58.39543000794947
        },
        {
            "timestamp": "2015-08-26T20:54:47.000Z",
            "position_long": 15.582455964758992,
            "position_lat": 58.39541299268603
        },
        {
            "timestamp": "2015-08-26T20:54:49.000Z",
            "position_long": 15.582547998055816,
            "position_lat": 58.39539002627134
        },
        {
            "timestamp": "2015-08-26T20:54:51.000Z",
            "position_long": 15.582639025524259,
            "position_lat": 58.39535800740123
        },
        {
            "timestamp": "2015-08-26T20:54:53.000Z",
            "position_long": 15.582722006365657,
            "position_lat": 58.39532003737986
        },
        {
            "timestamp": "2015-08-26T20:54:55.000Z",
            "position_long": 15.582800041884184,
            "position_lat": 58.39527603238821
        },
        {
            "timestamp": "2015-08-26T20:54:57.000Z",
            "position_long": 15.582863995805383,
            "position_lat": 58.39523102156818
        },
        {
            "timestamp": "2015-08-26T20:54:59.000Z",
            "position_long": 15.582911018282175,
            "position_lat": 58.395181987434626
        },
        {
            "timestamp": "2015-08-26T20:55:01.000Z",
            "altitude": 76.79999999999995,
            "position_long": 15.582937002182007,
            "position_lat": 58.39513203129172
        },
        {
            "timestamp": "2015-08-26T20:55:04.000Z",
            "position_long": 15.582958962768316,
            "position_lat": 58.39507897384465
        },
        {
            "timestamp": "2015-08-26T20:55:07.000Z",
            "position_long": 15.582980001345277,
            "position_lat": 58.3950399979949
        },
        {
            "timestamp": "2015-08-26T20:50:29.000Z",
            "heart_rate": 113
        },
        {
            "timestamp": "2015-08-26T20:50:29.000Z",
            "heart_rate": 113
        },
        {
            "timestamp": "2015-08-26T20:50:29.000Z",
            "altitude": 77,
            "heart_rate": 113
        },
        {
            "timestamp": "2015-08-26T20:50:29.000Z",
            "altitude": 77,
            "cadence": 53,
            "heart_rate": 112
        },
        {
            "timestamp": "2015-08-26T20:50:30.000Z",
            "altitude": 74,
            "cadence": 53,
            "heart_rate": 113
        },
        {
            "timestamp": "2015-08-26T20:50:31.000Z",
            "altitude": 74,
            "cadence": 59,
            "heart_rate": 114,
            "speed": 0.9
        },
        {
            "timestamp": "2015-08-26T20:50:32.000Z",
            "altitude": 75,
            "cadence": 82,
            "distance": 13,
            "heart_rate": 115,
            "speed": 1.2
        },
        {
            "timestamp": "2015-08-26T20:50:33.000Z",
            "altitude": 75,
            "cadence": 90,
            "distance": 13,
            "heart_rate": 115,
            "speed": 1.6
        },
        {
            "timestamp": "2015-08-26T20:50:34.000Z",
            "altitude": 75,
            "cadence": 88,
            "distance": 19,
            "heart_rate": 116,
            "speed": 2.1
        },
        {
            "timestamp": "2015-08-26T20:50:35.000Z",
            "altitude": 76,
            "cadence": 87,
            "distance": 19,
            "heart_rate": 117,
            "speed": 2.4
        },
        {
            "timestamp": "2015-08-26T20:50:36.000Z",
            "altitude": 76,
            "cadence": 86,
            "distance": 25,
            "heart_rate": 117,
            "speed": 2.6
        },
        {
            "timestamp": "2015-08-26T20:50:37.000Z",
            "altitude": 76,
            "cadence": 86,
            "distance": 25,
            "heart_rate": 117,
            "speed": 2.8
        },
        {
            "timestamp": "2015-08-26T20:50:38.000Z",
            "altitude": 76,
            "cadence": 86,
            "distance": 31,
            "heart_rate": 117,
            "speed": 2.8
        },
        {
            "timestamp": "2015-08-26T20:50:39.000Z",
            "altitude": 76,
            "cadence": 86,
            "distance": 31,
            "heart_rate": 117,
            "speed": 2.9
        },
        {
            "timestamp": "2015-08-26T20:50:40.000Z",
            "altitude": 77,
            "cadence": 86,
            "distance": 37,
            "heart_rate": 116,
            "speed": 2.9
        },
        {
            "timestamp": "2015-08-26T20:50:41.000Z",
            "altitude": 76,
            "cadence": 86,
            "distance": 37,
            "heart_rate": 118,
            "speed": 2.9
        },
        {
            "timestamp": "2015-08-26T20:50:42.000Z",
            "altitude": 77,
            "cadence": 87,
            "distance": 42,
            "heart_rate": 118,
            "speed": 2.9
        },
        {
            "timestamp": "2015-08-26T20:50:43.000Z",
            "altitude": 76,
            "cadence": 86,
            "distance": 42,
            "heart_rate": 120,
            "speed": 2.9
        },
        {
            "timestamp": "2015-08-26T20:50:44.000Z",
            "altitude": 77,
            "cadence": 87,
            "distance": 48,
            "heart_rate": 121,
            "speed": 2.9
        },
        {
            "timestamp": "2015-08-26T20:50:45.000Z",
            "altitude": 77,
            "cadence": 86,
            "distance": 48,
            "heart_rate": 121,
            "speed": 2.9
        },
        {
            "timestamp": "2015-08-26T20:50:46.000Z",
            "altitude": 77,
            "cadence": 86,
            "distance": 54,
            "heart_rate": 122,
            "speed": 2.8
        },
        {
            "timestamp": "2015-08-26T20:50:47.000Z",
            "altitude": 76,
            "cadence": 87,
            "distance": 54,
            "heart_rate": 122,
            "speed": 2.8
        },
        {
            "timestamp": "2015-08-26T20:50:48.000Z",
            "altitude": 76,
            "cadence": 86,
            "distance": 59,
            "heart_rate": 122,
            "speed": 2.8
        },
        {
            "timestamp": "2015-08-26T20:50:49.000Z",
            "altitude": 76,
            "cadence": 86,
            "distance": 59,
            "heart_rate": 123,
            "speed": 2.8
        },
        {
            "timestamp": "2015-08-26T20:50:50.000Z",
            "altitude": 76,
            "cadence": 86,
            "distance": 65,
            "heart_rate": 124,
            "speed": 2.8
        },
        {
            "timestamp": "2015-08-26T20:50:51.000Z",
            "altitude": 76,
            "cadence": 87,
            "distance": 65,
            "heart_rate": 124,
            "speed": 2.8
        },
        {
            "timestamp": "2015-08-26T20:50:52.000Z",
            "altitude": 75,
            "cadence": 86,
            "distance": 70,
            "heart_rate": 125,
            "speed": 2.8
        },
        {
            "timestamp": "2015-08-26T20:50:53.000Z",
            "altitude": 75,
            "cadence": 86,
            "distance": 70,
            "heart_rate": 125,
            "speed": 2.7
        },
        {
            "timestamp": "2015-08-26T20:50:54.000Z",
            "altitude": 76,
            "cadence": 86,
            "distance": 75,
            "heart_rate": 126,
            "speed": 2.7
        },
        {
            "timestamp": "2015-08-26T20:50:55.000Z",
            "altitude": 76,
            "cadence": 86,
            "distance": 75,
            "heart_rate": 126,
            "speed": 2.8
        },
        {
            "timestamp": "2015-08-26T20:50:56.000Z",
            "altitude": 76,
            "cadence": 85,
            "distance": 81,
            "heart_rate": 126,
            "speed": 2.8
        },
        {
            "timestamp": "2015-08-26T20:50:57.000Z",
            "altitude": 76,
            "cadence": 85,
            "distance": 81,
            "heart_rate": 127,
            "speed": 2.8
        },
        {
            "timestamp": "2015-08-26T20:50:58.000Z",
            "altitude": 76,
            "cadence": 86,
            "distance": 87,
            "heart_rate": 127,
            "speed": 2.8
        },
        {
            "timestamp": "2015-08-26T20:50:59.000Z",
            "altitude": 76,
            "cadence": 86,
            "distance": 87,
            "heart_rate": 127,
            "speed": 2.8
        },
        {
            "timestamp": "2015-08-26T20:51:00.000Z",
            "altitude": 76,
            "cadence": 86,
            "distance": 93,
            "heart_rate": 127,
            "speed": 2.8
        },
        {
            "timestamp": "2015-08-26T20:51:01.000Z",
            "altitude": 76,
            "cadence": 86,
            "distance": 93,
            "heart_rate": 127,
            "speed": 2.8
        },
        {
            "timestamp": "2015-08-26T20:51:02.000Z",
            "altitude": 76,
            "cadence": 87,
            "distance": 99,
            "heart_rate": 127,
            "speed": 2.8
        },
        {
            "timestamp": "2015-08-26T20:51:03.000Z",
            "altitude": 76,
            "cadence": 87,
            "distance": 99,
            "heart_rate": 127,
            "speed": 2.8
        },
        {
            "timestamp": "2015-08-26T20:51:04.000Z",
            "altitude": 76,
            "cadence": 87,
            "distance": 104,
            "heart_rate": 129,
            "speed": 2.8
        },
        {
            "timestamp": "2015-08-26T20:51:05.000Z",
            "altitude": 76,
            "cadence": 86,
            "distance": 104,
            "heart_rate": 129,
            "speed": 2.8
        },
        {
            "timestamp": "2015-08-26T20:51:06.000Z",
            "altitude": 76,
            "cadence": 86,
            "distance": 110,
            "heart_rate": 129,
            "speed": 2.8
        },
        {
            "timestamp": "2015-08-26T20:51:07.000Z",
            "altitude": 77,
            "cadence": 86,
            "distance": 110,
            "heart_rate": 129,
            "speed": 2.8
        },
        {
            "timestamp": "2015-08-26T20:51:08.000Z",
            "altitude": 78,
            "cadence": 86,
            "distance": 116,
            "heart_rate": 129,
            "speed": 2.8
        },
        {
            "timestamp": "2015-08-26T20:51:09.000Z",
            "altitude": 78,
            "cadence": 86,
            "distance": 116,
            "heart_rate": 129,
            "speed": 2.8
        },
        {
            "timestamp": "2015-08-26T20:51:10.000Z",
            "altitude": 78,
            "cadence": 86,
            "distance": 121,
            "heart_rate": 129,
            "speed": 2.8
        },
        {
            "timestamp": "2015-08-26T20:51:11.000Z",
            "altitude": 79,
            "cadence": 87,
            "distance": 121,
            "heart_rate": 130,
            "speed": 2.8
        },
        {
            "timestamp": "2015-08-26T20:51:12.000Z",
            "altitude": 79,
            "cadence": 86,
            "distance": 126,
            "heart_rate": 130,
            "speed": 2.8
        },
        {
            "timestamp": "2015-08-26T20:51:13.000Z",
            "altitude": 79,
            "cadence": 86,
            "distance": 126,
            "heart_rate": 130,
            "speed": 2.8
        },
        {
            "timestamp": "2015-08-26T20:51:14.000Z",
            "altitude": 79,
            "cadence": 86,
            "distance": 132,
            "heart_rate": 130,
            "speed": 2.8
        },
        {
            "timestamp": "2015-08-26T20:51:15.000Z",
            "altitude": 79,
            "cadence": 86,
            "distance": 132,
            "heart_rate": 131,
            "speed": 2.8
        },
        {
            "timestamp": "2015-08-26T20:51:16.000Z",
            "altitude": 79,
            "cadence": 86,
            "distance": 139,
            "heart_rate": 131,
            "speed": 2.9
        },
        {
            "timestamp": "2015-08-26T20:51:17.000Z",
            "altitude": 79,
            "cadence": 86,
            "distance": 139,
            "heart_rate": 132,
            "speed": 2.9
        },
        {
            "timestamp": "2015-08-26T20:51:18.000Z",
            "altitude": 78,
            "cadence": 86,
            "distance": 145,
            "heart_rate": 132,
            "speed": 2.9
        },
        {
            "timestamp": "2015-08-26T20:51:19.000Z",
            "altitude": 78,
            "cadence": 86,
            "distance": 145,
            "heart_rate": 131,
            "speed": 2.9
        },
        {
            "timestamp": "2015-08-26T20:51:20.000Z",
            "altitude": 78,
            "cadence": 86,
            "distance": 152,
            "heart_rate": 131,
            "speed": 2.9
        },
        {
            "timestamp": "2015-08-26T20:51:21.000Z",
            "altitude": 77,
            "cadence": 86,
            "distance": 152,
            "heart_rate": 131,
            "speed": 2.9
        },
        {
            "timestamp": "2015-08-26T20:51:22.000Z",
            "altitude": 77,
            "cadence": 86,
            "distance": 158,
            "heart_rate": 131,
            "speed": 2.9
        },
        {
            "timestamp": "2015-08-26T20:51:23.000Z",
            "altitude": 77,
            "cadence": 86,
            "distance": 158,
            "heart_rate": 131,
            "speed": 2.9
        },
        {
            "timestamp": "2015-08-26T20:51:24.000Z",
            "altitude": 77,
            "cadence": 86,
            "distance": 164,
            "heart_rate": 130,
            "speed": 2.9
        },
        {
            "timestamp": "2015-08-26T20:51:25.000Z",
            "altitude": 76,
            "cadence": 86,
            "distance": 164,
            "heart_rate": 130,
            "speed": 2.9
        },
        {
            "timestamp": "2015-08-26T20:51:26.000Z",
            "altitude": 76,
            "cadence": 86,
            "distance": 170,
            "heart_rate": 132,
            "speed": 2.9
        },
        {
            "timestamp": "2015-08-26T20:51:27.000Z",
            "altitude": 76,
            "cadence": 85,
            "distance": 170,
            "heart_rate": 131,
            "speed": 2.9
        },
        {
            "timestamp": "2015-08-26T20:51:28.000Z",
            "altitude": 76,
            "cadence": 85,
            "distance": 176,
            "heart_rate": 131,
            "speed": 2.9
        },
        {
            "timestamp": "2015-08-26T20:51:29.000Z",
            "altitude": 76,
            "cadence": 86,
            "distance": 176,
            "heart_rate": 131,
            "speed": 2.9
        },
        {
            "timestamp": "2015-08-26T20:51:30.000Z",
            "altitude": 76,
            "cadence": 86,
            "distance": 181,
            "heart_rate": 130,
            "speed": 2.9
        },
        {
            "timestamp": "2015-08-26T20:51:31.000Z",
            "altitude": 76,
            "cadence": 86,
            "distance": 184,
            "heart_rate": 131,
            "speed": 2.9
        },
        {
            "timestamp": "2015-08-26T20:51:32.000Z",
            "altitude": 76,
            "cadence": 86,
            "distance": 187,
            "heart_rate": 131,
            "speed": 2.9
        },
        {
            "timestamp": "2015-08-26T20:51:33.000Z",
            "altitude": 76,
            "cadence": 86,
            "distance": 187,
            "heart_rate": 131,
            "speed": 2.9
        },
        {
            "timestamp": "2015-08-26T20:51:34.000Z",
            "altitude": 76,
            "cadence": 86,
            "distance": 193,
            "heart_rate": 130,
            "speed": 2.9
        },
        {
            "timestamp": "2015-08-26T20:51:35.000Z",
            "altitude": 76,
            "cadence": 86,
            "distance": 193,
            "heart_rate": 131,
            "speed": 2.9
        },
        {
            "timestamp": "2015-08-26T20:51:36.000Z",
            "altitude": 76,
            "cadence": 86,
            "distance": 199,
            "heart_rate": 131,
            "speed": 2.9
        },
        {
            "timestamp": "2015-08-26T20:51:37.000Z",
            "altitude": 75,
            "cadence": 86,
            "distance": 199,
            "heart_rate": 131,
            "speed": 2.9
        },
        {
            "timestamp": "2015-08-26T20:51:38.000Z",
            "altitude": 75,
            "cadence": 86,
            "distance": 205,
            "heart_rate": 132,
            "speed": 2.9
        },
        {
            "timestamp": "2015-08-26T20:51:39.000Z",
            "altitude": 75,
            "cadence": 86,
            "distance": 205,
            "heart_rate": 132,
            "speed": 2.9
        },
        {
            "timestamp": "2015-08-26T20:51:40.000Z",
            "altitude": 75,
            "cadence": 85,
            "distance": 210,
            "heart_rate": 132,
            "speed": 2.9
        },
        {
            "timestamp": "2015-08-26T20:51:41.000Z",
            "altitude": 75,
            "cadence": 85,
            "distance": 210,
            "heart_rate": 132,
            "speed": 2.9
        },
        {
            "timestamp": "2015-08-26T20:51:42.000Z",
            "altitude": 76,
            "cadence": 85,
            "distance": 215,
            "heart_rate": 132,
            "speed": 2.9
        },
        {
            "timestamp": "2015-08-26T20:51:43.000Z",
            "altitude": 76,
            "cadence": 85,
            "distance": 215,
            "heart_rate": 132,
            "speed": 2.9
        },
        {
            "timestamp": "2015-08-26T20:51:44.000Z",
            "altitude": 75,
            "cadence": 85,
            "distance": 220,
            "heart_rate": 132,
            "speed": 2.9
        },
        {
            "timestamp": "2015-08-26T20:51:45.000Z",
            "altitude": 75,
            "cadence": 85,
            "distance": 220,
            "heart_rate": 132,
            "speed": 2.9
        },
        {
            "timestamp": "2015-08-26T20:51:46.000Z",
            "altitude": 75,
            "cadence": 85,
            "distance": 225,
            "heart_rate": 132,
            "speed": 2.9
        },
        {
            "timestamp": "2015-08-26T20:51:47.000Z",
            "altitude": 75,
            "cadence": 85,
            "distance": 225,
            "heart_rate": 133,
            "speed": 2.9
        },
        {
            "timestamp": "2015-08-26T20:51:48.000Z",
            "altitude": 75,
            "cadence": 85,
            "distance": 231,
            "heart_rate": 133,
            "speed": 2.9
        },
        {
            "timestamp": "2015-08-26T20:51:49.000Z",
            "altitude": 75,
            "cadence": 86,
            "distance": 231,
            "heart_rate": 133,
            "speed": 2.9
        },
        {
            "timestamp": "2015-08-26T20:51:50.000Z",
            "altitude": 75,
            "cadence": 86,
            "distance": 237,
            "heart_rate": 133,
            "speed": 2.9
        },
        {
            "timestamp": "2015-08-26T20:51:51.000Z",
            "altitude": 75,
            "cadence": 86,
            "distance": 237,
            "heart_rate": 133,
            "speed": 2.9
        },
        {
            "timestamp": "2015-08-26T20:51:52.000Z",
            "altitude": 75,
            "cadence": 87,
            "distance": 243,
            "heart_rate": 134,
            "speed": 2.9
        },
        {
            "timestamp": "2015-08-26T20:51:53.000Z",
            "altitude": 75,
            "cadence": 86,
            "distance": 243,
            "heart_rate": 134,
            "speed": 2.9
        },
        {
            "timestamp": "2015-08-26T20:51:54.000Z",
            "altitude": 75,
            "cadence": 86,
            "distance": 249,
            "heart_rate": 134,
            "speed": 2.9
        },
        {
            "timestamp": "2015-08-26T20:51:55.000Z",
            "altitude": 75,
            "cadence": 86,
            "distance": 249,
            "heart_rate": 134,
            "speed": 2.9
        },
        {
            "timestamp": "2015-08-26T20:51:56.000Z",
            "altitude": 75,
            "cadence": 87,
            "distance": 255,
            "heart_rate": 133,
            "speed": 2.9
        },
        {
            "timestamp": "2015-08-26T20:51:57.000Z",
            "altitude": 75,
            "cadence": 86,
            "distance": 255,
            "heart_rate": 134,
            "speed": 2.9
        },
        {
            "timestamp": "2015-08-26T20:51:58.000Z",
            "altitude": 75,
            "cadence": 87,
            "distance": 261,
            "heart_rate": 134,
            "speed": 2.9
        },
        {
            "timestamp": "2015-08-26T20:51:59.000Z",
            "altitude": 75,
            "cadence": 86,
            "distance": 261,
            "heart_rate": 134,
            "speed": 2.9
        },
        {
            "timestamp": "2015-08-26T20:52:00.000Z",
            "altitude": 75,
            "cadence": 87,
            "distance": 267,
            "heart_rate": 135,
            "speed": 2.9
        },
        {
            "timestamp": "2015-08-26T20:52:01.000Z",
            "altitude": 75,
            "cadence": 86,
            "distance": 267,
            "heart_rate": 136,
            "speed": 2.9
        },
        {
            "timestamp": "2015-08-26T20:52:02.000Z",
            "altitude": 75,
            "cadence": 86,
            "distance": 272,
            "heart_rate": 136,
            "speed": 2.9
        },
        {
            "timestamp": "2015-08-26T20:52:03.000Z",
            "altitude": 75,
            "cadence": 86,
            "distance": 272,
            "heart_rate": 137,
            "speed": 2.9
        },
        {
            "timestamp": "2015-08-26T20:52:04.000Z",
            "altitude": 75,
            "cadence": 85,
            "distance": 279,
            "heart_rate": 137,
            "speed": 2.9
        },
        {
            "timestamp": "2015-08-26T20:52:05.000Z",
            "altitude": 75,
            "cadence": 86,
            "distance": 279,
            "heart_rate": 137,
            "speed": 2.9
        },
        {
            "timestamp": "2015-08-26T20:52:06.000Z",
            "altitude": 75,
            "cadence": 86,
            "distance": 285,
            "heart_rate": 138,
            "speed": 2.9
        },
        {
            "timestamp": "2015-08-26T20:52:07.000Z",
            "altitude": 75,
            "cadence": 87,
            "distance": 285,
            "heart_rate": 138,
            "speed": 2.9
        },
        {
            "timestamp": "2015-08-26T20:52:08.000Z",
            "altitude": 75,
            "cadence": 87,
            "distance": 292,
            "heart_rate": 138,
            "speed": 2.9
        },
        {
            "timestamp": "2015-08-26T20:52:09.000Z",
            "altitude": 75,
            "cadence": 88,
            "distance": 292,
            "heart_rate": 138,
            "speed": 2.9
        },
        {
            "timestamp": "2015-08-26T20:52:10.000Z",
            "altitude": 75,
            "cadence": 87,
            "distance": 298,
            "heart_rate": 138,
            "speed": 2.9
        },
        {
            "timestamp": "2015-08-26T20:52:11.000Z",
            "altitude": 75,
            "cadence": 87,
            "distance": 298,
            "heart_rate": 138,
            "speed": 3
        },
        {
            "timestamp": "2015-08-26T20:52:12.000Z",
            "altitude": 76,
            "cadence": 87,
            "distance": 305,
            "heart_rate": 138,
            "speed": 3
        },
        {
            "timestamp": "2015-08-26T20:52:13.000Z",
            "altitude": 76,
            "cadence": 87,
            "distance": 305,
            "heart_rate": 139,
            "speed": 3
        },
        {
            "timestamp": "2015-08-26T20:52:14.000Z",
            "altitude": 76,
            "cadence": 87,
            "distance": 311,
            "heart_rate": 139,
            "speed": 3
        },
        {
            "timestamp": "2015-08-26T20:52:15.000Z",
            "altitude": 76,
            "cadence": 87,
            "distance": 311,
            "heart_rate": 139,
            "speed": 3
        },
        {
            "timestamp": "2015-08-26T20:52:16.000Z",
            "altitude": 76,
            "cadence": 87,
            "distance": 319,
            "heart_rate": 139,
            "speed": 3
        },
        {
            "timestamp": "2015-08-26T20:52:17.000Z",
            "altitude": 76,
            "cadence": 87,
            "distance": 319,
            "heart_rate": 139,
            "speed": 3
        },
        {
            "timestamp": "2015-08-26T20:52:18.000Z",
            "altitude": 76,
            "cadence": 87,
            "distance": 326,
            "heart_rate": 139,
            "speed": 3.1
        },
        {
            "timestamp": "2015-08-26T20:52:19.000Z",
            "altitude": 76,
            "cadence": 87,
            "distance": 326,
            "heart_rate": 139,
            "speed": 3.1
        },
        {
            "timestamp": "2015-08-26T20:52:20.000Z",
            "altitude": 76,
            "cadence": 87,
            "distance": 332,
            "heart_rate": 138,
            "speed": 3.1
        },
        {
            "timestamp": "2015-08-26T20:52:21.000Z",
            "altitude": 76,
            "cadence": 86,
            "distance": 332,
            "heart_rate": 139,
            "speed": 3.1
        },
        {
            "timestamp": "2015-08-26T20:52:22.000Z",
            "altitude": 76,
            "cadence": 87,
            "distance": 339,
            "heart_rate": 138,
            "speed": 3.1
        },
        {
            "timestamp": "2015-08-26T20:52:23.000Z",
            "altitude": 76,
            "cadence": 86,
            "distance": 339,
            "heart_rate": 139,
            "speed": 3.1
        },
        {
            "timestamp": "2015-08-26T20:52:24.000Z",
            "altitude": 77,
            "cadence": 87,
            "distance": 345,
            "heart_rate": 139,
            "speed": 3.1
        },
        {
            "timestamp": "2015-08-26T20:52:25.000Z",
            "altitude": 77,
            "cadence": 87,
            "distance": 345,
            "heart_rate": 139,
            "speed": 3.1
        },
        {
            "timestamp": "2015-08-26T20:52:26.000Z",
            "altitude": 77,
            "cadence": 87,
            "distance": 352,
            "heart_rate": 138,
            "speed": 3.1
        },
        {
            "timestamp": "2015-08-26T20:52:27.000Z",
            "altitude": 77,
            "cadence": 87,
            "distance": 352,
            "heart_rate": 138,
            "speed": 3.1
        },
        {
            "timestamp": "2015-08-26T20:52:28.000Z",
            "altitude": 76,
            "cadence": 88,
            "distance": 358,
            "heart_rate": 138,
            "speed": 3.1
        },
        {
            "timestamp": "2015-08-26T20:52:29.000Z",
            "altitude": 76,
            "cadence": 88,
            "distance": 358,
            "heart_rate": 139,
            "speed": 3.1
        },
        {
            "timestamp": "2015-08-26T20:52:30.000Z",
            "altitude": 77,
            "cadence": 87,
            "distance": 365,
            "heart_rate": 138,
            "speed": 3.1
        },
        {
            "timestamp": "2015-08-26T20:52:31.000Z",
            "altitude": 77,
            "cadence": 87,
            "distance": 365,
            "heart_rate": 139,
            "speed": 3.1
        },
        {
            "timestamp": "2015-08-26T20:52:32.000Z",
            "altitude": 77,
            "cadence": 87,
            "distance": 372,
            "heart_rate": 139,
            "speed": 3.1
        },
        {
            "timestamp": "2015-08-26T20:52:33.000Z",
            "altitude": 77,
            "cadence": 87,
            "distance": 372,
            "heart_rate": 139,
            "speed": 3.1
        },
        {
            "timestamp": "2015-08-26T20:52:34.000Z",
            "altitude": 77,
            "cadence": 87,
            "distance": 378,
            "heart_rate": 139,
            "speed": 3.1
        },
        {
            "timestamp": "2015-08-26T20:52:35.000Z",
            "altitude": 77,
            "cadence": 87,
            "distance": 378,
            "heart_rate": 140,
            "speed": 3.1
        },
        {
            "timestamp": "2015-08-26T20:52:36.000Z",
            "altitude": 76,
            "cadence": 87,
            "distance": 385,
            "heart_rate": 139,
            "speed": 3.2
        },
        {
            "timestamp": "2015-08-26T20:52:37.000Z",
            "altitude": 76,
            "cadence": 87,
            "distance": 385,
            "heart_rate": 140,
            "speed": 3.2
        },
        {
            "timestamp": "2015-08-26T20:52:38.000Z",
            "altitude": 76,
            "cadence": 86,
            "distance": 391,
            "heart_rate": 140,
            "speed": 3.2
        },
        {
            "timestamp": "2015-08-26T20:52:39.000Z",
            "altitude": 76,
            "cadence": 86,
            "distance": 391,
            "heart_rate": 140,
            "speed": 3.2
        },
        {
            "timestamp": "2015-08-26T20:52:40.000Z",
            "altitude": 76,
            "cadence": 86,
            "distance": 397,
            "heart_rate": 140,
            "speed": 3.1
        },
        {
            "timestamp": "2015-08-26T20:52:41.000Z",
            "altitude": 76,
            "cadence": 86,
            "distance": 397,
            "heart_rate": 140,
            "speed": 3.1
        },
        {
            "timestamp": "2015-08-26T20:52:42.000Z",
            "altitude": 76,
            "cadence": 85,
            "distance": 403,
            "heart_rate": 141,
            "speed": 3.1
        },
        {
            "timestamp": "2015-08-26T20:52:43.000Z",
            "altitude": 76,
            "cadence": 85,
            "distance": 403,
            "heart_rate": 141,
            "speed": 3.1
        },
        {
            "timestamp": "2015-08-26T20:52:44.000Z",
            "altitude": 76,
            "cadence": 85,
            "distance": 409,
            "heart_rate": 141,
            "speed": 3.1
        },
        {
            "timestamp": "2015-08-26T20:52:45.000Z",
            "altitude": 76,
            "cadence": 85,
            "distance": 409,
            "heart_rate": 141,
            "speed": 3.1
        },
        {
            "timestamp": "2015-08-26T20:52:46.000Z",
            "altitude": 76,
            "cadence": 85,
            "distance": 415,
            "heart_rate": 141,
            "speed": 3.1
        },
        {
            "timestamp": "2015-08-26T20:52:47.000Z",
            "altitude": 76,
            "cadence": 85,
            "distance": 415,
            "heart_rate": 141,
            "speed": 3.1
        },
        {
            "timestamp": "2015-08-26T20:52:48.000Z",
            "altitude": 76,
            "cadence": 86,
            "distance": 422,
            "heart_rate": 142,
            "speed": 3.1
        },
        {
            "timestamp": "2015-08-26T20:52:49.000Z",
            "altitude": 76,
            "cadence": 86,
            "distance": 422,
            "heart_rate": 142,
            "speed": 3.1
        },
        {
            "timestamp": "2015-08-26T20:52:50.000Z",
            "altitude": 76,
            "cadence": 86,
            "distance": 428,
            "heart_rate": 142,
            "speed": 3.1
        },
        {
            "timestamp": "2015-08-26T20:52:51.000Z",
            "altitude": 76,
            "cadence": 86,
            "distance": 428,
            "heart_rate": 142,
            "speed": 3.1
        },
        {
            "timestamp": "2015-08-26T20:52:52.000Z",
            "altitude": 76,
            "cadence": 86,
            "distance": 434,
            "heart_rate": 142,
            "speed": 3.1
        },
        {
            "timestamp": "2015-08-26T20:52:53.000Z",
            "altitude": 76,
            "cadence": 86,
            "distance": 434,
            "heart_rate": 142,
            "speed": 3.1
        },
        {
            "timestamp": "2015-08-26T20:52:54.000Z",
            "altitude": 75,
            "cadence": 86,
            "distance": 441,
            "heart_rate": 142,
            "speed": 3.1
        },
        {
            "timestamp": "2015-08-26T20:52:55.000Z",
            "altitude": 75,
            "cadence": 87,
            "distance": 441,
            "heart_rate": 142,
            "speed": 3.1
        },
        {
            "timestamp": "2015-08-26T20:52:56.000Z",
            "altitude": 75,
            "cadence": 86,
            "distance": 447,
            "heart_rate": 143,
            "speed": 3.1
        },
        {
            "timestamp": "2015-08-26T20:52:57.000Z",
            "altitude": 74,
            "cadence": 86,
            "distance": 447,
            "heart_rate": 142,
            "speed": 3.1
        },
        {
            "timestamp": "2015-08-26T20:52:58.000Z",
            "altitude": 74,
            "cadence": 86,
            "distance": 453,
            "heart_rate": 143,
            "speed": 3.1
        },
        {
            "timestamp": "2015-08-26T20:52:59.000Z",
            "altitude": 74,
            "cadence": 86,
            "distance": 453,
            "heart_rate": 143,
            "speed": 3.1
        },
        {
            "timestamp": "2015-08-26T20:53:00.000Z",
            "altitude": 74,
            "cadence": 86,
            "distance": 459,
            "heart_rate": 142,
            "speed": 3.1
        },
        {
            "timestamp": "2015-08-26T20:53:01.000Z",
            "altitude": 73,
            "cadence": 85,
            "distance": 459,
            "heart_rate": 143,
            "speed": 3.1
        },
        {
            "timestamp": "2015-08-26T20:53:02.000Z",
            "altitude": 73,
            "cadence": 86,
            "distance": 465,
            "heart_rate": 143,
            "speed": 3.1
        },
        {
            "timestamp": "2015-08-26T20:53:03.000Z",
            "altitude": 73,
            "cadence": 86,
            "distance": 465,
            "heart_rate": 143,
            "speed": 3.1
        },
        {
            "timestamp": "2015-08-26T20:53:04.000Z",
            "altitude": 73,
            "cadence": 86,
            "distance": 471,
            "heart_rate": 143,
            "speed": 3.1
        },
        {
            "timestamp": "2015-08-26T20:53:05.000Z",
            "altitude": 73,
            "cadence": 85,
            "distance": 471,
            "heart_rate": 143,
            "speed": 3.1
        },
        {
            "timestamp": "2015-08-26T20:53:06.000Z",
            "altitude": 73,
            "cadence": 85,
            "distance": 477,
            "heart_rate": 143,
            "speed": 3.1
        },
        {
            "timestamp": "2015-08-26T20:53:07.000Z",
            "altitude": 73,
            "cadence": 85,
            "distance": 477,
            "heart_rate": 143,
            "speed": 3.1
        },
        {
            "timestamp": "2015-08-26T20:53:08.000Z",
            "altitude": 73,
            "cadence": 86,
            "distance": 483,
            "heart_rate": 143,
            "speed": 3.1
        },
        {
            "timestamp": "2015-08-26T20:53:09.000Z",
            "altitude": 74,
            "cadence": 86,
            "distance": 483,
            "heart_rate": 143,
            "speed": 3.1
        },
        {
            "timestamp": "2015-08-26T20:53:10.000Z",
            "altitude": 74,
            "cadence": 86,
            "distance": 490,
            "heart_rate": 143,
            "speed": 3.1
        },
        {
            "timestamp": "2015-08-26T20:53:11.000Z",
            "altitude": 74,
            "cadence": 87,
            "distance": 490,
            "heart_rate": 143,
            "speed": 3.1
        },
        {
            "timestamp": "2015-08-26T20:53:12.000Z",
            "altitude": 74,
            "cadence": 86,
            "distance": 496,
            "heart_rate": 142,
            "speed": 3.1
        },
        {
            "timestamp": "2015-08-26T20:53:13.000Z",
            "altitude": 74,
            "cadence": 87,
            "distance": 496,
            "heart_rate": 142,
            "speed": 3.1
        },
        {
            "timestamp": "2015-08-26T20:53:14.000Z",
            "altitude": 75,
            "cadence": 86,
            "distance": 502,
            "heart_rate": 142,
            "speed": 3.1
        },
        {
            "timestamp": "2015-08-26T20:53:15.000Z",
            "altitude": 75,
            "cadence": 86,
            "distance": 502,
            "heart_rate": 142,
            "speed": 3.1
        },
        {
            "timestamp": "2015-08-26T20:53:16.000Z",
            "altitude": 75,
            "cadence": 85,
            "distance": 508,
            "heart_rate": 142,
            "speed": 3.1
        },
        {
            "timestamp": "2015-08-26T20:53:17.000Z",
            "altitude": 75,
            "cadence": 86,
            "distance": 508,
            "heart_rate": 143,
            "speed": 3.1
        },
        {
            "timestamp": "2015-08-26T20:53:18.000Z",
            "altitude": 75,
            "cadence": 86,
            "distance": 514,
            "heart_rate": 142,
            "speed": 3.1
        },
        {
            "timestamp": "2015-08-26T20:53:19.000Z",
            "altitude": 75,
            "cadence": 86,
            "distance": 518,
            "heart_rate": 142,
            "speed": 3.1
        },
        {
            "timestamp": "2015-08-26T20:53:20.000Z",
            "altitude": 75,
            "cadence": 86,
            "distance": 521,
            "heart_rate": 142,
            "speed": 3.1
        },
        {
            "timestamp": "2015-08-26T20:53:21.000Z",
            "altitude": 75,
            "cadence": 86,
            "distance": 524,
            "heart_rate": 141,
            "speed": 3.1
        },
        {
            "timestamp": "2015-08-26T20:53:22.000Z",
            "altitude": 75,
            "cadence": 86,
            "distance": 524,
            "heart_rate": 141,
            "speed": 3.1
        },
        {
            "timestamp": "2015-08-26T20:53:23.000Z",
            "altitude": 75,
            "cadence": 86,
            "distance": 531,
            "heart_rate": 141,
            "speed": 3.1
        },
        {
            "timestamp": "2015-08-26T20:53:24.000Z",
            "altitude": 75,
            "cadence": 87,
            "distance": 531,
            "heart_rate": 141,
            "speed": 3.1
        },
        {
            "timestamp": "2015-08-26T20:53:25.000Z",
            "altitude": 75,
            "cadence": 87,
            "distance": 537,
            "heart_rate": 140,
            "speed": 3.1
        },
        {
            "timestamp": "2015-08-26T20:53:26.000Z",
            "altitude": 75,
            "cadence": 86,
            "distance": 537,
            "heart_rate": 141,
            "speed": 3.1
        },
        {
            "timestamp": "2015-08-26T20:53:27.000Z",
            "altitude": 75,
            "cadence": 86,
            "distance": 543,
            "heart_rate": 141,
            "speed": 3.1
        },
        {
            "timestamp": "2015-08-26T20:53:28.000Z",
            "altitude": 75,
            "cadence": 85,
            "distance": 543,
            "heart_rate": 141,
            "speed": 3.1
        },
        {
            "timestamp": "2015-08-26T20:53:29.000Z",
            "altitude": 75,
            "cadence": 85,
            "distance": 549,
            "heart_rate": 140,
            "speed": 3.1
        },
        {
            "timestamp": "2015-08-26T20:53:30.000Z",
            "altitude": 76,
            "cadence": 85,
            "distance": 549,
            "heart_rate": 140,
            "speed": 3.1
        },
        {
            "timestamp": "2015-08-26T20:53:31.000Z",
            "altitude": 76,
            "cadence": 86,
            "distance": 555,
            "heart_rate": 140,
            "speed": 3.1
        },
        {
            "timestamp": "2015-08-26T20:53:32.000Z",
            "altitude": 76,
            "cadence": 85,
            "distance": 555,
            "heart_rate": 141,
            "speed": 3.1
        },
        {
            "timestamp": "2015-08-26T20:53:33.000Z",
            "altitude": 76,
            "cadence": 85,
            "distance": 561,
            "heart_rate": 141,
            "speed": 3.1
        },
        {
            "timestamp": "2015-08-26T20:53:34.000Z",
            "altitude": 76,
            "cadence": 85,
            "distance": 561,
            "heart_rate": 141,
            "speed": 3.1
        },
        {
            "timestamp": "2015-08-26T20:53:35.000Z",
            "altitude": 76,
            "cadence": 85,
            "distance": 567,
            "heart_rate": 141,
            "speed": 3.1
        },
        {
            "timestamp": "2015-08-26T20:53:36.000Z",
            "altitude": 77,
            "cadence": 85,
            "distance": 567,
            "heart_rate": 140,
            "speed": 3.1
        },
        {
            "timestamp": "2015-08-26T20:53:37.000Z",
            "altitude": 77,
            "cadence": 85,
            "distance": 573,
            "heart_rate": 140,
            "speed": 3.1
        },
        {
            "timestamp": "2015-08-26T20:53:38.000Z",
            "altitude": 76,
            "cadence": 85,
            "distance": 573,
            "heart_rate": 141,
            "speed": 3.1
        },
        {
            "timestamp": "2015-08-26T20:53:39.000Z",
            "altitude": 76,
            "cadence": 85,
            "distance": 580,
            "heart_rate": 140,
            "speed": 3.1
        },
        {
            "timestamp": "2015-08-26T20:53:40.000Z",
            "altitude": 76,
            "cadence": 85,
            "distance": 580,
            "heart_rate": 140,
            "speed": 3.1
        },
        {
            "timestamp": "2015-08-26T20:53:41.000Z",
            "altitude": 76,
            "cadence": 85,
            "distance": 586,
            "heart_rate": 140,
            "speed": 3.1
        },
        {
            "timestamp": "2015-08-26T20:53:42.000Z",
            "altitude": 76,
            "cadence": 85,
            "distance": 586,
            "heart_rate": 140,
            "speed": 3.1
        },
        {
            "timestamp": "2015-08-26T20:53:43.000Z",
            "altitude": 76,
            "cadence": 85,
            "distance": 592,
            "heart_rate": 139,
            "speed": 3.1
        },
        {
            "timestamp": "2015-08-26T20:53:44.000Z",
            "altitude": 76,
            "cadence": 84,
            "distance": 592,
            "heart_rate": 140,
            "speed": 3.1
        },
        {
            "timestamp": "2015-08-26T20:53:45.000Z",
            "altitude": 76,
            "cadence": 85,
            "distance": 598,
            "heart_rate": 139,
            "speed": 3.1
        },
        {
            "timestamp": "2015-08-26T20:53:46.000Z",
            "altitude": 76,
            "cadence": 85,
            "distance": 598,
            "heart_rate": 139,
            "speed": 3.1
        },
        {
            "timestamp": "2015-08-26T20:53:47.000Z",
            "altitude": 76,
            "cadence": 85,
            "distance": 605,
            "heart_rate": 139,
            "speed": 3.1
        },
        {
            "timestamp": "2015-08-26T20:53:48.000Z",
            "altitude": 76,
            "cadence": 85,
            "distance": 605,
            "heart_rate": 139,
            "speed": 3.1
        },
        {
            "timestamp": "2015-08-26T20:53:49.000Z",
            "altitude": 76,
            "cadence": 86,
            "distance": 611,
            "heart_rate": 139,
            "speed": 3.1
        },
        {
            "timestamp": "2015-08-26T20:53:50.000Z",
            "altitude": 76,
            "cadence": 86,
            "distance": 611,
            "heart_rate": 139,
            "speed": 3.1
        },
        {
            "timestamp": "2015-08-26T20:53:51.000Z",
            "altitude": 76,
            "cadence": 85,
            "distance": 616,
            "heart_rate": 140,
            "speed": 3.1
        },
        {
            "timestamp": "2015-08-26T20:53:52.000Z",
            "altitude": 76,
            "cadence": 85,
            "distance": 616,
            "heart_rate": 140,
            "speed": 3.1
        },
        {
            "timestamp": "2015-08-26T20:53:53.000Z",
            "altitude": 76,
            "cadence": 84,
            "distance": 622,
            "heart_rate": 139,
            "speed": 3.1
        },
        {
            "timestamp": "2015-08-26T20:53:54.000Z",
            "altitude": 76,
            "cadence": 85,
            "distance": 622,
            "heart_rate": 139,
            "speed": 3.1
        },
        {
            "timestamp": "2015-08-26T20:53:55.000Z",
            "altitude": 76,
            "cadence": 85,
            "distance": 627,
            "heart_rate": 139,
            "speed": 3.1
        },
        {
            "timestamp": "2015-08-26T20:53:56.000Z",
            "altitude": 76,
            "cadence": 85,
            "distance": 627,
            "heart_rate": 139,
            "speed": 3.1
        },
        {
            "timestamp": "2015-08-26T20:53:57.000Z",
            "altitude": 76,
            "cadence": 85,
            "distance": 633,
            "heart_rate": 139,
            "speed": 3.1
        },
        {
            "timestamp": "2015-08-26T20:53:58.000Z",
            "altitude": 76,
            "cadence": 85,
            "distance": 633,
            "heart_rate": 139,
            "speed": 3.1
        },
        {
            "timestamp": "2015-08-26T20:53:59.000Z",
            "altitude": 76,
            "cadence": 85,
            "distance": 638,
            "heart_rate": 139,
            "speed": 3.1
        },
        {
            "timestamp": "2015-08-26T20:54:00.000Z",
            "altitude": 76,
            "cadence": 85,
            "distance": 638,
            "heart_rate": 138,
            "speed": 3.1
        },
        {
            "timestamp": "2015-08-26T20:54:01.000Z",
            "altitude": 77,
            "cadence": 84,
            "distance": 644,
            "heart_rate": 138,
            "speed": 3
        },
        {
            "timestamp": "2015-08-26T20:54:02.000Z",
            "altitude": 76,
            "cadence": 84,
            "distance": 644,
            "heart_rate": 138,
            "speed": 3
        },
        {
            "timestamp": "2015-08-26T20:54:03.000Z",
            "altitude": 77,
            "cadence": 85,
            "distance": 649,
            "heart_rate": 138,
            "speed": 3
        },
        {
            "timestamp": "2015-08-26T20:54:04.000Z",
            "altitude": 76,
            "cadence": 85,
            "distance": 649,
            "heart_rate": 138,
            "speed": 3
        },
        {
            "timestamp": "2015-08-26T20:54:05.000Z",
            "altitude": 76,
            "cadence": 85,
            "distance": 655,
            "heart_rate": 138,
            "speed": 3
        },
        {
            "timestamp": "2015-08-26T20:54:06.000Z",
            "altitude": 76,
            "cadence": 86,
            "distance": 655,
            "heart_rate": 138,
            "speed": 3
        },
        {
            "timestamp": "2015-08-26T20:54:07.000Z",
            "altitude": 76,
            "cadence": 86,
            "distance": 661,
            "heart_rate": 137,
            "speed": 3
        },
        {
            "timestamp": "2015-08-26T20:54:08.000Z",
            "altitude": 76,
            "cadence": 86,
            "distance": 661,
            "heart_rate": 137,
            "speed": 3
        },
        {
            "timestamp": "2015-08-26T20:54:09.000Z",
            "altitude": 76,
            "cadence": 86,
            "distance": 667,
            "heart_rate": 138,
            "speed": 3
        },
        {
            "timestamp": "2015-08-26T20:54:10.000Z",
            "altitude": 76,
            "cadence": 86,
            "distance": 667,
            "heart_rate": 138,
            "speed": 3
        },
        {
            "timestamp": "2015-08-26T20:54:11.000Z",
            "altitude": 76,
            "cadence": 85,
            "distance": 673,
            "heart_rate": 138,
            "speed": 3
        },
        {
            "timestamp": "2015-08-26T20:54:12.000Z",
            "altitude": 76,
            "cadence": 85,
            "distance": 673,
            "heart_rate": 138,
            "speed": 3
        },
        {
            "timestamp": "2015-08-26T20:54:13.000Z",
            "altitude": 76,
            "cadence": 85,
            "distance": 678,
            "heart_rate": 140,
            "speed": 3
        },
        {
            "timestamp": "2015-08-26T20:54:14.000Z",
            "altitude": 76,
            "cadence": 85,
            "distance": 678,
            "heart_rate": 139,
            "speed": 3
        },
        {
            "timestamp": "2015-08-26T20:54:15.000Z",
            "altitude": 76,
            "cadence": 85,
            "distance": 684,
            "heart_rate": 139,
            "speed": 3
        },
        {
            "timestamp": "2015-08-26T20:54:16.000Z",
            "altitude": 76,
            "cadence": 85,
            "distance": 684,
            "heart_rate": 139,
            "speed": 3
        },
        {
            "timestamp": "2015-08-26T20:54:17.000Z",
            "altitude": 76,
            "cadence": 85,
            "distance": 690,
            "heart_rate": 138,
            "speed": 3
        },
        {
            "timestamp": "2015-08-26T20:54:18.000Z",
            "altitude": 76,
            "cadence": 85,
            "distance": 690,
            "heart_rate": 139,
            "speed": 3
        },
        {
            "timestamp": "2015-08-26T20:54:19.000Z",
            "altitude": 76,
            "cadence": 85,
            "distance": 695,
            "heart_rate": 139,
            "speed": 3
        },
        {
            "timestamp": "2015-08-26T20:54:20.000Z",
            "altitude": 77,
            "cadence": 85,
            "distance": 695,
            "heart_rate": 139,
            "speed": 3
        },
        {
            "timestamp": "2015-08-26T20:54:21.000Z",
            "altitude": 76,
            "cadence": 86,
            "distance": 701,
            "heart_rate": 139,
            "speed": 3
        },
        {
            "timestamp": "2015-08-26T20:54:22.000Z",
            "altitude": 76,
            "cadence": 86,
            "distance": 701,
            "heart_rate": 140,
            "speed": 3
        },
        {
            "timestamp": "2015-08-26T20:54:23.000Z",
            "altitude": 76,
            "cadence": 86,
            "distance": 707,
            "heart_rate": 139,
            "speed": 3
        },
        {
            "timestamp": "2015-08-26T20:54:24.000Z",
            "altitude": 76,
            "cadence": 86,
            "distance": 707,
            "heart_rate": 140,
            "speed": 3
        },
        {
            "timestamp": "2015-08-26T20:54:25.000Z",
            "altitude": 76,
            "cadence": 86,
            "distance": 713,
            "heart_rate": 139,
            "speed": 3
        },
        {
            "timestamp": "2015-08-26T20:54:26.000Z",
            "altitude": 76,
            "cadence": 86,
            "distance": 713,
            "heart_rate": 139,
            "speed": 3
        },
        {
            "timestamp": "2015-08-26T20:54:27.000Z",
            "altitude": 76,
            "cadence": 86,
            "distance": 719,
            "heart_rate": 139,
            "speed": 3
        },
        {
            "timestamp": "2015-08-26T20:54:28.000Z",
            "altitude": 76,
            "cadence": 85,
            "distance": 719,
            "heart_rate": 139,
            "speed": 3
        },
        {
            "timestamp": "2015-08-26T20:54:29.000Z",
            "altitude": 76,
            "cadence": 85,
            "distance": 725,
            "heart_rate": 139,
            "speed": 3
        },
        {
            "timestamp": "2015-08-26T20:54:30.000Z",
            "altitude": 76,
            "cadence": 85,
            "distance": 725,
            "heart_rate": 138,
            "speed": 3
        },
        {
            "timestamp": "2015-08-26T20:54:31.000Z",
            "altitude": 76,
            "cadence": 85,
            "distance": 731,
            "heart_rate": 138,
            "speed": 3
        },
        {
            "timestamp": "2015-08-26T20:54:32.000Z",
            "altitude": 76,
            "cadence": 85,
            "distance": 731,
            "heart_rate": 138,
            "speed": 3
        },
        {
            "timestamp": "2015-08-26T20:54:33.000Z",
            "altitude": 76,
            "cadence": 85,
            "distance": 736,
            "heart_rate": 138,
            "speed": 3
        },
        {
            "timestamp": "2015-08-26T20:54:34.000Z",
            "altitude": 76,
            "cadence": 85,
            "distance": 736,
            "heart_rate": 137,
            "speed": 3
        },
        {
            "timestamp": "2015-08-26T20:54:35.000Z",
            "altitude": 77,
            "cadence": 85,
            "distance": 742,
            "heart_rate": 138,
            "speed": 3
        },
        {
            "timestamp": "2015-08-26T20:54:36.000Z",
            "altitude": 77,
            "cadence": 86,
            "distance": 742,
            "heart_rate": 138,
            "speed": 3
        },
        {
            "timestamp": "2015-08-26T20:54:37.000Z",
            "altitude": 77,
            "cadence": 86,
            "distance": 749,
            "heart_rate": 138,
            "speed": 3
        },
        {
            "timestamp": "2015-08-26T20:54:38.000Z",
            "altitude": 77,
            "cadence": 86,
            "distance": 749,
            "heart_rate": 139,
            "speed": 3
        },
        {
            "timestamp": "2015-08-26T20:54:39.000Z",
            "altitude": 77,
            "cadence": 85,
            "distance": 755,
            "heart_rate": 138,
            "speed": 3
        },
        {
            "timestamp": "2015-08-26T20:54:40.000Z",
            "altitude": 77,
            "cadence": 86,
            "distance": 755,
            "heart_rate": 138,
            "speed": 3
        },
        {
            "timestamp": "2015-08-26T20:54:41.000Z",
            "altitude": 77,
            "cadence": 85,
            "distance": 761,
            "heart_rate": 139,
            "speed": 3
        },
        {
            "timestamp": "2015-08-26T20:54:42.000Z",
            "altitude": 77,
            "cadence": 85,
            "distance": 761,
            "heart_rate": 139,
            "speed": 3
        },
        {
            "timestamp": "2015-08-26T20:54:43.000Z",
            "altitude": 77,
            "cadence": 86,
            "distance": 767,
            "heart_rate": 139,
            "speed": 3
        },
        {
            "timestamp": "2015-08-26T20:54:44.000Z",
            "altitude": 77,
            "cadence": 85,
            "distance": 767,
            "heart_rate": 139,
            "speed": 3
        },
        {
            "timestamp": "2015-08-26T20:54:45.000Z",
            "altitude": 78,
            "cadence": 86,
            "distance": 774,
            "heart_rate": 139,
            "speed": 3
        },
        {
            "timestamp": "2015-08-26T20:54:46.000Z",
            "altitude": 78,
            "cadence": 86,
            "distance": 774,
            "heart_rate": 139,
            "speed": 3
        },
        {
            "timestamp": "2015-08-26T20:54:47.000Z",
            "altitude": 78,
            "cadence": 86,
            "distance": 780,
            "heart_rate": 138,
            "speed": 3
        },
        {
            "timestamp": "2015-08-26T20:54:48.000Z",
            "altitude": 78,
            "cadence": 86,
            "distance": 780,
            "heart_rate": 138,
            "speed": 3
        },
        {
            "timestamp": "2015-08-26T20:54:49.000Z",
            "altitude": 78,
            "cadence": 87,
            "distance": 786,
            "heart_rate": 137,
            "speed": 3
        },
        {
            "timestamp": "2015-08-26T20:54:50.000Z",
            "altitude": 78,
            "cadence": 86,
            "distance": 786,
            "heart_rate": 138,
            "speed": 3
        },
        {
            "timestamp": "2015-08-26T20:54:51.000Z",
            "altitude": 78,
            "cadence": 86,
            "distance": 792,
            "heart_rate": 137,
            "speed": 3
        },
        {
            "timestamp": "2015-08-26T20:54:52.000Z",
            "altitude": 78,
            "cadence": 86,
            "distance": 792,
            "heart_rate": 136,
            "speed": 3
        },
        {
            "timestamp": "2015-08-26T20:54:53.000Z",
            "altitude": 78,
            "cadence": 86,
            "distance": 799,
            "heart_rate": 136,
            "speed": 3
        },
        {
            "timestamp": "2015-08-26T20:54:54.000Z",
            "altitude": 78,
            "cadence": 85,
            "distance": 799,
            "heart_rate": 137,
            "speed": 3
        },
        {
            "timestamp": "2015-08-26T20:54:55.000Z",
            "altitude": 78,
            "cadence": 85,
            "distance": 805,
            "heart_rate": 137,
            "speed": 3
        },
        {
            "timestamp": "2015-08-26T20:54:56.000Z",
            "altitude": 78,
            "cadence": 85,
            "distance": 805,
            "heart_rate": 137,
            "speed": 3
        },
        {
            "timestamp": "2015-08-26T20:54:57.000Z",
            "altitude": 77,
            "cadence": 85,
            "distance": 811,
            "heart_rate": 138,
            "speed": 3
        },
        {
            "timestamp": "2015-08-26T20:54:58.000Z",
            "altitude": 77,
            "cadence": 85,
            "distance": 811,
            "heart_rate": 137,
            "speed": 3
        },
        {
            "timestamp": "2015-08-26T20:54:59.000Z",
            "altitude": 77,
            "cadence": 84,
            "distance": 817,
            "heart_rate": 138,
            "speed": 3
        },
        {
            "timestamp": "2015-08-26T20:55:00.000Z",
            "altitude": 77,
            "cadence": 84,
            "distance": 817,
            "heart_rate": 138,
            "speed": 3
        },
        {
            "timestamp": "2015-08-26T20:55:01.000Z",
            "altitude": 77,
            "cadence": 85,
            "distance": 817,
            "heart_rate": 138,
            "speed": 3
        },
        {
            "timestamp": "2015-08-26T20:55:02.000Z",
            "altitude": 76,
            "cadence": 85,
            "distance": 823,
            "heart_rate": 138,
            "speed": 2.8
        },
        {
            "timestamp": "2015-08-26T20:55:03.000Z",
            "altitude": 76,
            "cadence": 86,
            "distance": 823,
            "heart_rate": 138,
            "speed": 2.7
        },
        {
            "timestamp": "2015-08-26T20:55:04.000Z",
            "altitude": 76,
            "cadence": 80,
            "distance": 823,
            "heart_rate": 138,
            "speed": 2.5
        },
        {
            "timestamp": "2015-08-26T20:55:05.000Z",
            "altitude": 76,
            "cadence": 73,
            "distance": 823,
            "heart_rate": 138,
            "speed": 2.2
        },
        {
            "timestamp": "2015-08-26T20:55:05.000Z",
            "altitude": 76,
            "cadence": 73,
            "distance": 823,
            "heart_rate": 138,
            "speed": 2.2
        },
        {
            "timestamp": "2015-08-26T20:55:06.000Z",
            "altitude": 76,
            "cadence": 73,
            "distance": 823,
            "heart_rate": 138,
            "speed": 2.2
        },
        {
            "timestamp": "2015-08-26T20:55:06.000Z",
            "altitude": 76,
            "cadence": 73,
            "distance": 823,
            "heart_rate": 138,
            "speed": 2.2
        }
    ],
    "sessions": [
        {
            "start_time": "2015-08-26T20:50:29.000Z",
            "sport": 1
        }
    ],
    "_fileHeader_": {
        "headerSize": 12,
        "protocolVersion": 1,
        "profileVersion": 256,
        "dataSize": 0,
        "protocolVersionMajor": 0,
        "protocolVersionMinor": 1,
        "profileVersionMajor": 2,
        "profileVersionMinor": 56,
        "estimatedFitFileSize": 14,
        "dataType": ".FIT",
        "CRC": 1151,
        "verifyCRC": 32052
    },
    "_errors_": [
        "Verification of CRC gives a value of (MSBLSB=bigendian) : 7d34 that does not match CRC stored at end of file."
    ]
}