{
    "file_id": {
        "time_created": 1707055840,
        "serial_number": 3862889192,
        "manufacturer": 1,
        "product": 65534,
        "type": 4
    },
    "file_creator": {
        "software_version": 320
    },
    "device_info": {
        "timestamp": 1707055840,
        "manufacturer": 1,
        "product": 65534,
        "device_type": 21
    },
    "activity": {
        "total_timer_time": 6000,
        "timestamp": "2015-08-25T18:25:00.000Z",
        "num_sessions": 1
    },
    "sessions": [
        {
            "start_time": "2015-08-25T16:45:00.000Z",
            "total_distance": 47000,
            "total_timer_time": 6000,
            "total_moving_time": 6000,
            "total_elapsed_time": 6000,
            "total_calories": 1260,
            "avg_speed": 7.833,
            "timestamp": "2015-08-25T18:25:00.000Z",
            "sport": 2
        }
    ],
    "laps": [
        {
            "timestamp": "2015-08-25T18:25:00.000Z",
            "start_time": "2015-08-25T16:45:00.000Z",
            "total_distance": 47000,
            "total_timer_time": 6000,
            "total_moving_time": 6000,
            "total_elapsed_time": 6000,
            "avg_speed": 7.833,
            "total_calories": 1260
        }
    ],
    "_fileHeader_": {
        "headerSize": 14,
        "protocolVersion": 16,
        "profileVersion": 1522,
        "dataSize": 227,
        "protocolVersionMajor": 1,
        "protocolVersionMinor": 0,
        "profileVersionMajor": 15,
        "profileVersionMinor": 22,
        "estimatedFitFileSize": 243,
        "dataType": ".FIT",
        "headerCRC": 33206,
        "verifyHeaderCRC": 33206,
        "CRC": 39609,
        "verifyCRC": 39609
    }
}