{
    "file_id": {
        "serial_number": 3877118027,
        "time_created": 809671115,
        "manufacturer": 1,
        "product": 1632,
        "type": 4
    },
    "file_creator": {
        "software_version": 310
    },
    "device_info": {
        "timestamp": 809672020,
        "device_index": 3,
        "device_type": 3
    },
    "undefined": {},
    "activity": {
        "timestamp": "2015-08-28T04:53:47.000Z",
        "total_timer_time": 719.414,
        "local_timestamp": "2015-08-28T06:53:47.000Z",
        "num_sessions": 1,
        "event": 26,
        "event_type": 1
    },
    "records": [
        {
            "timestamp": "2015-08-28T04:38:38.000Z",
            "position_lat": 59.36887850984931,
            "position_long": 17.965737897902727,
            "altitude": 8.600000000000023
        },
        {
            "timestamp": "2015-08-28T04:38:40.000Z",
            "position_lat": 59.36883299611509,
            "position_long": 17.965828170999885,
            "distance": 5.93,
            "altitude": -0.39999999999997726,
            "speed": 0.774,
            "heart_rate": 71,
            "cadence": 61
        },
        {
            "timestamp": "2015-08-28T04:38:41.000Z",
            "position_lat": 59.36883299611509,
            "position_long": 17.965828170999885,
            "distance": 5.93,
            "altitude": -0.39999999999997726,
            "speed": 3.368,
            "heart_rate": 71,
            "cadence": 61
        },
        {
            "timestamp": "2015-08-28T04:38:43.000Z",
            "position_lat": 59.36884045600891,
            "position_long": 17.96600083820522,
            "distance": 14.27,
            "altitude": 1.6000000000000227,
            "speed": 3.266,
            "heart_rate": 77,
            "cadence": 61
        },
        {
            "timestamp": "2015-08-28T04:38:44.000Z",
            "position_lat": 59.36885395087302,
            "position_long": 17.965997820720077,
            "distance": 14.42,
            "altitude": 0.8000000000000114,
            "speed": 3.266,
            "heart_rate": 77,
            "cadence": 80,
            "fractional_cadence": 0.5
        },
        {
            "timestamp": "2015-08-28T04:38:51.000Z",
            "position_lat": 59.36897180043161,
            "position_long": 17.96628481708467,
            "distance": 34.62,
            "altitude": 6.399999999999977,
            "speed": 3.088,
            "heart_rate": 79,
            "cadence": 81,
            "fractional_cadence": 0.5
        },
        {
            "timestamp": "2015-08-28T04:38:54.000Z",
            "position_lat": 59.36903592199087,
            "position_long": 17.966375928372145,
            "distance": 43.32,
            "altitude": 6.600000000000023,
            "speed": 3.191,
            "heart_rate": 82,
            "cadence": 81,
            "fractional_cadence": 0.5
        },
        {
            "timestamp": "2015-08-28T04:39:03.000Z",
            "position_lat": 59.369213450700045,
            "position_long": 17.966515738517046,
            "distance": 64.58,
            "altitude": 2.6000000000000227,
            "speed": 2.697,
            "heart_rate": 82,
            "cadence": 80,
            "fractional_cadence": 0.5
        },
        {
            "timestamp": "2015-08-28T04:39:11.000Z",
            "position_lat": 59.369388464838266,
            "position_long": 17.966632582247257,
            "distance": 86.19,
            "altitude": 2.1999999999999886,
            "speed": 2.958,
            "heart_rate": 82,
            "cadence": 81,
            "fractional_cadence": 0.5
        },
        {
            "timestamp": "2015-08-28T04:39:19.000Z",
            "position_lat": 59.369581416249275,
            "position_long": 17.966738529503345,
            "distance": 108.55,
            "altitude": 4.199999999999989,
            "speed": 2.995,
            "heart_rate": 81,
            "cadence": 81,
            "fractional_cadence": 0.5
        },
        {
            "timestamp": "2015-08-28T04:39:25.000Z",
            "position_lat": 59.36976917088032,
            "position_long": 17.966807847842574,
            "distance": 129.81,
            "altitude": 6.800000000000011,
            "speed": 2.976,
            "heart_rate": 81,
            "cadence": 82
        },
        {
            "timestamp": "2015-08-28T04:39:33.000Z",
            "position_lat": 59.36995055526495,
            "position_long": 17.96681882813573,
            "distance": 150.23,
            "altitude": 7.600000000000023,
            "speed": 2.976,
            "heart_rate": 81,
            "cadence": 81,
            "fractional_cadence": 0.5
        },
        {
            "timestamp": "2015-08-28T04:39:40.000Z",
            "position_lat": 59.370092544704676,
            "position_long": 17.966570975258946,
            "distance": 171.84,
            "altitude": 9,
            "speed": 2.986,
            "heart_rate": 81,
            "cadence": 83
        },
        {
            "timestamp": "2015-08-28T04:39:47.000Z",
            "position_lat": 59.3701518047601,
            "position_long": 17.96623645350337,
            "distance": 192.16,
            "altitude": 10.399999999999977,
            "speed": 2.995,
            "heart_rate": 81,
            "cadence": 83
        },
        {
            "timestamp": "2015-08-28T04:39:55.000Z",
            "position_lat": 59.370126742869616,
            "position_long": 17.965861447155476,
            "distance": 213.82,
            "altitude": 12.399999999999977,
            "speed": 2.939,
            "heart_rate": 79,
            "cadence": 81,
            "fractional_cadence": 0.5
        },
        {
            "timestamp": "2015-08-28T04:40:02.000Z",
            "position_lat": 59.36997645534575,
            "position_long": 17.96567603945732,
            "distance": 234.37,
            "altitude": 13.200000000000045,
            "speed": 2.911,
            "heart_rate": 78,
            "cadence": 83
        },
        {
            "timestamp": "2015-08-28T04:40:09.000Z",
            "position_lat": 59.36979523859918,
            "position_long": 17.965601189062,
            "distance": 254.99,
            "altitude": 13,
            "speed": 2.911,
            "heart_rate": 77,
            "cadence": 82
        },
        {
            "timestamp": "2015-08-28T04:40:16.000Z",
            "position_lat": 59.36961829662323,
            "position_long": 17.965528517961502,
            "distance": 275.13,
            "altitude": 15,
            "speed": 2.911,
            "heart_rate": 76,
            "cadence": 81,
            "fractional_cadence": 0.5
        },
        {
            "timestamp": "2015-08-28T04:40:23.000Z",
            "position_lat": 59.36942836269736,
            "position_long": 17.9654648154974,
            "distance": 296.6,
            "altitude": 16,
            "speed": 2.921,
            "heart_rate": 76,
            "cadence": 82
        },
        {
            "timestamp": "2015-08-28T04:40:31.000Z",
            "position_lat": 59.36923163942993,
            "position_long": 17.96538376249373,
            "distance": 319.01,
            "altitude": 17.200000000000045,
            "speed": 2.93,
            "heart_rate": 76,
            "cadence": 82
        },
        {
            "timestamp": "2015-08-28T04:40:39.000Z",
            "position_lat": 59.3690449744463,
            "position_long": 17.965396335348487,
            "distance": 340.28,
            "altitude": 19.200000000000045,
            "speed": 2.902,
            "heart_rate": 76,
            "cadence": 83
        },
        {
            "timestamp": "2015-08-28T04:40:47.000Z",
            "position_lat": 59.368939278647304,
            "position_long": 17.96569850295782,
            "distance": 361.61,
            "altitude": 21.200000000000045,
            "speed": 2.799,
            "heart_rate": 76,
            "cadence": 83
        },
        {
            "timestamp": "2015-08-28T04:40:54.000Z",
            "position_lat": 59.3689239397645,
            "position_long": 17.96604442410171,
            "distance": 381.62,
            "altitude": 20,
            "speed": 2.79,
            "heart_rate": 76,
            "cadence": 83
        },
        {
            "timestamp": "2015-08-28T04:41:02.000Z",
            "position_lat": 59.3690291326493,
            "position_long": 17.966365702450275,
            "distance": 404.16,
            "altitude": 19,
            "speed": 2.809,
            "heart_rate": 76,
            "cadence": 83
        },
        {
            "timestamp": "2015-08-28T04:41:10.000Z",
            "position_lat": 59.36921697109938,
            "position_long": 17.966462094336748,
            "distance": 425.84,
            "altitude": 16.200000000000045,
            "speed": 2.818,
            "heart_rate": 76,
            "cadence": 81,
            "fractional_cadence": 0.5
        },
        {
            "timestamp": "2015-08-28T04:41:18.000Z",
            "position_lat": 59.36941394582391,
            "position_long": 17.966545997187495,
            "distance": 448.31,
            "altitude": 16.600000000000023,
            "speed": 2.818,
            "heart_rate": 75,
            "cadence": 83
        },
        {
            "timestamp": "2015-08-28T04:41:26.000Z",
            "position_lat": 59.36960505321622,
            "position_long": 17.966637359932065,
            "distance": 470.21,
            "altitude": 15,
            "speed": 2.818,
            "heart_rate": 75,
            "cadence": 81
        },
        {
            "timestamp": "2015-08-28T04:41:34.000Z",
            "position_lat": 59.36979875899851,
            "position_long": 17.96673978678882,
            "distance": 492.56,
            "altitude": 14.600000000000023,
            "speed": 2.809,
            "heart_rate": 75,
            "cadence": 81,
            "fractional_cadence": 0.5
        },
        {
            "timestamp": "2015-08-28T04:41:42.000Z",
            "position_lat": 59.36999648809433,
            "position_long": 17.966751353815198,
            "distance": 514.96,
            "altitude": 15.600000000000023,
            "speed": 2.809,
            "heart_rate": 75,
            "cadence": 82,
            "fractional_cadence": 0.5
        },
        {
            "timestamp": "2015-08-28T04:41:50.000Z",
            "position_lat": 59.37012582086027,
            "position_long": 17.96647441573441,
            "distance": 537,
            "altitude": 14.799999999999955,
            "speed": 2.799,
            "heart_rate": 75,
            "cadence": 83
        },
        {
            "timestamp": "2015-08-28T04:41:58.000Z",
            "position_lat": 59.37016312032938,
            "position_long": 17.96608943492174,
            "distance": 559.37,
            "altitude": 13.600000000000023,
            "speed": 2.79,
            "heart_rate": 75,
            "cadence": 83
        },
        {
            "timestamp": "2015-08-28T04:42:06.000Z",
            "position_lat": 59.370092544704676,
            "position_long": 17.96575223095715,
            "distance": 580.77,
            "altitude": 14,
            "speed": 2.781,
            "heart_rate": 74,
            "cadence": 82,
            "fractional_cadence": 0.5
        },
        {
            "timestamp": "2015-08-28T04:42:08.000Z",
            "position_lat": 59.370053485035896,
            "position_long": 17.9656960722059,
            "distance": 586.24,
            "altitude": 13.200000000000045,
            "speed": 2.781,
            "heart_rate": 74,
            "cadence": 82
        },
        {
            "timestamp": "2015-08-28T04:42:13.000Z",
            "position_lat": 59.369918536394835,
            "position_long": 17.965636560693383,
            "distance": 601.72,
            "altitude": 13.399999999999977,
            "speed": 2.781,
            "heart_rate": 74,
            "cadence": 83
        },
        {
            "timestamp": "2015-08-28T04:42:20.000Z",
            "position_lat": 59.36971317976713,
            "position_long": 17.965606302022934,
            "distance": 624.65,
            "altitude": 13.200000000000045,
            "speed": 2.818,
            "heart_rate": 73,
            "cadence": 83
        },
        {
            "timestamp": "2015-08-28T04:42:27.000Z",
            "position_lat": 59.36951855197549,
            "position_long": 17.965526841580868,
            "distance": 646.79,
            "altitude": 14.799999999999955,
            "speed": 2.883,
            "heart_rate": 75,
            "cadence": 83
        },
        {
            "timestamp": "2015-08-28T04:42:34.000Z",
            "position_lat": 59.369332222267985,
            "position_long": 17.96543899923563,
            "distance": 668.07,
            "altitude": 17.399999999999977,
            "speed": 2.921,
            "heart_rate": 74,
            "cadence": 83
        },
        {
            "timestamp": "2015-08-28T04:42:42.000Z",
            "position_lat": 59.36913692392409,
            "position_long": 17.965345960110426,
            "distance": 690.49,
            "altitude": 19,
            "speed": 2.948,
            "heart_rate": 74,
            "cadence": 83
        },
        {
            "timestamp": "2015-08-28T04:42:50.000Z",
            "position_lat": 59.36897188425064,
            "position_long": 17.96547906473279,
            "distance": 711.05,
            "altitude": 19.399999999999977,
            "speed": 2.939,
            "heart_rate": 74,
            "cadence": 83
        },
        {
            "timestamp": "2015-08-28T04:42:58.000Z",
            "position_lat": 59.3689099419862,
            "position_long": 17.965845689177513,
            "distance": 733.36,
            "altitude": 19,
            "speed": 2.902,
            "heart_rate": 74,
            "cadence": 83
        },
        {
            "timestamp": "2015-08-28T04:43:06.000Z",
            "position_lat": 59.36895880848169,
            "position_long": 17.966208709403872,
            "distance": 755.03,
            "altitude": 18.399999999999977,
            "speed": 2.855,
            "heart_rate": 75,
            "cadence": 84
        },
        {
            "timestamp": "2015-08-28T04:43:13.000Z",
            "position_lat": 59.36911068856716,
            "position_long": 17.96638011932373,
            "distance": 775.46,
            "altitude": 18,
            "speed": 2.846,
            "heart_rate": 75,
            "cadence": 83
        },
        {
            "timestamp": "2015-08-28T04:43:20.000Z",
            "position_lat": 59.36929240822792,
            "position_long": 17.966447677463293,
            "distance": 796.08,
            "altitude": 18.600000000000023,
            "speed": 2.855,
            "heart_rate": 76,
            "cadence": 82
        },
        {
            "timestamp": "2015-08-28T04:43:27.000Z",
            "position_lat": 59.369476391002536,
            "position_long": 17.966514313593507,
            "distance": 816.94,
            "altitude": 18.799999999999955,
            "speed": 2.874,
            "heart_rate": 76,
            "cadence": 83
        },
        {
            "timestamp": "2015-08-28T04:43:35.000Z",
            "position_lat": 59.36967210844159,
            "position_long": 17.966610537841916,
            "distance": 839.37,
            "altitude": 17.399999999999977,
            "speed": 2.883,
            "heart_rate": 76,
            "cadence": 81,
            "fractional_cadence": 0.5
        },
        {
            "timestamp": "2015-08-28T04:43:42.000Z",
            "position_lat": 59.36984854750335,
            "position_long": 17.96669963747263,
            "distance": 859.66,
            "altitude": 18.799999999999955,
            "speed": 2.874,
            "heart_rate": 75,
            "cadence": 82
        },
        {
            "timestamp": "2015-08-28T04:43:50.000Z",
            "position_lat": 59.37004392966628,
            "position_long": 17.966695111244917,
            "distance": 882.03,
            "altitude": 19.799999999999955,
            "speed": 2.865,
            "heart_rate": 75,
            "cadence": 81,
            "fractional_cadence": 0.5
        },
        {
            "timestamp": "2015-08-28T04:43:58.000Z",
            "position_lat": 59.37015976756811,
            "position_long": 17.966403840109706,
            "distance": 903.28,
            "altitude": 17.799999999999955,
            "speed": 2.846,
            "heart_rate": 75,
            "cadence": 82,
            "fractional_cadence": 0.5
        },
        {
            "timestamp": "2015-08-28T04:44:05.000Z",
            "position_lat": 59.370210226625204,
            "position_long": 17.96609614044428,
            "distance": 921.81,
            "altitude": 14.600000000000023,
            "speed": 2.809,
            "heart_rate": 76,
            "cadence": 82,
            "fractional_cadence": 0.5
        },
        {
            "timestamp": "2015-08-28T04:47:07.000Z",
            "position_lat": 59.3702258169651,
            "position_long": 17.966117598116398,
            "distance": 921.81,
            "altitude": 9.399999999999977,
            "speed": 1.297,
            "heart_rate": 101,
            "cadence": 80
        },
        {
            "timestamp": "2015-08-28T04:47:08.000Z",
            "position_lat": 59.370215171948075,
            "position_long": 17.96610158868134,
            "distance": 923.27,
            "altitude": 9.199999999999989,
            "speed": 1.297,
            "heart_rate": 105,
            "cadence": 80
        },
        {
            "timestamp": "2015-08-28T04:47:09.000Z",
            "position_lat": 59.3702036049217,
            "position_long": 17.96607133001089,
            "distance": 925.39,
            "altitude": 8.800000000000011,
            "speed": 1.493,
            "heart_rate": 105,
            "cadence": 80
        },
        {
            "timestamp": "2015-08-28T04:47:11.000Z",
            "position_lat": 59.37018214724958,
            "position_long": 17.96597401611507,
            "distance": 931.39,
            "altitude": 8.399999999999977,
            "speed": 2.902,
            "heart_rate": 109,
            "cadence": 80
        },
        {
            "timestamp": "2015-08-28T04:47:13.000Z",
            "position_lat": 59.37015297822654,
            "position_long": 17.96588315628469,
            "distance": 937.52,
            "altitude": 8.399999999999977,
            "speed": 2.967,
            "heart_rate": 112,
            "cadence": 83
        },
        {
            "timestamp": "2015-08-28T04:47:14.000Z",
            "position_lat": 59.37013571150601,
            "position_long": 17.965838564559817,
            "distance": 940.7,
            "altitude": 8.800000000000011,
            "speed": 3.023,
            "heart_rate": 113,
            "cadence": 83,
            "fractional_cadence": 0.5
        },
        {
            "timestamp": "2015-08-28T04:47:16.000Z",
            "position_lat": 59.3700963165611,
            "position_long": 17.96576254069805,
            "distance": 946.88,
            "altitude": 8.800000000000011,
            "speed": 3.079,
            "heart_rate": 116,
            "cadence": 83,
            "fractional_cadence": 0.5
        },
        {
            "timestamp": "2015-08-28T04:47:23.000Z",
            "position_lat": 59.36991635710001,
            "position_long": 17.965631363913417,
            "distance": 968.34,
            "altitude": 10.199999999999989,
            "speed": 3.051,
            "heart_rate": 119,
            "cadence": 82
        },
        {
            "timestamp": "2015-08-28T04:47:27.000Z",
            "position_lat": 59.369808649644256,
            "position_long": 17.96557964757085,
            "distance": 980.7,
            "altitude": 11.399999999999977,
            "speed": 3.06,
            "heart_rate": 122,
            "cadence": 84
        },
        {
            "timestamp": "2015-08-28T04:47:33.000Z",
            "position_lat": 59.369644951075315,
            "position_long": 17.965517789125443,
            "distance": 999.28,
            "altitude": 14,
            "speed": 3.172,
            "heart_rate": 128,
            "cadence": 81,
            "fractional_cadence": 0.5
        },
        {
            "timestamp": "2015-08-28T04:47:34.000Z",
            "position_lat": 59.36962064355612,
            "position_long": 17.96550488099456,
            "distance": 1002.09,
            "altitude": 14.200000000000045,
            "speed": 3.163,
            "heart_rate": 130,
            "cadence": 81
        },
        {
            "timestamp": "2015-08-28T04:47:38.000Z",
            "position_lat": 59.36952089890838,
            "position_long": 17.96545509248972,
            "distance": 1013.59,
            "altitude": 15.200000000000045,
            "speed": 3.126,
            "heart_rate": 134,
            "cadence": 80,
            "fractional_cadence": 0.5
        },
        {
            "timestamp": "2015-08-28T04:47:44.000Z",
            "position_lat": 59.36938276514411,
            "position_long": 17.96538434922695,
            "distance": 1029.46,
            "altitude": 16.399999999999977,
            "speed": 3.032,
            "heart_rate": 137,
            "cadence": 80,
            "fractional_cadence": 0.5
        },
        {
            "timestamp": "2015-08-28T04:47:50.000Z",
            "position_lat": 59.36922820284963,
            "position_long": 17.96534277498722,
            "distance": 1046.88,
            "altitude": 17.399999999999977,
            "speed": 2.958,
            "heart_rate": 140,
            "cadence": 80
        },
        {
            "timestamp": "2015-08-28T04:47:58.000Z",
            "position_lat": 59.369037011638284,
            "position_long": 17.965386528521776,
            "distance": 1068.71,
            "altitude": 16,
            "speed": 2.921,
            "heart_rate": 141,
            "cadence": 80,
            "fractional_cadence": 0.5
        },
        {
            "timestamp": "2015-08-28T04:48:06.000Z",
            "position_lat": 59.368915390223265,
            "position_long": 17.965693473815918,
            "distance": 1091.15,
            "altitude": 16.200000000000045,
            "speed": 2.846,
            "heart_rate": 142,
            "cadence": 80,
            "fractional_cadence": 0.5
        },
        {
            "timestamp": "2015-08-28T04:48:14.000Z",
            "position_lat": 59.36889862641692,
            "position_long": 17.966052051633596,
            "distance": 1111.91,
            "altitude": 14.399999999999977,
            "speed": 2.799,
            "heart_rate": 141,
            "cadence": 80
        },
        {
            "timestamp": "2015-08-28T04:48:22.000Z",
            "position_lat": 59.369016978889704,
            "position_long": 17.966353967785835,
            "distance": 1134.13,
            "altitude": 13.600000000000023,
            "speed": 2.734,
            "heart_rate": 142,
            "cadence": 81
        },
        {
            "timestamp": "2015-08-28T04:48:29.000Z",
            "position_lat": 59.36919760890305,
            "position_long": 17.966366121545434,
            "distance": 1154.36,
            "altitude": 17.200000000000045,
            "speed": 2.762,
            "heart_rate": 144,
            "cadence": 80,
            "fractional_cadence": 0.5
        },
        {
            "timestamp": "2015-08-28T04:48:36.000Z",
            "position_lat": 59.36937698163092,
            "position_long": 17.966426638886333,
            "distance": 1174.68,
            "altitude": 19,
            "speed": 2.809,
            "heart_rate": 145,
            "cadence": 81
        },
        {
            "timestamp": "2015-08-28T04:48:44.000Z",
            "position_lat": 59.36957152560353,
            "position_long": 17.9665232822299,
            "distance": 1197.01,
            "altitude": 18.799999999999955,
            "speed": 2.809,
            "heart_rate": 144,
            "cadence": 81
        },
        {
            "timestamp": "2015-08-28T04:48:52.000Z",
            "position_lat": 59.36976774595678,
            "position_long": 17.96664096415043,
            "distance": 1219.82,
            "altitude": 16.799999999999955,
            "speed": 2.827,
            "heart_rate": 143,
            "cadence": 81
        },
        {
            "timestamp": "2015-08-28T04:48:59.000Z",
            "position_lat": 59.369944939389825,
            "position_long": 17.966714976355433,
            "distance": 1240.05,
            "altitude": 18,
            "speed": 2.846,
            "heart_rate": 143,
            "cadence": 80
        },
        {
            "timestamp": "2015-08-28T04:49:07.000Z",
            "position_lat": 59.37010436318815,
            "position_long": 17.966552702710032,
            "distance": 1261.03,
            "altitude": 17.399999999999977,
            "speed": 2.809,
            "heart_rate": 142,
            "cadence": 80
        },
        {
            "timestamp": "2015-08-28T04:49:15.000Z",
            "position_lat": 59.37016521580517,
            "position_long": 17.966186329722404,
            "distance": 1283.24,
            "altitude": 16.200000000000045,
            "speed": 2.762,
            "heart_rate": 143,
            "cadence": 80
        },
        {
            "timestamp": "2015-08-28T04:49:23.000Z",
            "position_lat": 59.370128251612186,
            "position_long": 17.965818280354142,
            "distance": 1304.91,
            "altitude": 16.799999999999955,
            "speed": 2.753,
            "heart_rate": 143,
            "cadence": 80
        },
        {
            "timestamp": "2015-08-28T04:49:31.000Z",
            "position_lat": 59.36996622942388,
            "position_long": 17.965638991445303,
            "distance": 1326.41,
            "altitude": 17,
            "speed": 2.743,
            "heart_rate": 143,
            "cadence": 80
        },
        {
            "timestamp": "2015-08-28T04:49:39.000Z",
            "position_lat": 59.36977076344192,
            "position_long": 17.965550730004907,
            "distance": 1348.76,
            "altitude": 17.399999999999977,
            "speed": 2.743,
            "heart_rate": 143,
            "cadence": 81
        },
        {
            "timestamp": "2015-08-28T04:49:46.000Z",
            "position_lat": 59.36959482729435,
            "position_long": 17.965474370867014,
            "distance": 1368.86,
            "altitude": 18.399999999999977,
            "speed": 2.762,
            "heart_rate": 143,
            "cadence": 80
        },
        {
            "timestamp": "2015-08-28T04:49:53.000Z",
            "position_lat": 59.36941838823259,
            "position_long": 17.96540765091777,
            "distance": 1388.9,
            "altitude": 18.399999999999977,
            "speed": 2.79,
            "heart_rate": 142,
            "cadence": 81
        },
        {
            "timestamp": "2015-08-28T04:50:00.000Z",
            "position_lat": 59.36923583038151,
            "position_long": 17.965353168547153,
            "distance": 1409.47,
            "altitude": 18,
            "speed": 2.809,
            "heart_rate": 141,
            "cadence": 80
        },
        {
            "timestamp": "2015-08-28T04:50:08.000Z",
            "position_lat": 59.36904857866466,
            "position_long": 17.965369010344148,
            "distance": 1430.77,
            "altitude": 20.200000000000045,
            "speed": 2.818,
            "heart_rate": 141,
            "cadence": 81
        },
        {
            "timestamp": "2015-08-28T04:50:16.000Z",
            "position_lat": 59.368934500962496,
            "position_long": 17.965640500187874,
            "distance": 1451.2,
            "altitude": 20,
            "speed": 2.781,
            "heart_rate": 142,
            "cadence": 79
        },
        {
            "timestamp": "2015-08-28T04:50:24.000Z",
            "position_lat": 59.36890583485365,
            "position_long": 17.966014500707388,
            "distance": 1473.11,
            "altitude": 20,
            "speed": 2.753,
            "heart_rate": 142,
            "cadence": 79
        },
        {
            "timestamp": "2015-08-28T04:50:31.000Z",
            "position_lat": 59.369014548137784,
            "position_long": 17.966307196766138,
            "distance": 1493.93,
            "altitude": 21.399999999999977,
            "speed": 2.743,
            "heart_rate": 140,
            "cadence": 81
        },
        {
            "timestamp": "2015-08-28T04:50:38.000Z",
            "position_lat": 59.36919065192342,
            "position_long": 17.966413227841258,
            "distance": 1514.74,
            "altitude": 21.600000000000023,
            "speed": 2.771,
            "heart_rate": 142,
            "cadence": 78,
            "fractional_cadence": 0.5
        },
        {
            "timestamp": "2015-08-28T04:50:45.000Z",
            "position_lat": 59.369373293593526,
            "position_long": 17.96647483482957,
            "distance": 1535.38,
            "altitude": 21.200000000000045,
            "speed": 2.809,
            "heart_rate": 144,
            "cadence": 79,
            "fractional_cadence": 0.5
        },
        {
            "timestamp": "2015-08-28T04:50:53.000Z",
            "position_lat": 59.36956993304193,
            "position_long": 17.966543985530734,
            "distance": 1557.63,
            "altitude": 21.799999999999955,
            "speed": 2.837,
            "heart_rate": 145,
            "cadence": 79,
            "fractional_cadence": 0.5
        },
        {
            "timestamp": "2015-08-28T04:51:01.000Z",
            "position_lat": 59.36976539902389,
            "position_long": 17.966604670509696,
            "distance": 1579.68,
            "altitude": 23.600000000000023,
            "speed": 2.837,
            "heart_rate": 145,
            "cadence": 80
        },
        {
            "timestamp": "2015-08-28T04:51:09.000Z",
            "position_lat": 59.369954159483314,
            "position_long": 17.966656554490328,
            "distance": 1600.92,
            "altitude": 23.399999999999977,
            "speed": 2.818,
            "heart_rate": 143,
            "cadence": 81
        },
        {
            "timestamp": "2015-08-28T04:51:17.000Z",
            "position_lat": 59.37011752277613,
            "position_long": 17.96649545431137,
            "distance": 1622.55,
            "altitude": 22,
            "speed": 2.799,
            "heart_rate": 143,
            "cadence": 79
        },
        {
            "timestamp": "2015-08-28T04:51:25.000Z",
            "position_lat": 59.37017133459449,
            "position_long": 17.966142743825912,
            "distance": 1643.68,
            "altitude": 19.399999999999977,
            "speed": 2.762,
            "heart_rate": 143,
            "cadence": 80
        },
        {
            "timestamp": "2015-08-28T04:51:33.000Z",
            "position_lat": 59.370124815031886,
            "position_long": 17.965805120766163,
            "distance": 1663.87,
            "altitude": 16.200000000000045,
            "speed": 2.734,
            "heart_rate": 144,
            "cadence": 80
        },
        {
            "timestamp": "2015-08-28T04:51:41.000Z",
            "position_lat": 59.36996614560485,
            "position_long": 17.965624490752816,
            "distance": 1685,
            "altitude": 15.600000000000023,
            "speed": 2.697,
            "heart_rate": 146,
            "cadence": 79
        },
        {
            "timestamp": "2015-08-28T04:51:49.000Z",
            "position_lat": 59.369773445650935,
            "position_long": 17.965529691427946,
            "distance": 1707.14,
            "altitude": 16,
            "speed": 2.687,
            "heart_rate": 147,
            "cadence": 80
        },
        {
            "timestamp": "2015-08-28T04:51:57.000Z",
            "position_lat": 59.36958426609635,
            "position_long": 17.96542927622795,
            "distance": 1728.94,
            "altitude": 14.799999999999955,
            "speed": 2.697,
            "heart_rate": 146,
            "cadence": 79
        },
        {
            "timestamp": "2015-08-28T04:52:05.000Z",
            "position_lat": 59.3693882972002,
            "position_long": 17.965343445539474,
            "distance": 1751.3,
            "altitude": 15.200000000000045,
            "speed": 2.715,
            "heart_rate": 145,
            "cadence": 78,
            "fractional_cadence": 0.5
        },
        {
            "timestamp": "2015-08-28T04:52:12.000Z",
            "position_lat": 59.36920825392008,
            "position_long": 17.965279575437307,
            "distance": 1771.78,
            "altitude": 14.600000000000023,
            "speed": 2.725,
            "heart_rate": 145,
            "cadence": 79,
            "fractional_cadence": 0.5
        },
        {
            "timestamp": "2015-08-28T04:52:17.000Z",
            "position_lat": 59.36909920535982,
            "position_long": 17.965289130806923,
            "distance": 1784.16,
            "altitude": 13.399999999999977,
            "speed": 2.734,
            "heart_rate": 145,
            "cadence": 79
        },
        {
            "timestamp": "2015-08-28T04:52:25.000Z",
            "position_lat": 59.36894397251308,
            "position_long": 17.96554544940591,
            "distance": 1807.28,
            "altitude": 13.200000000000045,
            "speed": 2.706,
            "heart_rate": 144,
            "cadence": 79
        },
        {
            "timestamp": "2015-08-28T04:52:32.000Z",
            "position_lat": 59.36886643990874,
            "position_long": 17.965890197083354,
            "distance": 1829.26,
            "altitude": 12.799999999999955,
            "speed": 2.771,
            "heart_rate": 142,
            "cadence": 80,
            "fractional_cadence": 0.5
        },
        {
            "timestamp": "2015-08-28T04:52:39.000Z",
            "position_lat": 59.36892930418253,
            "position_long": 17.96622077934444,
            "distance": 1849.9,
            "altitude": 13.600000000000023,
            "speed": 2.799,
            "heart_rate": 142,
            "cadence": 81,
            "fractional_cadence": 0.5
        },
        {
            "timestamp": "2015-08-28T04:52:46.000Z",
            "position_lat": 59.36908772215247,
            "position_long": 17.966394871473312,
            "distance": 1870.91,
            "altitude": 13.399999999999977,
            "speed": 2.837,
            "heart_rate": 141,
            "cadence": 79
        },
        {
            "timestamp": "2015-08-28T04:52:53.000Z",
            "position_lat": 59.36927028000355,
            "position_long": 17.96643141657114,
            "distance": 1891.28,
            "altitude": 13.799999999999955,
            "speed": 2.865,
            "heart_rate": 142,
            "cadence": 79,
            "fractional_cadence": 0.5
        },
        {
            "timestamp": "2015-08-28T04:53:01.000Z",
            "position_lat": 59.36945526860654,
            "position_long": 17.966499226167798,
            "distance": 1912.19,
            "altitude": 13.399999999999977,
            "speed": 2.855,
            "heart_rate": 142,
            "cadence": 80
        },
        {
            "timestamp": "2015-08-28T04:53:09.000Z",
            "position_lat": 59.36965735629201,
            "position_long": 17.966552367433906,
            "distance": 1934.84,
            "altitude": 17.600000000000023,
            "speed": 2.837,
            "heart_rate": 142,
            "cadence": 79,
            "fractional_cadence": 0.5
        },
        {
            "timestamp": "2015-08-28T04:53:17.000Z",
            "position_lat": 59.36985583975911,
            "position_long": 17.966610956937075,
            "distance": 1957.2,
            "altitude": 23,
            "speed": 2.837,
            "heart_rate": 142,
            "cadence": 79,
            "fractional_cadence": 0.5
        },
        {
            "timestamp": "2015-08-28T04:53:25.000Z",
            "position_lat": 59.37005080282688,
            "position_long": 17.96659025363624,
            "distance": 1979.12,
            "altitude": 22.600000000000023,
            "speed": 2.827,
            "heart_rate": 141,
            "cadence": 79,
            "fractional_cadence": 0.5
        },
        {
            "timestamp": "2015-08-28T04:53:32.000Z",
            "position_lat": 59.370157923549414,
            "position_long": 17.96631021425128,
            "distance": 1999.41,
            "altitude": 24.200000000000045,
            "speed": 2.818,
            "heart_rate": 141,
            "cadence": 80
        },
        {
            "timestamp": "2015-08-28T04:53:33.000Z",
            "position_lat": 59.37016647309065,
            "position_long": 17.966283727437258,
            "distance": 2001.15,
            "altitude": 23.200000000000045,
            "speed": 2.827,
            "heart_rate": 141,
            "cadence": 80
        },
        {
            "timestamp": "2015-08-28T04:53:40.000Z",
            "position_lat": 59.370180470868945,
            "position_long": 17.965980051085353,
            "distance": 2018.74,
            "altitude": 22.200000000000045,
            "speed": 2.809,
            "heart_rate": 141,
            "cadence": 80
        }
    ],
    "sessions": [
        {
            "timestamp": "2015-08-28T04:53:47.000Z",
            "start_time": "2015-08-28T04:38:38.000Z",
            "start_position_lat": 59.36887850984931,
            "start_position_long": 17.965737897902727,
            "total_elapsed_time": 901.284,
            "total_timer_time": 719.414,
            "total_distance": 2018.74,
            "total_cycles": 972,
            "nec_lat": 59.3702258169651,
            "nec_long": 17.966839699074626,
            "swc_lat": 59.36883299611509,
            "swc_long": 17.965268678963184,
            "total_calories": 193,
            "avg_speed": 2.806,
            "max_speed": 3.368,
            "total_ascent": 37,
            "total_descent": 27,
            "num_laps": 3,
            "event": 9,
            "event_type": 1,
            "sport": 1,
            "avg_heart_rate": 112,
            "max_heart_rate": 148,
            "avg_cadence": 80,
            "max_cadence": 85,
            "avg_fractional_cadence": 0.7421875,
            "max_fractional_cadence": 0.5
        }
    ],
    "laps": [
        {
            "timestamp": "2015-08-28T04:47:34.000Z",
            "start_time": "2015-08-28T04:38:38.000Z",
            "start_position_lat": 59.36887850984931,
            "start_position_long": 17.965737897902727,
            "end_position_lat": 59.36962064355612,
            "end_position_long": 17.96550488099456,
            "total_elapsed_time": 535.525,
            "total_timer_time": 353.655,
            "total_distance": 1000,
            "total_cycles": 484,
            "total_calories": 94,
            "avg_speed": 2.828,
            "max_speed": 3.368,
            "total_ascent": 21,
            "total_descent": 19,
            "event": 9,
            "event_type": 1,
            "avg_heart_rate": 80,
            "max_heart_rate": 130,
            "avg_cadence": 81,
            "max_cadence": 84,
            "lap_trigger": 2,
            "sport": 1,
            "avg_fractional_cadence": 0.53125
        },
        {
            "timestamp": "2015-08-28T04:53:33.000Z",
            "start_time": "2015-08-28T04:47:35.000Z",
            "start_position_lat": 59.36959742568433,
            "start_position_long": 17.965487195178866,
            "end_position_lat": 59.37016647309065,
            "end_position_long": 17.966283727437258,
            "total_elapsed_time": 359.254,
            "total_timer_time": 359.254,
            "total_distance": 1000,
            "total_cycles": 479,
            "message_index": 1,
            "total_calories": 97,
            "avg_speed": 2.784,
            "max_speed": 3.163,
            "total_ascent": 16,
            "total_descent": 8,
            "event": 9,
            "event_type": 1,
            "avg_heart_rate": 143,
            "max_heart_rate": 148,
            "avg_cadence": 79,
            "max_cadence": 85,
            "lap_trigger": 2,
            "sport": 1,
            "avg_fractional_cadence": 0.9765625,
            "max_fractional_cadence": 0.5
        },
        {
            "timestamp": "2015-08-28T04:53:47.000Z",
            "start_time": "2015-08-28T04:53:34.000Z",
            "start_position_lat": 59.370175022631884,
            "start_position_long": 17.966238632798195,
            "end_position_lat": 59.370180470868945,
            "end_position_long": 17.965980051085353,
            "total_elapsed_time": 6.505,
            "total_timer_time": 6.505,
            "total_distance": 18.74,
            "total_cycles": 9,
            "message_index": 2,
            "total_calories": 2,
            "avg_speed": 2.881,
            "max_speed": 2.827,
            "event": 9,
            "event_type": 1,
            "avg_heart_rate": 140,
            "max_heart_rate": 141,
            "avg_cadence": 80,
            "max_cadence": 80,
            "lap_trigger": 7,
            "sport": 1,
            "avg_fractional_cadence": 0.2109375,
            "max_fractional_cadence": 0.5
        }
    ],
    "events": [
        {
            "timestamp": 809671118
        },
        {
            "timestamp": 809671445,
            "event_type": 4
        },
        {
            "timestamp": 809671565,
            "data": 81,
            "event": 21,
            "event_type": 3
        },
        {
            "timestamp": 809671627
        },
        {
            "timestamp": 809672020,
            "event_type": 4
        },
        {
            "timestamp": 809672027,
            "data": 1,
            "event": 8,
            "event_type": 9,
            "event_group": 1
        }
    ],
    "_fileHeader_": {
        "headerSize": 14,
        "protocolVersion": 16,
        "profileVersion": 1012,
        "dataSize": 4350,
        "protocolVersionMajor": 1,
        "protocolVersionMinor": 0,
        "profileVersionMajor": 10,
        "profileVersionMinor": 12,
        "estimatedFitFileSize": 4366,
        "dataType": ".FIT",
        "headerCRC": 27308,
        "verifyHeaderCRC": 27308,
        "CRC": 11803,
        "verifyCRC": 11803
    },
    "_info_": [
        "Skipping undefined field. BaseType: 134, FieldDefId: 8, Reported size: 4, Glob msg: device_info",
        "Skipping undefined field. BaseType: 134, FieldDefId: 15, Reported size: 4, Glob msg: device_info",
        "Skipping undefined field. BaseType: 134, FieldDefId: 16, Reported size: 4, Glob msg: device_info",
        "Skipping undefined field. BaseType: 2, FieldDefId: 9, Reported size: 1, Glob msg: device_info",
        "Skipping undefined field. BaseType: 2, FieldDefId: 23, Reported size: 1, Glob msg: device_info",
        "Skipping undefined field. BaseType: 134, FieldDefId: 8, Reported size: 4, Glob msg: device_info",
        "Skipping undefined field. BaseType: 134, FieldDefId: 15, Reported size: 4, Glob msg: device_info",
        "Skipping undefined field. BaseType: 134, FieldDefId: 16, Reported size: 4, Glob msg: device_info",
        "Skipping undefined field. BaseType: 2, FieldDefId: 9, Reported size: 1, Glob msg: device_info",
        "Skipping undefined field. BaseType: 2, FieldDefId: 23, Reported size: 1, Glob msg: device_info",
        "Skipping undefined field. BaseType: 134, FieldDefId: 8, Reported size: 4, Glob msg: device_info",
        "Skipping undefined field. BaseType: 134, FieldDefId: 15, Reported size: 4, Glob msg: device_info",
        "Skipping undefined field. BaseType: 134, FieldDefId: 16, Reported size: 4, Glob msg: device_info",
        "Skipping undefined field. BaseType: 2, FieldDefId: 9, Reported size: 1, Glob msg: device_info",
        "Skipping undefined field. BaseType: 2, FieldDefId: 23, Reported size: 1, Glob msg: device_info",
        "Skipping undefined field. BaseType: 134, FieldDefId: 8, Reported size: 4, Glob msg: device_info",
        "Skipping undefined field. BaseType: 134, FieldDefId: 15, Reported size: 4, Glob msg: device_info",
        "Skipping undefined field. BaseType: 134, FieldDefId: 16, Reported size: 4, Glob msg: device_info",
        "Skipping undefined field. BaseType: 2, FieldDefId: 9, Reported size: 1, Glob msg: device_info",
        "Skipping undefined field. BaseType: 2, FieldDefId: 23, Reported size: 1, Glob msg: device_info",
        "Skipping undefined field. BaseType: 134, FieldDefId: 253, Reported size: 4, Glob msg: undefined",
        "Skipping undefined field. BaseType: 2, FieldDefId: 0, Reported size: 1, Glob msg: undefined",
        "Skipping undefined field. BaseType: 2, FieldDefId: 1, Reported size: 1, Glob msg: undefined",
        "Skipping undefined field. BaseType: 2, FieldDefId: 2, Reported size: 1, Glob msg: undefined",
        "Skipping undefined field. BaseType: 2, FieldDefId: 3, Reported size: 1, Glob msg: undefined",
        "Skipping undefined field. BaseType: 2, FieldDefId: 4, Reported size: 1, Glob msg: undefined",
        "Skipping undefined field. BaseType: 0, FieldDefId: 5, Reported size: 1, Glob msg: undefined",
        "Skipping undefined field. BaseType: 134, FieldDefId: 253, Reported size: 4, Glob msg: undefined",
        "Skipping undefined field. BaseType: 132, FieldDefId: 0, Reported size: 2, Glob msg: undefined",
        "Skipping undefined field. BaseType: 132, FieldDefId: 3, Reported size: 2, Glob msg: undefined",
        "Skipping undefined field. BaseType: 132, FieldDefId: 8, Reported size: 2, Glob msg: undefined",
        "Skipping undefined field. BaseType: 132, FieldDefId: 9, Reported size: 2, Glob msg: undefined",
        "Skipping undefined field. BaseType: 2, FieldDefId: 1, Reported size: 1, Glob msg: undefined",
        "Skipping undefined field. BaseType: 2, FieldDefId: 2, Reported size: 1, Glob msg: undefined",
        "Skipping undefined field. BaseType: 0, FieldDefId: 4, Reported size: 1, Glob msg: undefined",
        "Skipping undefined field. BaseType: 0, FieldDefId: 5, Reported size: 1, Glob msg: undefined",
        "Skipping undefined field. BaseType: 2, FieldDefId: 6, Reported size: 1, Glob msg: undefined",
        "Skipping undefined field. BaseType: 1, FieldDefId: 7, Reported size: 1, Glob msg: undefined",
        "Skipping undefined field. BaseType: 134, FieldDefId: 253, Reported size: 4, Glob msg: undefined",
        "Skipping undefined field. BaseType: 134, FieldDefId: 1, Reported size: 4, Glob msg: undefined",
        "Skipping undefined field. BaseType: 134, FieldDefId: 2, Reported size: 4, Glob msg: undefined",
        "Skipping undefined field. BaseType: 134, FieldDefId: 3, Reported size: 4, Glob msg: undefined",
        "Skipping undefined field. BaseType: 133, FieldDefId: 4, Reported size: 4, Glob msg: undefined",
        "Skipping undefined field. BaseType: 133, FieldDefId: 5, Reported size: 4, Glob msg: undefined",
        "Skipping undefined field. BaseType: 0, FieldDefId: 0, Reported size: 1, Glob msg: undefined",
        "Skipping undefined field. BaseType: 134, FieldDefId: 253, Reported size: 4, Glob msg: undefined",
        "Skipping undefined field. BaseType: 2, FieldDefId: 0, Reported size: 1, Glob msg: undefined",
        "Skipping undefined field. BaseType: 2, FieldDefId: 1, Reported size: 1, Glob msg: undefined",
        "Skipping undefined field. BaseType: 2, FieldDefId: 2, Reported size: 1, Glob msg: undefined",
        "Skipping undefined field. BaseType: 2, FieldDefId: 3, Reported size: 1, Glob msg: undefined",
        "Skipping undefined field. BaseType: 2, FieldDefId: 4, Reported size: 1, Glob msg: undefined",
        "Skipping undefined field. BaseType: 0, FieldDefId: 5, Reported size: 1, Glob msg: undefined",
        "Skipping undefined field. BaseType: 134, FieldDefId: 253, Reported size: 4, Glob msg: undefined",
        "Skipping undefined field. BaseType: 2, FieldDefId: 0, Reported size: 1, Glob msg: undefined",
        "Skipping undefined field. BaseType: 2, FieldDefId: 1, Reported size: 1, Glob msg: undefined",
        "Skipping undefined field. BaseType: 2, FieldDefId: 2, Reported size: 1, Glob msg: undefined",
        "Skipping undefined field. BaseType: 2, FieldDefId: 3, Reported size: 1, Glob msg: undefined",
        "Skipping undefined field. BaseType: 2, FieldDefId: 4, Reported size: 1, Glob msg: undefined",
        "Skipping undefined field. BaseType: 0, FieldDefId: 5, Reported size: 1, Glob msg: undefined",
        "Skipping undefined field. BaseType: 134, FieldDefId: 253, Reported size: 4, Glob msg: undefined",
        "Skipping undefined field. BaseType: 2, FieldDefId: 0, Reported size: 1, Glob msg: undefined",
        "Skipping undefined field. BaseType: 2, FieldDefId: 1, Reported size: 1, Glob msg: undefined",
        "Skipping undefined field. BaseType: 2, FieldDefId: 2, Reported size: 1, Glob msg: undefined",
        "Skipping undefined field. BaseType: 2, FieldDefId: 3, Reported size: 1, Glob msg: undefined",
        "Skipping undefined field. BaseType: 2, FieldDefId: 4, Reported size: 1, Glob msg: undefined",
        "Skipping undefined field. BaseType: 0, FieldDefId: 5, Reported size: 1, Glob msg: undefined",
        "Skipping undefined field. BaseType: 134, FieldDefId: 8, Reported size: 4, Glob msg: device_info",
        "Skipping undefined field. BaseType: 134, FieldDefId: 15, Reported size: 4, Glob msg: device_info",
        "Skipping undefined field. BaseType: 134, FieldDefId: 16, Reported size: 4, Glob msg: device_info",
        "Skipping undefined field. BaseType: 2, FieldDefId: 9, Reported size: 1, Glob msg: device_info",
        "Skipping undefined field. BaseType: 2, FieldDefId: 23, Reported size: 1, Glob msg: device_info",
        "Skipping undefined field. BaseType: 134, FieldDefId: 8, Reported size: 4, Glob msg: device_info",
        "Skipping undefined field. BaseType: 134, FieldDefId: 15, Reported size: 4, Glob msg: device_info",
        "Skipping undefined field. BaseType: 134, FieldDefId: 16, Reported size: 4, Glob msg: device_info",
        "Skipping undefined field. BaseType: 2, FieldDefId: 9, Reported size: 1, Glob msg: device_info",
        "Skipping undefined field. BaseType: 2, FieldDefId: 23, Reported size: 1, Glob msg: device_info",
        "Skipping undefined field. BaseType: 134, FieldDefId: 8, Reported size: 4, Glob msg: device_info",
        "Skipping undefined field. BaseType: 134, FieldDefId: 15, Reported size: 4, Glob msg: device_info",
        "Skipping undefined field. BaseType: 134, FieldDefId: 16, Reported size: 4, Glob msg: device_info",
        "Skipping undefined field. BaseType: 2, FieldDefId: 9, Reported size: 1, Glob msg: device_info",
        "Skipping undefined field. BaseType: 2, FieldDefId: 23, Reported size: 1, Glob msg: device_info",
        "Skipping undefined field. BaseType: 134, FieldDefId: 8, Reported size: 4, Glob msg: device_info",
        "Skipping undefined field. BaseType: 134, FieldDefId: 15, Reported size: 4, Glob msg: device_info",
        "Skipping undefined field. BaseType: 134, FieldDefId: 16, Reported size: 4, Glob msg: device_info",
        "Skipping undefined field. BaseType: 2, FieldDefId: 9, Reported size: 1, Glob msg: device_info",
        "Skipping undefined field. BaseType: 2, FieldDefId: 23, Reported size: 1, Glob msg: device_info",
        "Skipping undefined field. BaseType: 133, FieldDefId: 27, Reported size: 4, Glob msg: lap",
        "Skipping undefined field. BaseType: 133, FieldDefId: 28, Reported size: 4, Glob msg: lap",
        "Skipping undefined field. BaseType: 133, FieldDefId: 29, Reported size: 4, Glob msg: lap",
        "Skipping undefined field. BaseType: 133, FieldDefId: 30, Reported size: 4, Glob msg: lap",
        "Skipping undefined field. BaseType: 0, FieldDefId: 72, Reported size: 1, Glob msg: lap",
        "Skipping undefined field. BaseType: 133, FieldDefId: 27, Reported size: 4, Glob msg: lap",
        "Skipping undefined field. BaseType: 133, FieldDefId: 28, Reported size: 4, Glob msg: lap",
        "Skipping undefined field. BaseType: 133, FieldDefId: 29, Reported size: 4, Glob msg: lap",
        "Skipping undefined field. BaseType: 133, FieldDefId: 30, Reported size: 4, Glob msg: lap",
        "Skipping undefined field. BaseType: 0, FieldDefId: 72, Reported size: 1, Glob msg: lap",
        "Skipping undefined field. BaseType: 134, FieldDefId: 8, Reported size: 4, Glob msg: device_info",
        "Skipping undefined field. BaseType: 134, FieldDefId: 15, Reported size: 4, Glob msg: device_info",
        "Skipping undefined field. BaseType: 134, FieldDefId: 16, Reported size: 4, Glob msg: device_info",
        "Skipping undefined field. BaseType: 2, FieldDefId: 9, Reported size: 1, Glob msg: device_info",
        "Skipping undefined field. BaseType: 2, FieldDefId: 23, Reported size: 1, Glob msg: device_info",
        "Skipping undefined field. BaseType: 134, FieldDefId: 8, Reported size: 4, Glob msg: device_info",
        "Skipping undefined field. BaseType: 134, FieldDefId: 15, Reported size: 4, Glob msg: device_info",
        "Skipping undefined field. BaseType: 134, FieldDefId: 16, Reported size: 4, Glob msg: device_info",
        "Skipping undefined field. BaseType: 2, FieldDefId: 9, Reported size: 1, Glob msg: device_info",
        "Skipping undefined field. BaseType: 2, FieldDefId: 23, Reported size: 1, Glob msg: device_info",
        "Skipping undefined field. BaseType: 134, FieldDefId: 8, Reported size: 4, Glob msg: device_info",
        "Skipping undefined field. BaseType: 134, FieldDefId: 15, Reported size: 4, Glob msg: device_info",
        "Skipping undefined field. BaseType: 134, FieldDefId: 16, Reported size: 4, Glob msg: device_info",
        "Skipping undefined field. BaseType: 2, FieldDefId: 9, Reported size: 1, Glob msg: device_info",
        "Skipping undefined field. BaseType: 2, FieldDefId: 23, Reported size: 1, Glob msg: device_info",
        "Skipping undefined field. BaseType: 134, FieldDefId: 8, Reported size: 4, Glob msg: device_info",
        "Skipping undefined field. BaseType: 134, FieldDefId: 15, Reported size: 4, Glob msg: device_info",
        "Skipping undefined field. BaseType: 134, FieldDefId: 16, Reported size: 4, Glob msg: device_info",
        "Skipping undefined field. BaseType: 2, FieldDefId: 9, Reported size: 1, Glob msg: device_info",
        "Skipping undefined field. BaseType: 2, FieldDefId: 23, Reported size: 1, Glob msg: device_info",
        "Skipping undefined field. BaseType: 133, FieldDefId: 27, Reported size: 4, Glob msg: lap",
        "Skipping undefined field. BaseType: 133, FieldDefId: 28, Reported size: 4, Glob msg: lap",
        "Skipping undefined field. BaseType: 133, FieldDefId: 29, Reported size: 4, Glob msg: lap",
        "Skipping undefined field. BaseType: 133, FieldDefId: 30, Reported size: 4, Glob msg: lap",
        "Skipping undefined field. BaseType: 0, FieldDefId: 72, Reported size: 1, Glob msg: lap",
        "Skipping undefined field. BaseType: 0, FieldDefId: 81, Reported size: 1, Glob msg: session",
        "Skipping undefined field. BaseType: 134, FieldDefId: 253, Reported size: 4, Glob msg: undefined",
        "Skipping undefined field. BaseType: 134, FieldDefId: 2, Reported size: 4, Glob msg: undefined",
        "Skipping undefined field. BaseType: 134, FieldDefId: 3, Reported size: 4, Glob msg: undefined",
        "Skipping undefined field. BaseType: 134, FieldDefId: 4, Reported size: 4, Glob msg: undefined",
        "Skipping undefined field. BaseType: 132, FieldDefId: 0, Reported size: 2, Glob msg: undefined",
        "Skipping undefined field. BaseType: 0, FieldDefId: 1, Reported size: 1, Glob msg: undefined",
        "Skipping undefined field. BaseType: 0, FieldDefId: 5, Reported size: 1, Glob msg: undefined",
        "Skipping undefined field. BaseType: 134, FieldDefId: 253, Reported size: 4, Glob msg: undefined",
        "Skipping undefined field. BaseType: 134, FieldDefId: 2, Reported size: 4, Glob msg: undefined",
        "Skipping undefined field. BaseType: 134, FieldDefId: 3, Reported size: 4, Glob msg: undefined",
        "Skipping undefined field. BaseType: 134, FieldDefId: 4, Reported size: 4, Glob msg: undefined",
        "Skipping undefined field. BaseType: 132, FieldDefId: 0, Reported size: 2, Glob msg: undefined",
        "Skipping undefined field. BaseType: 0, FieldDefId: 1, Reported size: 1, Glob msg: undefined",
        "Skipping undefined field. BaseType: 0, FieldDefId: 5, Reported size: 1, Glob msg: undefined"
    ]
}