{
    "file_id": {
        "serial_number": 3863080999,
        "time_created": 809159322,
        "manufacturer": 1,
        "product": 1124,
        "type": 4
    },
    "file_creator": {
        "software_version": 250
    },
    "undefined": {},
    "device_info": {
        "timestamp": 809159322,
        "manufacturer": 1,
        "product": 1080,
        "software_version": 200.51,
        "device_index": 1,
        "device_type": 12
    },
    "activity": {
        "timestamp": "2015-08-26T14:49:48.000Z",
        "total_timer_time": 408.16,
        "num_sessions": 1,
        "event": 26,
        "event_type": 1
    },
    "records": [
        {
            "timestamp": "2015-08-22T06:28:42.000Z",
            "altitude": 106.79999999999995,
            "speed": 5.876
        },
        {
            "timestamp": "2015-08-22T06:28:43.000Z",
            "position_lat": 57.71780686452985,
            "position_long": 12.01729659922421,
            "altitude": 106.79999999999995,
            "speed": 4.921
        },
        {
            "timestamp": "2015-08-22T06:28:48.000Z",
            "position_lat": 57.71769027225673,
            "position_long": 12.017173217609525,
            "distance": 14.86,
            "altitude": 105.60000000000002,
            "speed": 3.573
        },
        {
            "timestamp": "2015-08-22T06:28:49.000Z",
            "position_lat": 57.71766998805106,
            "position_long": 12.01716030947864,
            "distance": 20.18,
            "altitude": 105.39999999999998,
            "speed": 3.549
        },
        {
            "timestamp": "2015-08-22T06:28:56.000Z",
            "position_lat": 57.71747519262135,
            "position_long": 12.017027540132403,
            "distance": 40.24,
            "altitude": 102.79999999999995,
            "speed": 3.126
        },
        {
            "timestamp": "2015-08-22T06:29:00.000Z",
            "position_lat": 57.717419285327196,
            "position_long": 12.01684900559485,
            "distance": 52.68,
            "altitude": 101.39999999999998,
            "speed": 3.203
        },
        {
            "timestamp": "2015-08-22T06:29:05.000Z",
            "position_lat": 57.71742154844105,
            "position_long": 12.016601068899035,
            "distance": 67.24,
            "altitude": 100,
            "speed": 3.088
        },
        {
            "timestamp": "2015-08-22T06:29:12.000Z",
            "position_lat": 57.717389445751905,
            "position_long": 12.016260512173176,
            "distance": 87.73,
            "altitude": 98.60000000000002,
            "speed": 3.223
        },
        {
            "timestamp": "2015-08-22T06:29:17.000Z",
            "position_lat": 57.71738424897194,
            "position_long": 12.016025315970182,
            "distance": 101.73,
            "altitude": 97.79999999999995,
            "speed": 3.158
        },
        {
            "timestamp": "2015-08-22T06:29:19.000Z",
            "position_lat": 57.717372765764594,
            "position_long": 12.015918781980872,
            "distance": 111.07,
            "altitude": 97.60000000000002,
            "speed": 3.231
        },
        {
            "timestamp": "2015-08-22T06:29:23.000Z",
            "position_lat": 57.71730520762503,
            "position_long": 12.015735218301415,
            "distance": 121.4,
            "altitude": 97.39999999999998,
            "speed": 3.068
        },
        {
            "timestamp": "2015-08-22T06:29:26.000Z",
            "position_lat": 57.71724259480834,
            "position_long": 12.015574956312776,
            "distance": 136.51,
            "altitude": 97.20000000000005,
            "speed": 3.362
        },
        {
            "timestamp": "2015-08-22T06:29:32.000Z",
            "position_lat": 57.7171584405005,
            "position_long": 12.0152697712183,
            "distance": 153.7,
            "altitude": 97,
            "speed": 3.807
        },
        {
            "timestamp": "2015-08-22T06:29:37.000Z",
            "position_lat": 57.71707596257329,
            "position_long": 12.015027785673738,
            "distance": 170.98,
            "altitude": 97,
            "speed": 3.823
        },
        {
            "timestamp": "2015-08-22T06:29:41.000Z",
            "position_lat": 57.71699666976929,
            "position_long": 12.01489258557558,
            "distance": 185.14,
            "altitude": 97,
            "speed": 3.313
        },
        {
            "timestamp": "2015-08-22T06:29:46.000Z",
            "position_lat": 57.71687404252589,
            "position_long": 12.014801809564233,
            "distance": 197.68,
            "altitude": 97,
            "speed": 3.055
        },
        {
            "timestamp": "2015-08-22T06:29:50.000Z",
            "position_lat": 57.716804975643754,
            "position_long": 12.014667531475425,
            "distance": 208.94,
            "altitude": 97,
            "speed": 2.927
        },
        {
            "timestamp": "2015-08-22T06:29:55.000Z",
            "position_lat": 57.71681251935661,
            "position_long": 12.014412470161915,
            "distance": 221.26,
            "altitude": 97,
            "speed": 3.072
        },
        {
            "timestamp": "2015-08-22T06:29:59.000Z",
            "position_lat": 57.71678318269551,
            "position_long": 12.014312725514174,
            "distance": 226.3,
            "altitude": 96.79999999999995,
            "speed": 2.566
        },
        {
            "timestamp": "2015-08-22T06:30:04.000Z",
            "position_lat": 57.716716630384326,
            "position_long": 12.014224464073777,
            "distance": 234.92,
            "altitude": 95.79999999999995,
            "speed": 2.065
        },
        {
            "timestamp": "2015-08-22T06:30:08.000Z",
            "position_lat": 57.716668266803026,
            "position_long": 12.014205437153578,
            "distance": 240.35,
            "altitude": 94.39999999999998,
            "speed": 1.667
        },
        {
            "timestamp": "2015-08-22T06:30:14.000Z",
            "position_lat": 57.716546561568975,
            "position_long": 12.014145171269774,
            "distance": 254.3,
            "altitude": 92,
            "speed": 1.888
        },
        {
            "timestamp": "2015-08-22T06:30:19.000Z",
            "position_lat": 57.7164520137012,
            "position_long": 12.014061352238059,
            "distance": 265.95,
            "altitude": 89.79999999999995,
            "speed": 2.298
        },
        {
            "timestamp": "2015-08-22T06:30:23.000Z",
            "position_lat": 57.71640859544277,
            "position_long": 12.013927660882473,
            "distance": 275.43,
            "altitude": 88.20000000000005,
            "speed": 2.389
        },
        {
            "timestamp": "2015-08-22T06:30:27.000Z",
            "position_lat": 57.71638252772391,
            "position_long": 12.0137950591743,
            "distance": 283.87,
            "altitude": 86.60000000000002,
            "speed": 2.305
        },
        {
            "timestamp": "2015-08-22T06:30:31.000Z",
            "position_lat": 57.71630139090121,
            "position_long": 12.013634964823723,
            "distance": 296.94,
            "altitude": 85.39999999999998,
            "speed": 2.632
        },
        {
            "timestamp": "2015-08-22T06:30:38.000Z",
            "position_lat": 57.716200556606054,
            "position_long": 12.013385435566306,
            "distance": 315.5,
            "altitude": 83.39999999999998,
            "speed": 2.847
        },
        {
            "timestamp": "2015-08-22T06:30:42.000Z",
            "position_lat": 57.71610952913761,
            "position_long": 12.013219809159636,
            "distance": 329.59,
            "altitude": 83,
            "speed": 3.005
        },
        {
            "timestamp": "2015-08-22T06:32:58.000Z",
            "position_lat": 57.71545238792896,
            "position_long": 12.011816343292594,
            "distance": 329.59,
            "altitude": 27.399999999999977,
            "speed": 1.018
        },
        {
            "timestamp": "2015-08-22T06:33:01.000Z",
            "position_lat": 57.71542011760175,
            "position_long": 12.011926732957363,
            "distance": 337.12,
            "altitude": 26.399999999999977,
            "speed": 1.934
        },
        {
            "timestamp": "2015-08-22T06:33:08.000Z",
            "position_lat": 57.71532238461077,
            "position_long": 12.012258907780051,
            "distance": 359.7,
            "altitude": 24.799999999999955,
            "speed": 2.663
        },
        {
            "timestamp": "2015-08-22T06:33:15.000Z",
            "position_lat": 57.71522465161979,
            "position_long": 12.012585634365678,
            "distance": 381.99,
            "altitude": 23.200000000000045,
            "speed": 3.457
        },
        {
            "timestamp": "2015-08-22T06:33:21.000Z",
            "position_lat": 57.715141251683235,
            "position_long": 12.012840444222093,
            "distance": 399.78,
            "altitude": 21.799999999999955,
            "speed": 3.354
        },
        {
            "timestamp": "2015-08-22T06:33:26.000Z",
            "position_lat": 57.715084087103605,
            "position_long": 12.013064911589026,
            "distance": 414.66,
            "altitude": 20.799999999999955,
            "speed": 3.011
        },
        {
            "timestamp": "2015-08-22T06:33:27.000Z",
            "position_lat": 57.715088026598096,
            "position_long": 12.013100367039442,
            "distance": 416.79,
            "altitude": 20.799999999999955,
            "speed": 2.923
        },
        {
            "timestamp": "2015-08-22T06:33:31.000Z",
            "position_lat": 57.71517436020076,
            "position_long": 12.013192735612392,
            "distance": 428,
            "altitude": 20.399999999999977,
            "speed": 2.841
        },
        {
            "timestamp": "2015-08-22T06:33:32.000Z",
            "position_lat": 57.71519799716771,
            "position_long": 12.01321117579937,
            "distance": 433.74,
            "altitude": 20.399999999999977,
            "speed": 2.836
        },
        {
            "timestamp": "2015-08-22T06:33:37.000Z",
            "position_lat": 57.71528575569391,
            "position_long": 12.01337831094861,
            "distance": 445.64,
            "altitude": 20,
            "speed": 2.818
        },
        {
            "timestamp": "2015-08-22T06:33:43.000Z",
            "position_lat": 57.715274691581726,
            "position_long": 12.013692297041416,
            "distance": 464.4,
            "altitude": 18.799999999999955,
            "speed": 3.04
        },
        {
            "timestamp": "2015-08-22T06:33:48.000Z",
            "position_lat": 57.71525566466153,
            "position_long": 12.013938557356596,
            "distance": 479.2,
            "altitude": 18.399999999999977,
            "speed": 3.061
        },
        {
            "timestamp": "2015-08-22T06:33:54.000Z",
            "position_lat": 57.71522272378206,
            "position_long": 12.014228319749236,
            "distance": 496.87,
            "altitude": 18,
            "speed": 2.964
        },
        {
            "timestamp": "2015-08-22T06:33:59.000Z",
            "position_lat": 57.71520109847188,
            "position_long": 12.014470221474767,
            "distance": 511.47,
            "altitude": 17.799999999999955,
            "speed": 2.942
        },
        {
            "timestamp": "2015-08-22T06:34:06.000Z",
            "position_lat": 57.71516983397305,
            "position_long": 12.014807593077421,
            "distance": 531.86,
            "altitude": 17.799999999999955,
            "speed": 2.944
        },
        {
            "timestamp": "2015-08-22T06:34:12.000Z",
            "position_lat": 57.715099677443504,
            "position_long": 12.01507086865604,
            "distance": 549.68,
            "altitude": 18.399999999999977,
            "speed": 2.932
        },
        {
            "timestamp": "2015-08-22T06:34:19.000Z",
            "position_lat": 57.71495182067156,
            "position_long": 12.015341268852353,
            "distance": 572.67,
            "altitude": 19,
            "speed": 3.123
        },
        {
            "timestamp": "2015-08-22T06:34:25.000Z",
            "position_lat": 57.714821230620146,
            "position_long": 12.015554504469037,
            "distance": 591.95,
            "altitude": 20,
            "speed": 3.242
        },
        {
            "timestamp": "2015-08-22T06:34:29.000Z",
            "position_lat": 57.71473975852132,
            "position_long": 12.01569146476686,
            "distance": 604.15,
            "altitude": 20.600000000000023,
            "speed": 3.181
        },
        {
            "timestamp": "2015-08-22T06:34:35.000Z",
            "position_lat": 57.71460489369929,
            "position_long": 12.015880895778537,
            "distance": 622.87,
            "altitude": 21.200000000000045,
            "speed": 3.126
        },
        {
            "timestamp": "2015-08-22T06:34:41.000Z",
            "position_lat": 57.714485200122,
            "position_long": 12.016059262678027,
            "distance": 639.9,
            "altitude": 21.399999999999977,
            "speed": 2.998
        },
        {
            "timestamp": "2015-08-22T06:34:46.000Z",
            "position_lat": 57.71438361145556,
            "position_long": 12.016191948205233,
            "distance": 653.71,
            "altitude": 21.600000000000023,
            "speed": 2.845
        },
        {
            "timestamp": "2015-08-22T06:34:51.000Z",
            "position_lat": 57.71426727063954,
            "position_long": 12.016305439174175,
            "distance": 668.38,
            "altitude": 21.600000000000023,
            "speed": 2.864
        },
        {
            "timestamp": "2015-08-22T06:34:56.000Z",
            "position_lat": 57.71414816379547,
            "position_long": 12.01639805920422,
            "distance": 682.72,
            "altitude": 21.600000000000023,
            "speed": 2.844
        },
        {
            "timestamp": "2015-08-22T06:35:02.000Z",
            "distance": 695.04,
            "altitude": 21.600000000000023,
            "speed": 3.138
        },
        {
            "timestamp": "2015-08-22T06:35:07.000Z",
            "position_lat": 57.71387541666627,
            "position_long": 12.016639709472656,
            "distance": 716.4,
            "altitude": 21.600000000000023,
            "speed": 3.329
        },
        {
            "timestamp": "2015-08-22T06:35:12.000Z",
            "position_lat": 57.71374884992838,
            "position_long": 12.016759738326073,
            "distance": 732.13,
            "altitude": 21.600000000000023,
            "speed": 3.623
        },
        {
            "timestamp": "2015-08-22T06:35:17.000Z",
            "position_lat": 57.713624043390155,
            "position_long": 12.016877420246601,
            "distance": 747.72,
            "altitude": 21.600000000000023,
            "speed": 3.361
        },
        {
            "timestamp": "2015-08-22T06:35:23.000Z",
            "position_lat": 57.71347534842789,
            "position_long": 12.017012368887663,
            "distance": 766.15,
            "altitude": 21.600000000000023,
            "speed": 3.076
        },
        {
            "timestamp": "2015-08-22T06:35:27.000Z",
            "position_lat": 57.71338675171137,
            "position_long": 12.017088057473302,
            "distance": 777.02,
            "altitude": 21.600000000000023,
            "speed": 2.953
        },
        {
            "timestamp": "2015-08-22T06:35:32.000Z",
            "position_lat": 57.713271249085665,
            "position_long": 12.017254019156098,
            "distance": 793.27,
            "altitude": 22,
            "speed": 3.033
        },
        {
            "timestamp": "2015-08-22T06:35:37.000Z",
            "position_lat": 57.71315180696547,
            "position_long": 12.017349991947412,
            "distance": 807.8,
            "altitude": 22.799999999999955,
            "speed": 3.011
        },
        {
            "timestamp": "2015-08-22T06:35:43.000Z",
            "position_lat": 57.713023060932755,
            "position_long": 12.017488209530711,
            "distance": 824.33,
            "altitude": 23.200000000000045,
            "speed": 2.878
        },
        {
            "timestamp": "2015-08-22T06:35:50.000Z",
            "position_lat": 57.71286841481924,
            "position_long": 12.017649980261922,
            "distance": 846.56,
            "altitude": 23.399999999999977,
            "speed": 2.794
        },
        {
            "timestamp": "2015-08-22T06:35:54.000Z",
            "position_lat": 57.71289171651006,
            "position_long": 12.017795657739043,
            "distance": 853.95,
            "altitude": 23.600000000000023,
            "speed": 2.698
        },
        {
            "timestamp": "2015-08-22T06:35:55.000Z",
            "position_lat": 57.7129066362977,
            "position_long": 12.01782968826592,
            "distance": 856.57,
            "altitude": 23.600000000000023,
            "speed": 2.702
        },
        {
            "timestamp": "2015-08-22T06:36:00.000Z",
            "position_lat": 57.712978636845946,
            "position_long": 12.017987184226513,
            "distance": 868.92,
            "altitude": 23.799999999999955,
            "speed": 2.557
        },
        {
            "timestamp": "2015-08-22T06:36:07.000Z",
            "position_lat": 57.7131072152406,
            "position_long": 12.018231600522995,
            "distance": 889.43,
            "altitude": 24.799999999999955,
            "speed": 2.961
        },
        {
            "timestamp": "2015-08-22T06:36:12.000Z",
            "position_lat": 57.71319975145161,
            "position_long": 12.018400663509965,
            "distance": 903.87,
            "altitude": 25.200000000000045,
            "speed": 3.138
        },
        {
            "timestamp": "2015-08-22T06:36:17.000Z",
            "position_lat": 57.713316176086664,
            "position_long": 12.01855681836605,
            "distance": 919.93,
            "altitude": 25.399999999999977,
            "speed": 3.352
        },
        {
            "timestamp": "2015-08-22T06:36:22.000Z",
            "position_lat": 57.713411981239915,
            "position_long": 12.01875320635736,
            "distance": 936.13,
            "altitude": 25.600000000000023,
            "speed": 3.186
        },
        {
            "timestamp": "2015-08-22T06:36:29.000Z",
            "position_lat": 57.71342790685594,
            "position_long": 12.019115053117275,
            "distance": 957.85,
            "altitude": 25.600000000000023,
            "speed": 3.152
        },
        {
            "timestamp": "2015-08-22T06:36:33.000Z",
            "position_lat": 57.71340376697481,
            "position_long": 12.019275650382042,
            "distance": 967.81,
            "altitude": 25.600000000000023,
            "speed": 2.915
        },
        {
            "timestamp": "2015-08-22T06:36:34.000Z",
            "position_lat": 57.71340946666896,
            "position_long": 12.019302137196064,
            "distance": 969.48,
            "altitude": 25.600000000000023,
            "speed": 2.781
        },
        {
            "timestamp": "2015-08-22T06:36:38.000Z",
            "position_lat": 57.71342924796045,
            "position_long": 12.019323008134961,
            "distance": 973.11,
            "altitude": 25.799999999999955,
            "speed": 2.121
        },
        {
            "timestamp": "2015-08-22T06:36:42.000Z",
            "position_lat": 57.713406113907695,
            "position_long": 12.019277410581708,
            "distance": 977.09,
            "altitude": 25.799999999999955,
            "speed": 1.359
        },
        {
            "timestamp": "2015-08-22T06:36:43.000Z",
            "position_lat": 57.71340334787965,
            "position_long": 12.019272716715932,
            "distance": 977.45,
            "altitude": 25.799999999999955,
            "speed": 1.152
        },
        {
            "timestamp": "2015-08-22T06:36:44.000Z",
            "position_lat": 57.713395887985826,
            "position_long": 12.01927657239139,
            "distance": 978.3,
            "altitude": 25.799999999999955,
            "speed": 1.028
        },
        {
            "timestamp": "2015-08-22T06:36:48.000Z",
            "position_lat": 57.71338599734008,
            "position_long": 12.0192726328969,
            "distance": 979.76,
            "altitude": 25.799999999999955,
            "speed": 0.497
        },
        {
            "timestamp": "2015-08-22T06:36:54.000Z",
            "position_lat": 57.71338960155845,
            "position_long": 12.01926140114665,
            "distance": 980.95,
            "altitude": 25.799999999999955
        },
        {
            "timestamp": "2015-08-22T06:37:00.000Z",
            "position_lat": 57.713376777246594,
            "position_long": 12.019261652603745,
            "distance": 983.2,
            "altitude": 25.799999999999955
        },
        {
            "timestamp": "2015-08-22T06:37:05.000Z",
            "position_lat": 57.713367473334074,
            "position_long": 12.019266681745648,
            "distance": 985.09,
            "altitude": 25.799999999999955,
            "speed": 0.57
        },
        {
            "timestamp": "2015-08-22T06:37:10.000Z",
            "position_lat": 57.71337417885661,
            "position_long": 12.01926626265049,
            "distance": 986.16,
            "altitude": 25.799999999999955
        },
        {
            "timestamp": "2015-08-22T06:37:24.000Z",
            "position_lat": 57.71338247694075,
            "position_long": 12.01926483772695,
            "distance": 987.59,
            "altitude": 25.799999999999955
        },
        {
            "timestamp": "2015-08-22T06:37:31.000Z",
            "position_lat": 57.71338582970202,
            "position_long": 12.01928235590458,
            "distance": 988.5,
            "altitude": 25.799999999999955
        },
        {
            "timestamp": "2015-08-22T06:37:45.000Z",
            "position_lat": 57.71338775753975,
            "position_long": 12.01927212998271,
            "distance": 989.15,
            "altitude": 25.799999999999955
        }
    ],
    "sessions": [
        {
            "timestamp": "2015-08-26T14:49:48.000Z",
            "start_time": "2015-08-22T06:28:42.000Z",
            "start_position_lat": 57.7178783621639,
            "start_position_long": 12.017368767410517,
            "total_elapsed_time": 543.44,
            "total_timer_time": 408.16,
            "total_distance": 989.15,
            "total_calories": 85,
            "avg_speed": 2.423,
            "max_speed": 4.921,
            "total_ascent": 8,
            "total_descent": 89,
            "num_laps": 1,
            "event": 8,
            "event_type": 1,
            "sport": 1
        }
    ],
    "laps": [
        {
            "timestamp": "2015-08-22T06:37:45.000Z",
            "start_time": "2015-08-22T06:28:42.000Z",
            "start_position_lat": 57.7178783621639,
            "start_position_long": 12.017368767410517,
            "end_position_lat": 57.71338767372072,
            "end_position_long": 12.019272465258837,
            "total_elapsed_time": 543.44,
            "total_timer_time": 408.16,
            "total_distance": 989.15,
            "total_calories": 85,
            "avg_speed": 2.424,
            "max_speed": 4.921,
            "total_ascent": 8,
            "total_descent": 88,
            "event": 9,
            "event_type": 1,
            "sport": 1
        }
    ],
    "events": [
        {
            "timestamp": 809159322
        },
        {
            "timestamp": 809159322,
            "data": 4076,
            "event": 11,
            "event_type": 3
        },
        {
            "timestamp": 809159443,
            "event_type": 4
        },
        {
            "timestamp": 809159564,
            "event": 21,
            "event_type": 3
        },
        {
            "timestamp": 809159578
        },
        {
            "timestamp": 809159865,
            "event_type": 4
        },
        {
            "timestamp": 809159985,
            "event": 21,
            "event_type": 3
        },
        {
            "timestamp": 809160199,
            "event": 5,
            "event_type": 4
        },
        {
            "timestamp": 809342414,
            "event": 6,
            "event_type": 4
        },
        {
            "timestamp": 809342445,
            "event": 5,
            "event_type": 4
        },
        {
            "timestamp": 809342460,
            "event": 6,
            "event_type": 4
        },
        {
            "timestamp": 809342522,
            "event": 5,
            "event_type": 4
        },
        {
            "timestamp": 809342534,
            "event": 6,
            "event_type": 4
        },
        {
            "timestamp": 809342595,
            "event": 5,
            "event_type": 4
        },
        {
            "timestamp": 809435688,
            "event": 6,
            "event_type": 4
        },
        {
            "timestamp": 809435719,
            "event": 5,
            "event_type": 4
        },
        {
            "timestamp": 809534848,
            "event": 6,
            "event_type": 4
        },
        {
            "timestamp": 809534988,
            "data": 1,
            "event": 8,
            "event_type": 9,
            "event_group": 1
        }
    ],
    "_fileHeader_": {
        "headerSize": 14,
        "protocolVersion": 16,
        "profileVersion": 135,
        "dataSize": 3428,
        "protocolVersionMajor": 1,
        "protocolVersionMinor": 0,
        "profileVersionMajor": 1,
        "profileVersionMinor": 35,
        "estimatedFitFileSize": 3444,
        "dataType": ".FIT",
        "headerCRC": 0,
        "CRC": 52501,
        "verifyCRC": 52501
    },
    "_info_": [
        "Header CRC was not stored in the file",
        "Skipping undefined field. BaseType: 134, FieldDefId: 253, Reported size: 4, Glob msg: undefined",
        "Skipping undefined field. BaseType: 132, FieldDefId: 0, Reported size: 2, Glob msg: undefined",
        "Skipping undefined field. BaseType: 132, FieldDefId: 3, Reported size: 2, Glob msg: undefined",
        "Skipping undefined field. BaseType: 2, FieldDefId: 1, Reported size: 1, Glob msg: undefined",
        "Skipping undefined field. BaseType: 2, FieldDefId: 2, Reported size: 1, Glob msg: undefined",
        "Skipping undefined field. BaseType: 0, FieldDefId: 4, Reported size: 1, Glob msg: undefined",
        "Skipping undefined field. BaseType: 0, FieldDefId: 5, Reported size: 1, Glob msg: undefined",
        "Skipping undefined field. BaseType: 2, FieldDefId: 6, Reported size: 1, Glob msg: undefined",
        "Skipping undefined field. BaseType: 1, FieldDefId: 7, Reported size: 1, Glob msg: undefined",
        "Skipping undefined field. BaseType: 134, FieldDefId: 8, Reported size: 4, Glob msg: device_info",
        "Skipping undefined field. BaseType: 134, FieldDefId: 8, Reported size: 4, Glob msg: device_info",
        "Skipping undefined field. BaseType: 134, FieldDefId: 253, Reported size: 4, Glob msg: undefined",
        "Skipping undefined field. BaseType: 2, FieldDefId: 0, Reported size: 1, Glob msg: undefined",
        "Skipping undefined field. BaseType: 2, FieldDefId: 1, Reported size: 1, Glob msg: undefined",
        "Skipping undefined field. BaseType: 2, FieldDefId: 2, Reported size: 1, Glob msg: undefined",
        "Skipping undefined field. BaseType: 2, FieldDefId: 3, Reported size: 1, Glob msg: undefined",
        "Skipping undefined field. BaseType: 2, FieldDefId: 4, Reported size: 1, Glob msg: undefined",
        "Skipping undefined field. BaseType: 0, FieldDefId: 5, Reported size: 1, Glob msg: undefined",
        "Skipping undefined field. BaseType: 2, FieldDefId: 6, Reported size: 1, Glob msg: undefined",
        "Skipping undefined field. BaseType: 134, FieldDefId: 253, Reported size: 4, Glob msg: undefined",
        "Skipping undefined field. BaseType: 2, FieldDefId: 0, Reported size: 1, Glob msg: undefined",
        "Skipping undefined field. BaseType: 2, FieldDefId: 1, Reported size: 1, Glob msg: undefined",
        "Skipping undefined field. BaseType: 2, FieldDefId: 2, Reported size: 1, Glob msg: undefined",
        "Skipping undefined field. BaseType: 2, FieldDefId: 3, Reported size: 1, Glob msg: undefined",
        "Skipping undefined field. BaseType: 2, FieldDefId: 4, Reported size: 1, Glob msg: undefined",
        "Skipping undefined field. BaseType: 0, FieldDefId: 5, Reported size: 1, Glob msg: undefined",
        "Skipping undefined field. BaseType: 2, FieldDefId: 6, Reported size: 1, Glob msg: undefined",
        "Skipping undefined field. BaseType: 134, FieldDefId: 253, Reported size: 4, Glob msg: undefined",
        "Skipping undefined field. BaseType: 2, FieldDefId: 0, Reported size: 1, Glob msg: undefined",
        "Skipping undefined field. BaseType: 2, FieldDefId: 1, Reported size: 1, Glob msg: undefined",
        "Skipping undefined field. BaseType: 2, FieldDefId: 2, Reported size: 1, Glob msg: undefined",
        "Skipping undefined field. BaseType: 2, FieldDefId: 3, Reported size: 1, Glob msg: undefined",
        "Skipping undefined field. BaseType: 2, FieldDefId: 4, Reported size: 1, Glob msg: undefined",
        "Skipping undefined field. BaseType: 0, FieldDefId: 5, Reported size: 1, Glob msg: undefined",
        "Skipping undefined field. BaseType: 2, FieldDefId: 6, Reported size: 1, Glob msg: undefined",
        "Skipping undefined field. BaseType: 134, FieldDefId: 253, Reported size: 4, Glob msg: undefined",
        "Skipping undefined field. BaseType: 2, FieldDefId: 0, Reported size: 1, Glob msg: undefined",
        "Skipping undefined field. BaseType: 2, FieldDefId: 1, Reported size: 1, Glob msg: undefined",
        "Skipping undefined field. BaseType: 2, FieldDefId: 2, Reported size: 1, Glob msg: undefined",
        "Skipping undefined field. BaseType: 2, FieldDefId: 3, Reported size: 1, Glob msg: undefined",
        "Skipping undefined field. BaseType: 2, FieldDefId: 4, Reported size: 1, Glob msg: undefined",
        "Skipping undefined field. BaseType: 0, FieldDefId: 5, Reported size: 1, Glob msg: undefined",
        "Skipping undefined field. BaseType: 2, FieldDefId: 6, Reported size: 1, Glob msg: undefined",
        "Skipping undefined field. BaseType: 134, FieldDefId: 253, Reported size: 4, Glob msg: undefined",
        "Skipping undefined field. BaseType: 2, FieldDefId: 0, Reported size: 1, Glob msg: undefined",
        "Skipping undefined field. BaseType: 2, FieldDefId: 1, Reported size: 1, Glob msg: undefined",
        "Skipping undefined field. BaseType: 2, FieldDefId: 2, Reported size: 1, Glob msg: undefined",
        "Skipping undefined field. BaseType: 2, FieldDefId: 3, Reported size: 1, Glob msg: undefined",
        "Skipping undefined field. BaseType: 2, FieldDefId: 4, Reported size: 1, Glob msg: undefined",
        "Skipping undefined field. BaseType: 0, FieldDefId: 5, Reported size: 1, Glob msg: undefined",
        "Skipping undefined field. BaseType: 2, FieldDefId: 6, Reported size: 1, Glob msg: undefined",
        "Skipping undefined field. BaseType: 134, FieldDefId: 253, Reported size: 4, Glob msg: undefined",
        "Skipping undefined field. BaseType: 2, FieldDefId: 0, Reported size: 1, Glob msg: undefined",
        "Skipping undefined field. BaseType: 2, FieldDefId: 1, Reported size: 1, Glob msg: undefined",
        "Skipping undefined field. BaseType: 2, FieldDefId: 2, Reported size: 1, Glob msg: undefined",
        "Skipping undefined field. BaseType: 2, FieldDefId: 3, Reported size: 1, Glob msg: undefined",
        "Skipping undefined field. BaseType: 2, FieldDefId: 4, Reported size: 1, Glob msg: undefined",
        "Skipping undefined field. BaseType: 0, FieldDefId: 5, Reported size: 1, Glob msg: undefined",
        "Skipping undefined field. BaseType: 2, FieldDefId: 6, Reported size: 1, Glob msg: undefined",
        "Skipping undefined field. BaseType: 134, FieldDefId: 253, Reported size: 4, Glob msg: undefined",
        "Skipping undefined field. BaseType: 2, FieldDefId: 0, Reported size: 1, Glob msg: undefined",
        "Skipping undefined field. BaseType: 2, FieldDefId: 1, Reported size: 1, Glob msg: undefined",
        "Skipping undefined field. BaseType: 2, FieldDefId: 2, Reported size: 1, Glob msg: undefined",
        "Skipping undefined field. BaseType: 2, FieldDefId: 3, Reported size: 1, Glob msg: undefined",
        "Skipping undefined field. BaseType: 2, FieldDefId: 4, Reported size: 1, Glob msg: undefined",
        "Skipping undefined field. BaseType: 0, FieldDefId: 5, Reported size: 1, Glob msg: undefined",
        "Skipping undefined field. BaseType: 2, FieldDefId: 6, Reported size: 1, Glob msg: undefined",
        "Skipping undefined field. BaseType: 134, FieldDefId: 253, Reported size: 4, Glob msg: undefined",
        "Skipping undefined field. BaseType: 2, FieldDefId: 0, Reported size: 1, Glob msg: undefined",
        "Skipping undefined field. BaseType: 2, FieldDefId: 1, Reported size: 1, Glob msg: undefined",
        "Skipping undefined field. BaseType: 2, FieldDefId: 2, Reported size: 1, Glob msg: undefined",
        "Skipping undefined field. BaseType: 2, FieldDefId: 3, Reported size: 1, Glob msg: undefined",
        "Skipping undefined field. BaseType: 2, FieldDefId: 4, Reported size: 1, Glob msg: undefined",
        "Skipping undefined field. BaseType: 0, FieldDefId: 5, Reported size: 1, Glob msg: undefined",
        "Skipping undefined field. BaseType: 2, FieldDefId: 6, Reported size: 1, Glob msg: undefined",
        "Skipping undefined field. BaseType: 134, FieldDefId: 253, Reported size: 4, Glob msg: undefined",
        "Skipping undefined field. BaseType: 2, FieldDefId: 0, Reported size: 1, Glob msg: undefined",
        "Skipping undefined field. BaseType: 2, FieldDefId: 1, Reported size: 1, Glob msg: undefined",
        "Skipping undefined field. BaseType: 2, FieldDefId: 2, Reported size: 1, Glob msg: undefined",
        "Skipping undefined field. BaseType: 2, FieldDefId: 3, Reported size: 1, Glob msg: undefined",
        "Skipping undefined field. BaseType: 2, FieldDefId: 4, Reported size: 1, Glob msg: undefined",
        "Skipping undefined field. BaseType: 0, FieldDefId: 5, Reported size: 1, Glob msg: undefined",
        "Skipping undefined field. BaseType: 2, FieldDefId: 6, Reported size: 1, Glob msg: undefined",
        "Skipping undefined field. BaseType: 134, FieldDefId: 253, Reported size: 4, Glob msg: undefined",
        "Skipping undefined field. BaseType: 2, FieldDefId: 0, Reported size: 1, Glob msg: undefined",
        "Skipping undefined field. BaseType: 2, FieldDefId: 1, Reported size: 1, Glob msg: undefined",
        "Skipping undefined field. BaseType: 2, FieldDefId: 2, Reported size: 1, Glob msg: undefined",
        "Skipping undefined field. BaseType: 2, FieldDefId: 3, Reported size: 1, Glob msg: undefined",
        "Skipping undefined field. BaseType: 2, FieldDefId: 4, Reported size: 1, Glob msg: undefined",
        "Skipping undefined field. BaseType: 0, FieldDefId: 5, Reported size: 1, Glob msg: undefined",
        "Skipping undefined field. BaseType: 2, FieldDefId: 6, Reported size: 1, Glob msg: undefined",
        "Skipping undefined field. BaseType: 134, FieldDefId: 253, Reported size: 4, Glob msg: undefined",
        "Skipping undefined field. BaseType: 2, FieldDefId: 0, Reported size: 1, Glob msg: undefined",
        "Skipping undefined field. BaseType: 2, FieldDefId: 1, Reported size: 1, Glob msg: undefined",
        "Skipping undefined field. BaseType: 2, FieldDefId: 2, Reported size: 1, Glob msg: undefined",
        "Skipping undefined field. BaseType: 2, FieldDefId: 3, Reported size: 1, Glob msg: undefined",
        "Skipping undefined field. BaseType: 2, FieldDefId: 4, Reported size: 1, Glob msg: undefined",
        "Skipping undefined field. BaseType: 0, FieldDefId: 5, Reported size: 1, Glob msg: undefined",
        "Skipping undefined field. BaseType: 2, FieldDefId: 6, Reported size: 1, Glob msg: undefined",
        "Skipping undefined field. BaseType: 134, FieldDefId: 253, Reported size: 4, Glob msg: undefined",
        "Skipping undefined field. BaseType: 2, FieldDefId: 0, Reported size: 1, Glob msg: undefined",
        "Skipping undefined field. BaseType: 2, FieldDefId: 1, Reported size: 1, Glob msg: undefined",
        "Skipping undefined field. BaseType: 2, FieldDefId: 2, Reported size: 1, Glob msg: undefined",
        "Skipping undefined field. BaseType: 2, FieldDefId: 3, Reported size: 1, Glob msg: undefined",
        "Skipping undefined field. BaseType: 2, FieldDefId: 4, Reported size: 1, Glob msg: undefined",
        "Skipping undefined field. BaseType: 0, FieldDefId: 5, Reported size: 1, Glob msg: undefined",
        "Skipping undefined field. BaseType: 2, FieldDefId: 6, Reported size: 1, Glob msg: undefined",
        "Skipping undefined field. BaseType: 134, FieldDefId: 253, Reported size: 4, Glob msg: undefined",
        "Skipping undefined field. BaseType: 2, FieldDefId: 0, Reported size: 1, Glob msg: undefined",
        "Skipping undefined field. BaseType: 2, FieldDefId: 1, Reported size: 1, Glob msg: undefined",
        "Skipping undefined field. BaseType: 2, FieldDefId: 2, Reported size: 1, Glob msg: undefined",
        "Skipping undefined field. BaseType: 2, FieldDefId: 3, Reported size: 1, Glob msg: undefined",
        "Skipping undefined field. BaseType: 2, FieldDefId: 4, Reported size: 1, Glob msg: undefined",
        "Skipping undefined field. BaseType: 0, FieldDefId: 5, Reported size: 1, Glob msg: undefined",
        "Skipping undefined field. BaseType: 2, FieldDefId: 6, Reported size: 1, Glob msg: undefined",
        "Skipping undefined field. BaseType: 134, FieldDefId: 253, Reported size: 4, Glob msg: undefined",
        "Skipping undefined field. BaseType: 2, FieldDefId: 0, Reported size: 1, Glob msg: undefined",
        "Skipping undefined field. BaseType: 2, FieldDefId: 1, Reported size: 1, Glob msg: undefined",
        "Skipping undefined field. BaseType: 2, FieldDefId: 2, Reported size: 1, Glob msg: undefined",
        "Skipping undefined field. BaseType: 2, FieldDefId: 3, Reported size: 1, Glob msg: undefined",
        "Skipping undefined field. BaseType: 2, FieldDefId: 4, Reported size: 1, Glob msg: undefined",
        "Skipping undefined field. BaseType: 0, FieldDefId: 5, Reported size: 1, Glob msg: undefined",
        "Skipping undefined field. BaseType: 2, FieldDefId: 6, Reported size: 1, Glob msg: undefined",
        "Skipping undefined field. BaseType: 134, FieldDefId: 253, Reported size: 4, Glob msg: undefined",
        "Skipping undefined field. BaseType: 2, FieldDefId: 0, Reported size: 1, Glob msg: undefined",
        "Skipping undefined field. BaseType: 2, FieldDefId: 1, Reported size: 1, Glob msg: undefined",
        "Skipping undefined field. BaseType: 2, FieldDefId: 2, Reported size: 1, Glob msg: undefined",
        "Skipping undefined field. BaseType: 2, FieldDefId: 3, Reported size: 1, Glob msg: undefined",
        "Skipping undefined field. BaseType: 2, FieldDefId: 4, Reported size: 1, Glob msg: undefined",
        "Skipping undefined field. BaseType: 0, FieldDefId: 5, Reported size: 1, Glob msg: undefined",
        "Skipping undefined field. BaseType: 2, FieldDefId: 6, Reported size: 1, Glob msg: undefined",
        "Skipping undefined field. BaseType: 134, FieldDefId: 253, Reported size: 4, Glob msg: undefined",
        "Skipping undefined field. BaseType: 2, FieldDefId: 0, Reported size: 1, Glob msg: undefined",
        "Skipping undefined field. BaseType: 2, FieldDefId: 1, Reported size: 1, Glob msg: undefined",
        "Skipping undefined field. BaseType: 2, FieldDefId: 2, Reported size: 1, Glob msg: undefined",
        "Skipping undefined field. BaseType: 2, FieldDefId: 3, Reported size: 1, Glob msg: undefined",
        "Skipping undefined field. BaseType: 2, FieldDefId: 4, Reported size: 1, Glob msg: undefined",
        "Skipping undefined field. BaseType: 0, FieldDefId: 5, Reported size: 1, Glob msg: undefined",
        "Skipping undefined field. BaseType: 2, FieldDefId: 6, Reported size: 1, Glob msg: undefined",
        "Skipping undefined field. BaseType: 134, FieldDefId: 253, Reported size: 4, Glob msg: undefined",
        "Skipping undefined field. BaseType: 2, FieldDefId: 0, Reported size: 1, Glob msg: undefined",
        "Skipping undefined field. BaseType: 2, FieldDefId: 1, Reported size: 1, Glob msg: undefined",
        "Skipping undefined field. BaseType: 2, FieldDefId: 2, Reported size: 1, Glob msg: undefined",
        "Skipping undefined field. BaseType: 2, FieldDefId: 3, Reported size: 1, Glob msg: undefined",
        "Skipping undefined field. BaseType: 2, FieldDefId: 4, Reported size: 1, Glob msg: undefined",
        "Skipping undefined field. BaseType: 0, FieldDefId: 5, Reported size: 1, Glob msg: undefined",
        "Skipping undefined field. BaseType: 2, FieldDefId: 6, Reported size: 1, Glob msg: undefined",
        "Skipping undefined field. BaseType: 134, FieldDefId: 253, Reported size: 4, Glob msg: undefined",
        "Skipping undefined field. BaseType: 2, FieldDefId: 0, Reported size: 1, Glob msg: undefined",
        "Skipping undefined field. BaseType: 2, FieldDefId: 1, Reported size: 1, Glob msg: undefined",
        "Skipping undefined field. BaseType: 2, FieldDefId: 2, Reported size: 1, Glob msg: undefined",
        "Skipping undefined field. BaseType: 2, FieldDefId: 3, Reported size: 1, Glob msg: undefined",
        "Skipping undefined field. BaseType: 2, FieldDefId: 4, Reported size: 1, Glob msg: undefined",
        "Skipping undefined field. BaseType: 0, FieldDefId: 5, Reported size: 1, Glob msg: undefined",
        "Skipping undefined field. BaseType: 2, FieldDefId: 6, Reported size: 1, Glob msg: undefined"
    ]
}